scene,image_path,labels
20180807_145028,assets/a2d2/camera/20180807_145028/20180807145028_camera_frontcenter_000000091.png,Bicycle;Buildings;Car;Drivable cobblestone;Grid structure;Nature object;Obstacles / trash;Parking area;Pedestrian;Poles;RD normal street;Sidewalk;Sky;Solid line;Truck
20180807_145028,assets/a2d2/camera/20180807_145028/20180807145028_camera_frontcenter_000000891.png,Buildings;Car;Drivable cobblestone;Grid structure;Nature object;Parking area;Poles;RD normal street;Sidewalk;Sky;Slow drive area;Traffic guide obj.;Traffic sign
20180807_145028,assets/a2d2/camera/20180807_145028/20180807145028_camera_frontcenter_000002031.png,Buildings;Car;Dashed line;Grid structure;Nature object;Poles;RD normal street;Sidewalk;Sky;Solid line;Traffic sign
20180807_145028,assets/a2d2/camera/20180807_145028/20180807145028_camera_frontcenter_000002788.png,Buildings;Car;Dashed line;Grid structure;Irrelevant signs;Nature object;Poles;RD normal street;Road blocks;Sidebars;Sky;Solid line
20180807_145028,assets/a2d2/camera/20180807_145028/20180807145028_camera_frontcenter_000003571.png,Buildings;Car;Dashed line;Drivable cobblestone;Grid structure;Nature object;Painted driv. instr.;RD normal street;Sidebars;Sidewalk;Sky;Solid line;Truck
20180807_145028,assets/a2d2/camera/20180807_145028/20180807145028_camera_frontcenter_000004237.png,Buildings;Car;Dashed line;Drivable cobblestone;Grid structure;Nature object;Poles;RD normal street;Sidewalk;Signal corpus;Sky;Solid line;Traffic signal;Truck
20180807_145028,assets/a2d2/camera/20180807_145028/20180807145028_camera_frontcenter_000004767.png,Buildings;Car;Dashed line;Drivable cobblestone;Grid structure;Nature object;Poles;RD normal street;Sidewalk;Sky;Solid line;Truck
20180807_145028,assets/a2d2/camera/20180807_145028/20180807145028_camera_frontcenter_000005466.png,Buildings;Car;Curbstone;Dashed line;Drivable cobblestone;Irrelevant signs;Nature object;Non-drivable street;Obstacles / trash;Poles;RD normal street;Sidewalk;Signal corpus;Sky;Solid line;Traffic sign;Truck
20180807_145028,assets/a2d2/camera/20180807_145028/20180807145028_camera_frontcenter_000006176.png,Buildings;Car;Curbstone;Dashed line;Drivable cobblestone;Irrelevant signs;Nature object;Obstacles / trash;Poles;RD normal street;Sidewalk;Sky;Traffic sign
20180807_145028,assets/a2d2/camera/20180807_145028/20180807145028_camera_frontcenter_000006925.png,Bicycle;Buildings;Car;Curbstone;Dashed line;Irrelevant signs;Nature object;Obstacles / trash;Painted driv. instr.;Poles;RD normal street;Sidewalk;Signal corpus;Sky;Solid line;Traffic sign;Traffic signal
20180807_145028,assets/a2d2/camera/20180807_145028/20180807145028_camera_frontcenter_000007693.png,Buildings;Car;Curbstone;Dashed line;Drivable cobblestone;Irrelevant signs;Nature object;Obstacles / trash;Poles;RD normal street;Sidewalk;Signal corpus;Sky;Traffic sign
20180807_145028,assets/a2d2/camera/20180807_145028/20180807145028_camera_frontcenter_000008347.png,Buildings;Car;Curbstone;Dashed line;Drivable cobblestone;Irrelevant signs;Nature object;Obstacles / trash;Poles;RD normal street;Sidewalk;Signal corpus;Sky;Traffic sign
20180807_145028,assets/a2d2/camera/20180807_145028/20180807145028_camera_frontcenter_000009195.png,Bicycle;Buildings;Car;Curbstone;Dashed line;Drivable cobblestone;Irrelevant signs;Nature object;Obstacles / trash;Pedestrian;Poles;RD normal street;Sidewalk;Signal corpus;Sky;Traffic sign
20180807_145028,assets/a2d2/camera/20180807_145028/20180807145028_camera_frontcenter_000009789.png,Buildings;Car;Dashed line;Grid structure;Irrelevant signs;Nature object;Poles;RD normal street;Sidewalk;Sky;Solid line;Truck
20180807_145028,assets/a2d2/camera/20180807_145028/20180807145028_camera_frontcenter_000010313.png,Buildings;Car;Curbstone;Dashed line;Drivable cobblestone;Grid structure;Irrelevant signs;Nature object;Poles;RD normal street;Sidewalk;Signal corpus;Sky;Solid line;Traffic sign
20180807_145028,assets/a2d2/camera/20180807_145028/20180807145028_camera_frontcenter_000011303.png,Buildings;Car;Curbstone;Dashed line;Drivable cobblestone;Grid structure;Irrelevant signs;Nature object;Obstacles / trash;Pedestrian;Poles;RD normal street;Sidewalk;Signal corpus;Sky
20180807_145028,assets/a2d2/camera/20180807_145028/20180807145028_camera_frontcenter_000012121.png,Buildings;Car;Curbstone;Dashed line;Drivable cobblestone;Irrelevant signs;Nature object;Obstacles / trash;Painted driv. instr.;Poles;RD normal street;Sidewalk;Signal corpus;Sky;Traffic sign
20180807_145028,assets/a2d2/camera/20180807_145028/20180807145028_camera_frontcenter_000012935.png,Car;Curbstone;Dashed line;Drivable cobblestone;Irrelevant signs;Nature object;Obstacles / trash;Poles;RD normal street;Sidewalk;Signal corpus;Sky;Solid line;Traffic sign;Traffic signal
20180807_145028,assets/a2d2/camera/20180807_145028/20180807145028_camera_frontcenter_000013548.png,Buildings;Car;Curbstone;Dashed line;Irrelevant signs;Nature object;Poles;RD normal street;Sidewalk;Signal corpus;Sky;Solid line;Traffic sign;Traffic signal;Truck
20180807_145028,assets/a2d2/camera/20180807_145028/20180807145028_camera_frontcenter_000014772.png,Buildings;Car;Curbstone;Grid structure;Irrelevant signs;Nature object;Obstacles / trash;Parking area;Poles;RD normal street;Sidewalk;Sky;Solid line;Traffic guide obj.;Traffic sign;Utility vehicle
20180807_145028,assets/a2d2/camera/20180807_145028/20180807145028_camera_frontcenter_000015363.png,Buildings;Car;Curbstone;Grid structure;Irrelevant signs;Nature object;Non-drivable street;Obstacles / trash;Pedestrian;Poles;RD normal street;Sidewalk;Signal corpus;Sky;Solid line;Traffic guide obj.;Traffic sign;Traffic signal
20180807_145028,assets/a2d2/camera/20180807_145028/20180807145028_camera_frontcenter_000016037.png,Bicycle;Buildings;Car;Curbstone;Dashed line;Drivable cobblestone;Grid structure;Irrelevant signs;Nature object;Non-drivable street;Painted driv. instr.;Pedestrian;Poles;RD normal street;Sidewalk;Signal corpus;Sky;Solid line;Traffic guide obj.;Traffic sign;Traffic signal;Truck
20180807_145028,assets/a2d2/camera/20180807_145028/20180807145028_camera_frontcenter_000016689.png,Buildings;Car;Curbstone;Drivable cobblestone;Nature object;Obstacles / trash;Pedestrian;Sidewalk;Truck
20180807_145028,assets/a2d2/camera/20180807_145028/20180807145028_camera_frontcenter_000017236.png,Bicycle;Buildings;Car;Curbstone;Drivable cobblestone;Nature object;Obstacles / trash;Pedestrian;Poles;Sidewalk;Sky;Small vehicles;Traffic guide obj.;Traffic sign
20180807_145028,assets/a2d2/camera/20180807_145028/20180807145028_camera_frontcenter_000018529.png,Bicycle;Buildings;Car;Drivable cobblestone;Irrelevant signs;Nature object;Obstacles / trash;Parking area;Pedestrian;Poles;Sidewalk;Signal corpus;Sky
20180807_145028,assets/a2d2/camera/20180807_145028/20180807145028_camera_frontcenter_000019364.png,Buildings;Drivable cobblestone;Grid structure;Pedestrian;Poles;Sidewalk;Signal corpus;Sky;Traffic sign
20180807_145028,assets/a2d2/camera/20180807_145028/20180807145028_camera_frontcenter_000020380.png,Bicycle;Buildings;Car;Drivable cobblestone;Grid structure;Nature object;Obstacles / trash;Parking area;Pedestrian;Sidewalk;Sky;Traffic sign
20180807_145028,assets/a2d2/camera/20180807_145028/20180807145028_camera_frontcenter_000021397.png,Buildings;Car;Curbstone;Irrelevant signs;Nature object;Obstacles / trash;Parking area;Poles;RD normal street;RD restricted area;Sidewalk;Sky;Traffic sign
20180807_145028,assets/a2d2/camera/20180807_145028/20180807145028_camera_frontcenter_000022121.png,Buildings;Car;Grid structure;Nature object;Obstacles / trash;Parking area;Pedestrian;Poles;RD normal street;Sidewalk;Sky;Traffic sign
20180807_145028,assets/a2d2/camera/20180807_145028/20180807145028_camera_frontcenter_000022690.png,Buildings;Car;Grid structure;Nature object;Obstacles / trash;Parking area;RD normal street;Sky
20180807_145028,assets/a2d2/camera/20180807_145028/20180807145028_camera_frontcenter_000023456.png,Bicycle;Buildings;Car;Curbstone;Drivable cobblestone;Nature object;Obstacles / trash;Parking area;RD normal street;Sidewalk;Sky;Solid line
20180807_145028,assets/a2d2/camera/20180807_145028/20180807145028_camera_frontcenter_000023951.png,Bicycle;Buildings;Car;Curbstone;Drivable cobblestone;Nature object;Pedestrian;Poles;Sidewalk;Sky;Traffic sign
20180807_145028,assets/a2d2/camera/20180807_145028/20180807145028_camera_frontcenter_000024617.png,Buildings;Car;Curbstone;Grid structure;Irrelevant signs;Nature object;Non-drivable street;Parking area;Poles;RD normal street;Sidewalk;Sky;Traffic sign
20180807_145028,assets/a2d2/camera/20180807_145028/20180807145028_camera_frontcenter_000025570.png,Buildings;Car;Drivable cobblestone;Nature object;Obstacles / trash;Painted driv. instr.;Poles;RD normal street;Sidewalk;Sky;Traffic sign
20180807_145028,assets/a2d2/camera/20180807_145028/20180807145028_camera_frontcenter_000026374.png,Buildings;Car;Curbstone;Drivable cobblestone;Obstacles / trash;Poles;RD normal street;Sidewalk;Signal corpus;Sky;Traffic sign
20180807_145028,assets/a2d2/camera/20180807_145028/20180807145028_camera_frontcenter_000027462.png,Bicycle;Buildings;Car;Curbstone;Drivable cobblestone;Nature object;Obstacles / trash;Parking area;Poles;Sidewalk;Sky;Traffic sign
20180807_145028,assets/a2d2/camera/20180807_145028/20180807145028_camera_frontcenter_000027999.png,Bicycle;Buildings;Car;Curbstone;Drivable cobblestone;Grid structure;Nature object;Obstacles / trash;Poles;RD normal street;Sidewalk;Sky;Traffic guide obj.;Traffic sign
20180807_145028,assets/a2d2/camera/20180807_145028/20180807145028_camera_frontcenter_000028816.png,Bicycle;Buildings;Car;Curbstone;Drivable cobblestone;Grid structure;Nature object;Obstacles / trash;Pedestrian;Poles;Sidewalk;Sky;Traffic guide obj.;Traffic sign
20180807_145028,assets/a2d2/camera/20180807_145028/20180807145028_camera_frontcenter_000030089.png,Bicycle;Buildings;Drivable cobblestone;Nature object;Obstacles / trash;Pedestrian;Poles;Sidewalk;Sky
20180807_145028,assets/a2d2/camera/20180807_145028/20180807145028_camera_frontcenter_000030909.png,Bicycle;Buildings;Car;Curbstone;Dashed line;Drivable cobblestone;Irrelevant signs;Nature object;Obstacles / trash;Pedestrian;Poles;RD normal street;Sidewalk;Signal corpus;Sky;Solid line;Traffic sign;Traffic signal;Truck
20180807_145028,assets/a2d2/camera/20180807_145028/20180807145028_camera_frontcenter_000031745.png,Buildings;Car;Drivable cobblestone;Nature object;Obstacles / trash;Parking area;Pedestrian;Poles;RD normal street;Sidewalk;Sky;Traffic sign
20180807_145028,assets/a2d2/camera/20180807_145028/20180807145028_camera_frontcenter_000032453.png,Bicycle;Buildings;Car;Curbstone;Drivable cobblestone;Irrelevant signs;Nature object;Obstacles / trash;Poles;RD normal street;Sidewalk;Sky;Traffic sign
20180807_145028,assets/a2d2/camera/20180807_145028/20180807145028_camera_frontcenter_000033246.png,Bicycle;Buildings;Car;Drivable cobblestone;Grid structure;Irrelevant signs;Nature object;Obstacles / trash;Parking area;Poles;Sidewalk;Sky;Small vehicles;Traffic sign
20180807_145028,assets/a2d2/camera/20180807_145028/20180807145028_camera_frontcenter_000034056.png,Buildings;Car;Curbstone;Drivable cobblestone;Nature object;Obstacles / trash;RD normal street;Sidewalk;Sky;Traffic sign
20180807_145028,assets/a2d2/camera/20180807_145028/20180807145028_camera_frontcenter_000034825.png,Buildings;Car;Curbstone;Drivable cobblestone;Grid structure;Nature object;Parking area;Poles;RD normal street;Sidewalk;Sky;Traffic sign
20180807_145028,assets/a2d2/camera/20180807_145028/20180807145028_camera_frontcenter_000035393.png,Bicycle;Buildings;Car;Curbstone;Nature object;Obstacles / trash;Poles;RD normal street;Sidewalk;Sky;Traffic sign
20180807_145028,assets/a2d2/camera/20180807_145028/20180807145028_camera_frontcenter_000036229.png,Buildings;Car;Curbstone;Drivable cobblestone;Irrelevant signs;Nature object;Obstacles / trash;Painted driv. instr.;Poles;RD normal street;Sidewalk;Signal corpus;Sky;Traffic sign
20180807_145028,assets/a2d2/camera/20180807_145028/20180807145028_camera_frontcenter_000037844.png,Buildings;Car;Curbstone;Drivable cobblestone;Electronic traffic;Grid structure;Irrelevant signs;Nature object;Obstacles / trash;Painted driv. instr.;Pedestrian;Poles;RD normal street;Sidewalk;Sky;Solid line;Traffic sign
20180807_145028,assets/a2d2/camera/20180807_145028/20180807145028_camera_frontcenter_000038248.png,Buildings;Car;Curbstone;Dashed line;Drivable cobblestone;Grid structure;Irrelevant signs;Nature object;Poles;RD normal street;Sidewalk;Sky;Traffic sign
20180807_145028,assets/a2d2/camera/20180807_145028/20180807145028_camera_frontcenter_000039250.png,Buildings;Car;Curbstone;Dashed line;Drivable cobblestone;Grid structure;Irrelevant signs;Nature object;Painted driv. instr.;Pedestrian;Poles;RD normal street;Sidewalk;Signal corpus;Sky;Traffic sign;Traffic signal
20180807_145028,assets/a2d2/camera/20180807_145028/20180807145028_camera_frontcenter_000039890.png,Buildings;Car;Curbstone;Dashed line;Drivable cobblestone;Irrelevant signs;Nature object;Non-drivable street;Painted driv. instr.;Poles;RD normal street;Sidewalk;Signal corpus;Sky;Solid line;Traffic sign;Traffic signal
20180807_145028,assets/a2d2/camera/20180807_145028/20180807145028_camera_frontcenter_000040470.png,Buildings;Car;Curbstone;Dashed line;Drivable cobblestone;Grid structure;Irrelevant signs;Nature object;Painted driv. instr.;Poles;RD normal street;RD restricted area;Sidewalk;Sky;Solid line
20180807_145028,assets/a2d2/camera/20180807_145028/20180807145028_camera_frontcenter_000041685.png,Buildings;Car;Curbstone;Grid structure;Irrelevant signs;Nature object;Non-drivable street;Painted driv. instr.;Poles;RD normal street;RD restricted area;Sidewalk;Signal corpus;Sky;Solid line;Traffic sign;Traffic signal
20180807_145028,assets/a2d2/camera/20180807_145028/20180807145028_camera_frontcenter_000042511.png,Buildings;Car;Curbstone;Dashed line;Grid structure;Irrelevant signs;Nature object;Painted driv. instr.;Poles;RD normal street;RD restricted area;Sidewalk;Signal corpus;Sky;Solid line;Traffic sign;Traffic signal
20180807_145028,assets/a2d2/camera/20180807_145028/20180807145028_camera_frontcenter_000043533.png,Buildings;Car;Curbstone;Dashed line;Grid structure;Irrelevant signs;Nature object;Obstacles / trash;Painted driv. instr.;Poles;RD normal street;Road blocks;Sidewalk;Sky;Solid line;Traffic guide obj.;Traffic sign
20180807_145028,assets/a2d2/camera/20180807_145028/20180807145028_camera_frontcenter_000044367.png,Buildings;Car;Curbstone;Grid structure;Irrelevant signs;Nature object;Painted driv. instr.;Poles;RD normal street;Sidewalk;Sky;Solid line;Traffic guide obj.;Traffic sign
20180807_145028,assets/a2d2/camera/20180807_145028/20180807145028_camera_frontcenter_000045083.png,Buildings;Car;Curbstone;Dashed line;Drivable cobblestone;Grid structure;Irrelevant signs;Nature object;Non-drivable street;Obstacles / trash;Poles;RD normal street;Sidewalk;Signal corpus;Sky;Solid line;Traffic sign;Traffic signal
20180807_145028,assets/a2d2/camera/20180807_145028/20180807145028_camera_frontcenter_000045821.png,Buildings;Car;Curbstone;Dashed line;Drivable cobblestone;Grid structure;Irrelevant signs;Nature object;Non-drivable street;Obstacles / trash;Poles;RD normal street;Sidewalk;Signal corpus;Sky;Solid line;Traffic sign;Traffic signal
20180807_145028,assets/a2d2/camera/20180807_145028/20180807145028_camera_frontcenter_000046812.png,Buildings;Car;Curbstone;Dashed line;Drivable cobblestone;Irrelevant signs;Nature object;Obstacles / trash;Painted driv. instr.;Parking area;Poles;RD normal street;Sidewalk;Signal corpus;Sky;Solid line;Traffic sign
20180807_145028,assets/a2d2/camera/20180807_145028/20180807145028_camera_frontcenter_000047819.png,Buildings;Car;Curbstone;Dashed line;Drivable cobblestone;Irrelevant signs;Nature object;Painted driv. instr.;Poles;RD normal street;Sidewalk;Sky;Solid line;Traffic sign
20180807_145028,assets/a2d2/camera/20180807_145028/20180807145028_camera_frontcenter_000048476.png,Buildings;Car;Curbstone;Dashed line;Drivable cobblestone;Irrelevant signs;Nature object;Poles;RD normal street;Sidewalk;Signal corpus;Sky;Traffic sign;Zebra crossing
20180807_145028,assets/a2d2/camera/20180807_145028/20180807145028_camera_frontcenter_000048935.png,Car;Curbstone;Dashed line;Irrelevant signs;Nature object;Obstacles / trash;Parking area;Poles;RD normal street;Sidewalk;Signal corpus;Sky;Traffic sign
20180807_145028,assets/a2d2/camera/20180807_145028/20180807145028_camera_frontcenter_000049727.png,Bicycle;Buildings;Car;Curbstone;Dashed line;Drivable cobblestone;Irrelevant signs;Nature object;Obstacles / trash;Poles;RD normal street;Sidewalk;Signal corpus;Sky;Traffic sign
20180807_145028,assets/a2d2/camera/20180807_145028/20180807145028_camera_frontcenter_000050690.png,Buildings;Car;Curbstone;Dashed line;Drivable cobblestone;Grid structure;Irrelevant signs;Nature object;Obstacles / trash;Poles;RD normal street;RD restricted area;Sidewalk;Signal corpus;Sky;Solid line;Traffic sign;Traffic signal
20180807_145028,assets/a2d2/camera/20180807_145028/20180807145028_camera_frontcenter_000051610.png,Buildings;Car;Curbstone;Dashed line;Drivable cobblestone;Grid structure;Irrelevant signs;Nature object;Obstacles / trash;Poles;RD normal street;RD restricted area;Sidewalk;Signal corpus;Sky;Solid line;Traffic sign;Traffic signal
20180807_145028,assets/a2d2/camera/20180807_145028/20180807145028_camera_frontcenter_000052408.png,Buildings;Car;Curbstone;Dashed line;Drivable cobblestone;Grid structure;Irrelevant signs;Nature object;Obstacles / trash;Poles;RD normal street;RD restricted area;Sidewalk;Signal corpus;Sky;Solid line;Traffic sign;Traffic signal
20180807_145028,assets/a2d2/camera/20180807_145028/20180807145028_camera_frontcenter_000052927.png,Buildings;Car;Curbstone;Dashed line;Grid structure;Irrelevant signs;Nature object;Obstacles / trash;Painted driv. instr.;Poles;RD normal street;RD restricted area;Sidewalk;Signal corpus;Sky;Traffic guide obj.
20180807_145028,assets/a2d2/camera/20180807_145028/20180807145028_camera_frontcenter_000054135.png,Bicycle;Buildings;Car;Curbstone;Dashed line;Drivable cobblestone;Grid structure;Irrelevant signs;Nature object;Obstacles / trash;Painted driv. instr.;Poles;RD normal street;Sidewalk;Signal corpus;Sky;Solid line;Traffic guide obj.;Traffic sign;Truck
20180807_145028,assets/a2d2/camera/20180807_145028/20180807145028_camera_frontcenter_000054978.png,Buildings;Car;Dashed line;Grid structure;Irrelevant signs;Nature object;Poles;RD normal street;Sidewalk;Signal corpus;Sky;Solid line;Traffic signal;Truck
20180807_145028,assets/a2d2/camera/20180807_145028/20180807145028_camera_frontcenter_000055258.png,Buildings;Car;Curbstone;Dashed line;Grid structure;Irrelevant signs;Nature object;Poles;RD normal street;Sidewalk;Signal corpus;Sky;Solid line;Traffic sign;Traffic signal;Truck
20180807_145028,assets/a2d2/camera/20180807_145028/20180807145028_camera_frontcenter_000055861.png,Buildings;Car;Curbstone;Dashed line;Drivable cobblestone;Grid structure;Irrelevant signs;Nature object;Obstacles / trash;Poles;RD normal street;Sidewalk;Sky;Solid line;Traffic sign
20180807_145028,assets/a2d2/camera/20180807_145028/20180807145028_camera_frontcenter_000056589.png,Bicycle;Buildings;Car;Curbstone;Dashed line;Drivable cobblestone;Irrelevant signs;Nature object;Poles;RD normal street;Sidewalk;Signal corpus;Sky;Solid line;Traffic sign;Traffic signal
20180807_145028,assets/a2d2/camera/20180807_145028/20180807145028_camera_frontcenter_000057445.png,Bicycle;Buildings;Car;Curbstone;Dashed line;Drivable cobblestone;Grid structure;Irrelevant signs;Nature object;Obstacles / trash;Poles;RD normal street;Sidewalk;Signal corpus;Sky;Solid line;Traffic sign
20180807_145028,assets/a2d2/camera/20180807_145028/20180807145028_camera_frontcenter_000057841.png,Buildings;Car;Curbstone;Dashed line;Drivable cobblestone;Grid structure;Irrelevant signs;Nature object;Obstacles / trash;Painted driv. instr.;Poles;RD normal street;Sidewalk;Signal corpus;Sky;Solid line;Traffic sign
20180807_145028,assets/a2d2/camera/20180807_145028/20180807145028_camera_frontcenter_000058380.png,Bicycle;Buildings;Car;Curbstone;Dashed line;Drivable cobblestone;Grid structure;Irrelevant signs;Nature object;Pedestrian;Poles;RD normal street;Sidewalk;Signal corpus;Sky;Solid line;Traffic sign
20180807_145028,assets/a2d2/camera/20180807_145028/20180807145028_camera_frontcenter_000059298.png,Buildings;Car;Curbstone;Dashed line;Grid structure;Irrelevant signs;Nature object;Obstacles / trash;Painted driv. instr.;Pedestrian;Poles;RD normal street;Sidewalk;Sky;Small vehicles;Traffic sign
20180807_145028,assets/a2d2/camera/20180807_145028/20180807145028_camera_frontcenter_000060463.png,Bicycle;Buildings;Car;Curbstone;Grid structure;Nature object;Poles;RD normal street;RD restricted area;Sidewalk;Sky;Solid line;Traffic sign;Truck
20180807_145028,assets/a2d2/camera/20180807_145028/20180807145028_camera_frontcenter_000061103.png,Bicycle;Car;Curbstone;Grid structure;Irrelevant signs;Nature object;Obstacles / trash;Painted driv. instr.;Poles;RD normal street;RD restricted area;Road blocks;Signal corpus;Sky;Solid line;Traffic guide obj.;Traffic sign;Traffic signal
20180807_145028,assets/a2d2/camera/20180807_145028/20180807145028_camera_frontcenter_000061950.png,Buildings;Car;Curbstone;Dashed line;Grid structure;Irrelevant signs;Nature object;Painted driv. instr.;Poles;RD normal street;Sidewalk;Signal corpus;Sky;Solid line
20180807_145028,assets/a2d2/camera/20180807_145028/20180807145028_camera_frontcenter_000062563.png,Buildings;Car;Dashed line;Drivable cobblestone;Irrelevant signs;Nature object;Non-drivable street;Obstacles / trash;Painted driv. instr.;Poles;RD normal street;Sky;Solid line;Truck
20180807_145028,assets/a2d2/camera/20180807_145028/20180807145028_camera_frontcenter_000063615.png,Buildings;Car;Curbstone;Grid structure;Irrelevant signs;Nature object;Non-drivable street;Poles;RD normal street;Road blocks;Sidewalk;Sky;Solid line;Traffic sign
20180807_145028,assets/a2d2/camera/20180807_145028/20180807145028_camera_frontcenter_000064305.png,Buildings;Car;Dashed line;Grid structure;Irrelevant signs;Nature object;Poles;RD normal street;RD restricted area;Road blocks;Sidebars;Sidewalk;Sky;Solid line;Traffic sign
20180807_145028,assets/a2d2/camera/20180807_145028/20180807145028_camera_frontcenter_000065290.png,Buildings;Car;Curbstone;Drivable cobblestone;Grid structure;Irrelevant signs;Nature object;Obstacles / trash;Poles;RD normal street;Sidewalk;Sky;Slow drive area;Solid line;Truck
20180807_145028,assets/a2d2/camera/20180807_145028/20180807145028_camera_frontcenter_000065868.png,Buildings;Car;Curbstone;Drivable cobblestone;Irrelevant signs;Nature object;Non-drivable street;Poles;RD normal street;RD restricted area;Sidewalk;Sky;Solid line;Traffic sign
20180807_145028,assets/a2d2/camera/20180807_145028/20180807145028_camera_frontcenter_000066774.png,Buildings;Car;Curbstone;Drivable cobblestone;Grid structure;Irrelevant signs;Nature object;Non-drivable street;Obstacles / trash;Parking area;Pedestrian;Poles;RD normal street;Sidewalk;Sky;Small vehicles
20180807_145028,assets/a2d2/camera/20180807_145028/20180807145028_camera_frontcenter_000067311.png,Bicycle;Buildings;Car;Drivable cobblestone;Irrelevant signs;Nature object;Parking area;Pedestrian;Poles;RD normal street;Sidewalk;Sky
20180810_142822,assets/a2d2/camera/20180810_142822/20180810142822_camera_frontcenter_000000004.png,Buildings;Car;Drivable cobblestone;Grid structure;Nature object;Obstacles / trash;Parking area;Poles;RD normal street;Sidewalk;Sky
20180810_142822,assets/a2d2/camera/20180810_142822/20180810142822_camera_frontcenter_000000911.png,Buildings;Car;Drivable cobblestone;Grid structure;Irrelevant signs;Nature object;Obstacles / trash;Parking area;Poles;RD normal street;Sidewalk;Sky;Slow drive area
20180810_142822,assets/a2d2/camera/20180810_142822/20180810142822_camera_frontcenter_000001794.png,Buildings;Car;Curbstone;Dashed line;Grid structure;Irrelevant signs;Nature object;RD normal street;Sidewalk;Sky;Solid line
20180810_142822,assets/a2d2/camera/20180810_142822/20180810142822_camera_frontcenter_000002567.png,Buildings;Car;Dashed line;Grid structure;Nature object;RD normal street;Sidewalk;Sky;Solid line;Traffic sign
20180810_142822,assets/a2d2/camera/20180810_142822/20180810142822_camera_frontcenter_000003097.png,Buildings;Car;Dashed line;Grid structure;Nature object;Painted driv. instr.;Poles;RD normal street;Road blocks;Sidebars;Signal corpus;Sky;Solid line;Traffic sign
20180810_142822,assets/a2d2/camera/20180810_142822/20180810142822_camera_frontcenter_000003757.png,Buildings;Car;Dashed line;Grid structure;Irrelevant signs;Nature object;Poles;RD normal street;Sidewalk;Sky;Solid line
20180810_142822,assets/a2d2/camera/20180810_142822/20180810142822_camera_frontcenter_000004221.png,Buildings;Car;Dashed line;Grid structure;Nature object;Poles;RD normal street;Sidebars;Sidewalk;Sky;Solid line
20180810_142822,assets/a2d2/camera/20180810_142822/20180810142822_camera_frontcenter_000005155.png,Buildings;Car;Dashed line;Grid structure;Nature object;Obstacles / trash;Poles;RD normal street;Sidebars;Sidewalk;Sky;Solid line
20180810_142822,assets/a2d2/camera/20180810_142822/20180810142822_camera_frontcenter_000005867.png,Buildings;Car;Curbstone;Dashed line;Drivable cobblestone;Grid structure;Nature object;Non-drivable street;Poles;RD normal street;Sidewalk;Signal corpus;Sky;Solid line;Traffic sign
20180810_142822,assets/a2d2/camera/20180810_142822/20180810142822_camera_frontcenter_000006390.png,Buildings;Car;Curbstone;Dashed line;Drivable cobblestone;Grid structure;Nature object;Obstacles / trash;Painted driv. instr.;Poles;RD normal street;Sidewalk;Signal corpus;Sky;Solid line;Traffic sign
20180810_142822,assets/a2d2/camera/20180810_142822/20180810142822_camera_frontcenter_000006991.png,Buildings;Car;Curbstone;Dashed line;Drivable cobblestone;Irrelevant signs;Nature object;Non-drivable street;Obstacles / trash;Parking area;Poles;RD normal street;RD restricted area;Sidewalk;Signal corpus;Sky;Solid line;Traffic sign
20180810_142822,assets/a2d2/camera/20180810_142822/20180810142822_camera_frontcenter_000007677.png,Buildings;Car;Curbstone;Dashed line;Drivable cobblestone;Irrelevant signs;Nature object;Non-drivable street;Obstacles / trash;Poles;RD normal street;RD restricted area;Sidewalk;Signal corpus;Sky;Solid line;Traffic sign
20180810_142822,assets/a2d2/camera/20180810_142822/20180810142822_camera_frontcenter_000008895.png,Bicycle;Buildings;Car;Curbstone;Dashed line;Irrelevant signs;Nature object;Poles;RD normal street;Sidewalk;Signal corpus;Sky;Traffic signal
20180810_142822,assets/a2d2/camera/20180810_142822/20180810142822_camera_frontcenter_000009985.png,Buildings;Car;Curbstone;Dashed line;Drivable cobblestone;Nature object;Obstacles / trash;Painted driv. instr.;Parking area;Poles;RD normal street;Sidewalk;Sky;Solid line;Traffic sign
20180810_142822,assets/a2d2/camera/20180810_142822/20180810142822_camera_frontcenter_000010951.png,Buildings;Car;Curbstone;Dashed line;Drivable cobblestone;Grid structure;Irrelevant signs;Nature object;Non-drivable street;Obstacles / trash;Poles;RD normal street;Sidewalk;Signal corpus;Sky;Solid line;Traffic sign;Traffic signal
20180810_142822,assets/a2d2/camera/20180810_142822/20180810142822_camera_frontcenter_000011901.png,Buildings;Car;Curbstone;Dashed line;Grid structure;Irrelevant signs;Nature object;Non-drivable street;Obstacles / trash;Parking area;Poles;RD normal street;Sidewalk;Signal corpus;Sky;Solid line;Traffic sign;Traffic signal
20180810_142822,assets/a2d2/camera/20180810_142822/20180810142822_camera_frontcenter_000012381.png,Buildings;Car;Curbstone;Dashed line;Grid structure;Irrelevant signs;Nature object;Parking area;Poles;RD normal street;RD restricted area;Sidewalk;Sky;Slow drive area;Solid line;Traffic sign
20180810_142822,assets/a2d2/camera/20180810_142822/20180810142822_camera_frontcenter_000013193.png,Buildings;Curbstone;Dashed line;Drivable cobblestone;Grid structure;Irrelevant signs;Nature object;Non-drivable street;Pedestrian;Poles;RD normal street;Sidewalk;Signal corpus;Sky;Solid line;Traffic sign;Traffic signal;Truck
20180810_142822,assets/a2d2/camera/20180810_142822/20180810142822_camera_frontcenter_000014050.png,Buildings;Car;Curbstone;Dashed line;Drivable cobblestone;Grid structure;Irrelevant signs;Nature object;Non-drivable street;Poles;RD normal street;Sidewalk;Signal corpus;Sky;Solid line;Traffic sign;Traffic signal
20180810_142822,assets/a2d2/camera/20180810_142822/20180810142822_camera_frontcenter_000014984.png,Bicycle;Buildings;Car;Curbstone;Dashed line;Drivable cobblestone;Grid structure;Irrelevant signs;Nature object;Non-drivable street;Obstacles / trash;Painted driv. instr.;Pedestrian;Poles;RD normal street;Sidewalk;Sky;Solid line;Traffic sign
20180810_142822,assets/a2d2/camera/20180810_142822/20180810142822_camera_frontcenter_000015314.png,Bicycle;Buildings;Car;Curbstone;Dashed line;Drivable cobblestone;Grid structure;Irrelevant signs;Nature object;Painted driv. instr.;Pedestrian;Poles;RD normal street;Sidewalk;Sky;Solid line;Truck
20180810_142822,assets/a2d2/camera/20180810_142822/20180810142822_camera_frontcenter_000016154.png,Bicycle;Buildings;Curbstone;Dashed line;Drivable cobblestone;Irrelevant signs;Nature object;Non-drivable street;Obstacles / trash;Poles;RD normal street;Sidewalk;Signal corpus;Sky;Traffic sign;Traffic signal
20180810_142822,assets/a2d2/camera/20180810_142822/20180810142822_camera_frontcenter_000017045.png,Buildings;Car;Curbstone;Dashed line;Irrelevant signs;Nature object;Painted driv. instr.;Poles;RD normal street;RD restricted area;Sidewalk;Sky;Solid line;Traffic sign;Truck
20180810_142822,assets/a2d2/camera/20180810_142822/20180810142822_camera_frontcenter_000017664.png,Buildings;Car;Curbstone;Dashed line;Drivable cobblestone;Irrelevant signs;Nature object;Obstacles / trash;Parking area;Poles;RD normal street;Sidewalk;Signal corpus;Sky;Solid line;Traffic sign;Truck
20180810_142822,assets/a2d2/camera/20180810_142822/20180810142822_camera_frontcenter_000018345.png,Buildings;Car;Curbstone;Dashed line;Drivable cobblestone;Irrelevant signs;Nature object;Obstacles / trash;Pedestrian;Poles;RD normal street;Sidewalk;Signal corpus;Sky;Solid line;Traffic sign;Traffic signal
20180810_142822,assets/a2d2/camera/20180810_142822/20180810142822_camera_frontcenter_000018955.png,Bicycle;Buildings;Car;Curbstone;Dashed line;Drivable cobblestone;Irrelevant signs;Nature object;Obstacles / trash;Pedestrian;Poles;RD normal street;Sidewalk;Signal corpus;Sky;Solid line;Traffic sign;Traffic signal;Truck
20180810_142822,assets/a2d2/camera/20180810_142822/20180810142822_camera_frontcenter_000019670.png,Bicycle;Buildings;Car;Curbstone;Dashed line;Nature object;Obstacles / trash;Pedestrian;Poles;RD normal street;Sidewalk;Signal corpus;Sky;Solid line;Traffic sign;Truck
20180810_142822,assets/a2d2/camera/20180810_142822/20180810142822_camera_frontcenter_000020400.png,Bicycle;Buildings;Car;Curbstone;Drivable cobblestone;Grid structure;Irrelevant signs;Nature object;Non-drivable street;Obstacles / trash;Painted driv. instr.;Parking area;Pedestrian;Poles;RD normal street;Sidewalk;Sky;Traffic sign;Truck
20180810_142822,assets/a2d2/camera/20180810_142822/20180810142822_camera_frontcenter_000021499.png,Bicycle;Buildings;Car;Drivable cobblestone;Grid structure;Irrelevant signs;Nature object;Obstacles / trash;Parking area;Poles;Sidewalk;Signal corpus;Sky;Traffic guide obj.;Traffic sign
20180810_142822,assets/a2d2/camera/20180810_142822/20180810142822_camera_frontcenter_000022110.png,Bicycle;Buildings;Car;Curbstone;Drivable cobblestone;Grid structure;Irrelevant signs;Nature object;Obstacles / trash;Poles;Sidewalk;Sky
20180810_142822,assets/a2d2/camera/20180810_142822/20180810142822_camera_frontcenter_000023603.png,Buildings;Car;Curbstone;Drivable cobblestone;Irrelevant signs;Nature object;Obstacles / trash;Pedestrian;Poles;Sidewalk;Signal corpus;Sky;Traffic guide obj.;Traffic sign
20180810_142822,assets/a2d2/camera/20180810_142822/20180810142822_camera_frontcenter_000024213.png,Bicycle;Buildings;Car;Drivable cobblestone;Nature object;Obstacles / trash;Pedestrian;Poles;Sidewalk;Signal corpus;Sky;Traffic sign;Truck
20180810_142822,assets/a2d2/camera/20180810_142822/20180810142822_camera_frontcenter_000024882.png,Bicycle;Buildings;Car;Drivable cobblestone;Grid structure;Irrelevant signs;Nature object;Obstacles / trash;Pedestrian;Poles;Sidewalk;Signal corpus;Sky;Traffic sign
20180810_142822,assets/a2d2/camera/20180810_142822/20180810142822_camera_frontcenter_000025603.png,Bicycle;Buildings;Drivable cobblestone;Grid structure;Irrelevant signs;Poles;Sidewalk;Signal corpus;Sky;Traffic sign
20180810_142822,assets/a2d2/camera/20180810_142822/20180810142822_camera_frontcenter_000026848.png,Buildings;Car;Drivable cobblestone;Grid structure;Irrelevant signs;Nature object;Obstacles / trash;Parking area;Pedestrian;Poles;RD normal street;Sidewalk;Signal corpus;Sky;Traffic sign
20180810_142822,assets/a2d2/camera/20180810_142822/20180810142822_camera_frontcenter_000027372.png,Buildings;Car;Curbstone;Drivable cobblestone;Grid structure;Irrelevant signs;Nature object;Non-drivable street;Obstacles / trash;Painted driv. instr.;Pedestrian;Poles;RD normal street;Sidewalk;Sky;Traffic sign
20180810_142822,assets/a2d2/camera/20180810_142822/20180810142822_camera_frontcenter_000028150.png,Buildings;Car;Curbstone;Drivable cobblestone;Grid structure;Irrelevant signs;Nature object;Obstacles / trash;Poles;Sidewalk;Signal corpus;Sky;Traffic sign
20180810_142822,assets/a2d2/camera/20180810_142822/20180810142822_camera_frontcenter_000028987.png,Buildings;Car;Curbstone;Dashed line;Drivable cobblestone;Grid structure;Irrelevant signs;Nature object;Painted driv. instr.;Poles;RD normal street;Sidewalk;Signal corpus;Sky;Solid line;Traffic sign;Traffic signal
20180810_142822,assets/a2d2/camera/20180810_142822/20180810142822_camera_frontcenter_000029489.png,Bicycle;Buildings;Car;Curbstone;Dashed line;Drivable cobblestone;Grid structure;Irrelevant signs;Nature object;Non-drivable street;Obstacles / trash;Pedestrian;Poles;RD normal street;Sidewalk;Signal corpus;Sky;Slow drive area;Solid line;Traffic sign;Traffic signal
20180810_142822,assets/a2d2/camera/20180810_142822/20180810142822_camera_frontcenter_000029964.png,Buildings;Car;Curbstone;Dashed line;Drivable cobblestone;Grid structure;Irrelevant signs;Nature object;Obstacles / trash;Parking area;Poles;RD normal street;Sidewalk;Sky;Slow drive area;Traffic sign
20180810_142822,assets/a2d2/camera/20180810_142822/20180810142822_camera_frontcenter_000030547.png,Buildings;Car;Curbstone;Dashed line;Drivable cobblestone;Grid structure;Irrelevant signs;Nature object;Non-drivable street;Obstacles / trash;Poles;RD normal street;Sidewalk;Signal corpus;Sky;Solid line;Traffic sign;Traffic signal
20180810_142822,assets/a2d2/camera/20180810_142822/20180810142822_camera_frontcenter_000031439.png,Buildings;Car;Curbstone;Dashed line;Irrelevant signs;Nature object;Obstacles / trash;Painted driv. instr.;Poles;RD normal street;Sidewalk;Sky;Solid line;Traffic sign
20180810_142822,assets/a2d2/camera/20180810_142822/20180810142822_camera_frontcenter_000032485.png,Buildings;Car;Curbstone;Dashed line;Grid structure;Irrelevant signs;Nature object;Non-drivable street;Painted driv. instr.;Poles;RD normal street;RD restricted area;Sidewalk;Signal corpus;Sky;Solid line;Traffic sign;Traffic signal
20180810_142822,assets/a2d2/camera/20180810_142822/20180810142822_camera_frontcenter_000032980.png,Buildings;Car;Curbstone;Dashed line;Grid structure;Irrelevant signs;Nature object;Non-drivable street;Painted driv. instr.;Poles;RD normal street;RD restricted area;Sidewalk;Signal corpus;Sky;Solid line;Traffic sign;Traffic signal
20180810_142822,assets/a2d2/camera/20180810_142822/20180810142822_camera_frontcenter_000033669.png,Buildings;Car;Curbstone;Dashed line;Grid structure;Irrelevant signs;Nature object;Poles;RD normal street;RD restricted area;Sidewalk;Sky;Solid line;Traffic sign
20180810_142822,assets/a2d2/camera/20180810_142822/20180810142822_camera_frontcenter_000034255.png,Buildings;Car;Curbstone;Dashed line;Drivable cobblestone;Grid structure;Irrelevant signs;Nature object;Non-drivable street;Painted driv. instr.;Pedestrian;Poles;RD normal street;Sidewalk;Signal corpus;Sky;Solid line;Traffic guide obj.;Traffic sign;Traffic signal
20180810_142822,assets/a2d2/camera/20180810_142822/20180810142822_camera_frontcenter_000034967.png,Buildings;Car;Curbstone;Grid structure;Irrelevant signs;Nature object;Obstacles / trash;Poles;RD normal street;Road blocks;Sidewalk;Sky;Solid line;Utility vehicle
20180810_142822,assets/a2d2/camera/20180810_142822/20180810142822_camera_frontcenter_000035718.png,Buildings;Curbstone;Dashed line;Drivable cobblestone;Grid structure;Irrelevant signs;Nature object;Non-drivable street;Obstacles / trash;Painted driv. instr.;Poles;Sidewalk;Signal corpus;Sky;Solid line;Traffic guide obj.;Traffic sign
20180810_142822,assets/a2d2/camera/20180810_142822/20180810142822_camera_frontcenter_000036563.png,Buildings;Car;Curbstone;Drivable cobblestone;Nature object;Obstacles / trash;Poles;RD normal street;Sidewalk;Sky;Traffic sign
20180810_142822,assets/a2d2/camera/20180810_142822/20180810142822_camera_frontcenter_000037697.png,Bicycle;Buildings;Drivable cobblestone;Grid structure;Irrelevant signs;Nature object;Obstacles / trash;Poles;RD normal street;Sidewalk;Signal corpus;Sky;Traffic guide obj.;Traffic sign
20180810_142822,assets/a2d2/camera/20180810_142822/20180810142822_camera_frontcenter_000038470.png,Bicycle;Buildings;Car;Drivable cobblestone;Grid structure;Irrelevant signs;Nature object;Obstacles / trash;Parking area;Pedestrian;Poles;RD normal street;Sidewalk;Signal corpus;Sky;Traffic guide obj.;Traffic sign
20180810_142822,assets/a2d2/camera/20180810_142822/20180810142822_camera_frontcenter_000039832.png,Buildings;Car;Curbstone;Drivable cobblestone;Grid structure;Irrelevant signs;Nature object;Obstacles / trash;Pedestrian;Poles;RD normal street;Sidewalk;Signal corpus;Sky;Traffic sign
20180810_142822,assets/a2d2/camera/20180810_142822/20180810142822_camera_frontcenter_000040563.png,Buildings;Curbstone;Drivable cobblestone;Irrelevant signs;Nature object;Obstacles / trash;Pedestrian;Poles;RD normal street;Sidewalk;Sky;Traffic sign
20180810_142822,assets/a2d2/camera/20180810_142822/20180810142822_camera_frontcenter_000041140.png,Bicycle;Buildings;Car;Curbstone;Dashed line;Drivable cobblestone;Grid structure;Irrelevant signs;Nature object;Painted driv. instr.;Poles;RD normal street;RD restricted area;Sidewalk;Sky;Solid line
20180810_142822,assets/a2d2/camera/20180810_142822/20180810142822_camera_frontcenter_000041625.png,Bicycle;Buildings;Car;Curbstone;Dashed line;Drivable cobblestone;Irrelevant signs;Nature object;Obstacles / trash;Painted driv. instr.;Poles;RD normal street;Sidewalk;Signal corpus;Sky;Solid line;Traffic sign;Traffic signal;Truck
20180810_142822,assets/a2d2/camera/20180810_142822/20180810142822_camera_frontcenter_000042228.png,Buildings;Car;Dashed line;Grid structure;Nature object;Poles;RD normal street;Sidewalk;Sky;Traffic sign;Truck
20180810_142822,assets/a2d2/camera/20180810_142822/20180810142822_camera_frontcenter_000043881.png,Bicycle;Buildings;Car;Curbstone;Drivable cobblestone;Irrelevant signs;Nature object;Non-drivable street;Poles;RD normal street;Sidewalk;Signal corpus;Sky;Solid line;Traffic sign;Truck
20180810_142822,assets/a2d2/camera/20180810_142822/20180810142822_camera_frontcenter_000044715.png,Bicycle;Buildings;Car;Curbstone;Drivable cobblestone;Grid structure;Irrelevant signs;Nature object;Pedestrian;Poles;RD normal street;Sidewalk;Signal corpus;Sky
20180810_142822,assets/a2d2/camera/20180810_142822/20180810142822_camera_frontcenter_000045322.png,Buildings;Curbstone;Nature object;Obstacles / trash;Pedestrian;Poles;RD normal street;Sidewalk;Sky;Truck
20180810_142822,assets/a2d2/camera/20180810_142822/20180810142822_camera_frontcenter_000046001.png,Buildings;Curbstone;Dashed line;Drivable cobblestone;Irrelevant signs;Nature object;Non-drivable street;Poles;RD normal street;Sidewalk;Signal corpus;Sky;Solid line;Traffic sign;Traffic signal;Truck
20180810_142822,assets/a2d2/camera/20180810_142822/20180810142822_camera_frontcenter_000047257.png,Bicycle;Buildings;Car;Curbstone;Dashed line;Drivable cobblestone;Grid structure;Irrelevant signs;Nature object;Obstacles / trash;Pedestrian;Poles;RD normal street;Sidewalk;Sky;Solid line;Truck;Utility vehicle
20180810_142822,assets/a2d2/camera/20180810_142822/20180810142822_camera_frontcenter_000047905.png,Buildings;Car;Curbstone;Dashed line;Drivable cobblestone;Irrelevant signs;Nature object;Pedestrian;Poles;RD normal street;Sidewalk;Sky;Solid line;Traffic sign;Truck
20180810_142822,assets/a2d2/camera/20180810_142822/20180810142822_camera_frontcenter_000048580.png,Buildings;Car;Curbstone;Dashed line;Grid structure;Irrelevant signs;Nature object;Pedestrian;Poles;RD normal street;Sidewalk;Signal corpus;Sky;Slow drive area;Solid line;Traffic sign;Truck
20180810_142822,assets/a2d2/camera/20180810_142822/20180810142822_camera_frontcenter_000049305.png,Bicycle;Buildings;Curbstone;Dashed line;Drivable cobblestone;Grid structure;Irrelevant signs;Nature object;Obstacles / trash;Pedestrian;Poles;RD normal street;Sidewalk;Sky;Solid line;Truck
20180810_142822,assets/a2d2/camera/20180810_142822/20180810142822_camera_frontcenter_000049642.png,Bicycle;Buildings;Car;Curbstone;Dashed line;Drivable cobblestone;Irrelevant signs;Nature object;Pedestrian;Poles;RD normal street;Sidewalk;Sky;Truck
20180810_142822,assets/a2d2/camera/20180810_142822/20180810142822_camera_frontcenter_000050132.png,Bicycle;Buildings;Car;Curbstone;Dashed line;Drivable cobblestone;Irrelevant signs;Nature object;Painted driv. instr.;Poles;RD normal street;Sidewalk;Signal corpus;Sky;Truck
20180810_142822,assets/a2d2/camera/20180810_142822/20180810142822_camera_frontcenter_000050651.png,Buildings;Car;Curbstone;Dashed line;Irrelevant signs;Nature object;Obstacles / trash;Painted driv. instr.;Poles;RD normal street;Sidewalk;Signal corpus;Sky;Solid line;Traffic signal;Truck
20180810_142822,assets/a2d2/camera/20180810_142822/20180810142822_camera_frontcenter_000051541.png,Buildings;Car;Curbstone;Dashed line;Drivable cobblestone;Grid structure;Irrelevant signs;Nature object;Non-drivable street;Painted driv. instr.;Poles;RD normal street;Sidewalk;Signal corpus;Sky;Solid line
20180810_142822,assets/a2d2/camera/20180810_142822/20180810142822_camera_frontcenter_000052470.png,Buildings;Car;Curbstone;Dashed line;Drivable cobblestone;Grid structure;Nature object;Obstacles / trash;Poles;RD normal street;Sidewalk;Signal corpus;Sky;Solid line;Traffic sign
20180810_142822,assets/a2d2/camera/20180810_142822/20180810142822_camera_frontcenter_000053163.png,Bicycle;Buildings;Car;Curbstone;Grid structure;Nature object;Obstacles / trash;Poles;RD normal street;Sidewalk;Signal corpus;Sky;Solid line
20180810_142822,assets/a2d2/camera/20180810_142822/20180810142822_camera_frontcenter_000054054.png,Bicycle;Buildings;Car;Curbstone;Dashed line;Drivable cobblestone;Irrelevant signs;Nature object;Painted driv. instr.;Parking area;Pedestrian;Poles;RD normal street;RD restricted area;Sidewalk;Sky;Small vehicles;Solid line;Traffic guide obj.;Traffic sign
20180810_142822,assets/a2d2/camera/20180810_142822/20180810142822_camera_frontcenter_000055184.png,Bicycle;Buildings;Car;Curbstone;Dashed line;Drivable cobblestone;Grid structure;Irrelevant signs;Nature object;Painted driv. instr.;Poles;RD normal street;Sidewalk;Sky;Solid line;Traffic sign;Truck
20180810_142822,assets/a2d2/camera/20180810_142822/20180810142822_camera_frontcenter_000055907.png,Bicycle;Buildings;Car;Curbstone;Dashed line;Drivable cobblestone;Grid structure;Irrelevant signs;Nature object;Poles;RD normal street;Sidewalk;Signal corpus;Sky;Solid line;Traffic sign
20180810_142822,assets/a2d2/camera/20180810_142822/20180810142822_camera_frontcenter_000056449.png,Bicycle;Buildings;Car;Curbstone;Dashed line;Drivable cobblestone;Grid structure;Irrelevant signs;Nature object;Obstacles / trash;Parking area;Poles;RD normal street;Sidewalk;Signal corpus;Sky;Solid line;Traffic sign
20180810_142822,assets/a2d2/camera/20180810_142822/20180810142822_camera_frontcenter_000057061.png,Bicycle;Buildings;Car;Curbstone;Dashed line;Grid structure;Irrelevant signs;Nature object;Poles;RD normal street;Sidewalk;Sky;Traffic sign
20180810_142822,assets/a2d2/camera/20180810_142822/20180810142822_camera_frontcenter_000057810.png,Buildings;Car;Curbstone;Dashed line;Nature object;Obstacles / trash;Poles;RD normal street;Sidewalk;Sky;Traffic sign
20180810_142822,assets/a2d2/camera/20180810_142822/20180810142822_camera_frontcenter_000059047.png,Buildings;Car;Curbstone;Dashed line;Drivable cobblestone;Grid structure;Irrelevant signs;Nature object;Obstacles / trash;Pedestrian;Poles;RD normal street;Sidewalk;Signal corpus;Sky;Slow drive area;Solid line
20180810_142822,assets/a2d2/camera/20180810_142822/20180810142822_camera_frontcenter_000059669.png,Buildings;Car;Curbstone;Dashed line;Drivable cobblestone;Irrelevant signs;Nature object;Obstacles / trash;Poles;RD normal street;Sidewalk;Signal corpus;Sky;Slow drive area;Solid line;Traffic sign
20180810_142822,assets/a2d2/camera/20180810_142822/20180810142822_camera_frontcenter_000060450.png,Buildings;Car;Curbstone;Dashed line;Drivable cobblestone;Irrelevant signs;Nature object;Poles;RD normal street;Sidewalk;Signal corpus;Sky;Slow drive area;Traffic sign
20180810_142822,assets/a2d2/camera/20180810_142822/20180810142822_camera_frontcenter_000061289.png,Buildings;Car;Curbstone;Dashed line;Drivable cobblestone;Grid structure;Irrelevant signs;Nature object;Non-drivable street;Obstacles / trash;Poles;RD normal street;RD restricted area;Sidewalk;Sky;Solid line;Traffic sign
20180810_142822,assets/a2d2/camera/20180810_142822/20180810142822_camera_frontcenter_000062090.png,Buildings;Car;Curbstone;Dashed line;Drivable cobblestone;Grid structure;Irrelevant signs;Nature object;Obstacles / trash;Poles;RD normal street;Sidewalk;Signal corpus;Sky;Solid line;Traffic sign
20180810_142822,assets/a2d2/camera/20180810_142822/20180810142822_camera_frontcenter_000062450.png,Buildings;Car;Dashed line;Grid structure;Nature object;Poles;RD normal street;RD restricted area;Sidewalk;Sky;Solid line;Traffic sign
20180810_142822,assets/a2d2/camera/20180810_142822/20180810142822_camera_frontcenter_000063427.png,Buildings;Dashed line;Grid structure;Nature object;Poles;RD normal street;Road blocks;Sidebars;Sky;Solid line
20180810_142822,assets/a2d2/camera/20180810_142822/20180810142822_camera_frontcenter_000064081.png,Buildings;Car;Drivable cobblestone;Grid structure;Irrelevant signs;Nature object;Poles;RD normal street;Sidebars;Sidewalk;Sky;Solid line
20180810_142822,assets/a2d2/camera/20180810_142822/20180810142822_camera_frontcenter_000065246.png,Buildings;Car;Curbstone;Dashed line;Drivable cobblestone;Grid structure;Irrelevant signs;Nature object;Obstacles / trash;Parking area;Pedestrian;Poles;RD normal street;Sidewalk;Sky;Solid line;Traffic guide obj.;Traffic sign
20180810_142822,assets/a2d2/camera/20180810_142822/20180810142822_camera_frontcenter_000065978.png,Buildings;Car;Drivable cobblestone;Grid structure;Nature object;Non-drivable street;Obstacles / trash;Parking area;Poles;RD normal street;Sidewalk;Sky
20180925_101535,assets/a2d2/camera/20180925_101535/20180925101535_camera_frontcenter_000001120.png,Bicycle;Buildings;Car;Curbstone;Dashed line;Irrelevant signs;Nature object;Obstacles / trash;Poles;RD normal street;Sidewalk;Sky;Traffic sign;Truck
20180925_101535,assets/a2d2/camera/20180925_101535/20180925101535_camera_frontcenter_000004510.png,Buildings;Car;Curbstone;Dashed line;Drivable cobblestone;Nature object;Parking area;Poles;RD normal street;Sidewalk;Signal corpus;Sky;Truck
20180925_101535,assets/a2d2/camera/20180925_101535/20180925101535_camera_frontcenter_000006100.png,Bicycle;Buildings;Car;Curbstone;Dashed line;Grid structure;Irrelevant signs;Nature object;Painted driv. instr.;Pedestrian;Poles;RD normal street;Sidewalk;Signal corpus;Sky;Solid line;Traffic sign;Truck
20180925_101535,assets/a2d2/camera/20180925_101535/20180925101535_camera_frontcenter_000008440.png,Buildings;Car;Dashed line;Nature object;Non-drivable street;Painted driv. instr.;Pedestrian;Poles;RD normal street;Sidewalk;Signal corpus;Sky;Solid line;Traffic signal;Truck
20180925_101535,assets/a2d2/camera/20180925_101535/20180925101535_camera_frontcenter_000010415.png,Bicycle;Buildings;Car;Curbstone;Drivable cobblestone;Irrelevant signs;Nature object;Non-drivable street;Obstacles / trash;Parking area;Pedestrian;Poles;RD normal street;RD restricted area;Sidewalk;Sky;Small vehicles;Solid line;Traffic sign
20180925_101535,assets/a2d2/camera/20180925_101535/20180925101535_camera_frontcenter_000011153.png,Bicycle;Buildings;Car;Curbstone;Drivable cobblestone;Irrelevant signs;Nature object;Non-drivable street;Obstacles / trash;Pedestrian;Poles;RD normal street;Sidewalk;Sky;Traffic sign;Traffic signal
20180925_101535,assets/a2d2/camera/20180925_101535/20180925101535_camera_frontcenter_000012040.png,Buildings;Car;Dashed line;Irrelevant signs;Nature object;Obstacles / trash;Parking area;Pedestrian;Poles;RD normal street;Sidewalk;Sky;Solid line;Traffic sign
20180925_101535,assets/a2d2/camera/20180925_101535/20180925101535_camera_frontcenter_000012910.png,Bicycle;Buildings;Car;Curbstone;Dashed line;Drivable cobblestone;Grid structure;Irrelevant signs;Nature object;Obstacles / trash;Parking area;Pedestrian;Poles;RD normal street;Sidewalk;Sky;Solid line;Traffic sign
20180925_101535,assets/a2d2/camera/20180925_101535/20180925101535_camera_frontcenter_000013630.png,Bicycle;Buildings;Car;Curbstone;Irrelevant signs;Nature object;Parking area;RD normal street;RD restricted area;Sidewalk;Sky;Solid line;Traffic sign;Truck
20180925_101535,assets/a2d2/camera/20180925_101535/20180925101535_camera_frontcenter_000014382.png,Bicycle;Buildings;Car;Dashed line;Drivable cobblestone;Irrelevant signs;Nature object;Obstacles / trash;Parking area;Pedestrian;Poles;RD normal street;RD restricted area;Sidewalk;Sky;Solid line;Traffic sign
20180925_101535,assets/a2d2/camera/20180925_101535/20180925101535_camera_frontcenter_000015285.png,Bicycle;Buildings;Car;Dashed line;Irrelevant signs;Nature object;Obstacles / trash;Parking area;Pedestrian;Poles;RD normal street;RD restricted area;Sidewalk;Signal corpus;Sky;Small vehicles;Solid line;Traffic sign
20180925_101535,assets/a2d2/camera/20180925_101535/20180925101535_camera_frontcenter_000016060.png,Buildings;Car;Dashed line;Grid structure;Nature object;Painted driv. instr.;Parking area;Pedestrian;Poles;RD normal street;Sidewalk;Sky;Small vehicles;Solid line;Traffic sign;Truck
20180925_101535,assets/a2d2/camera/20180925_101535/20180925101535_camera_frontcenter_000016480.png,Buildings;Car;Curbstone;Dashed line;Grid structure;Irrelevant signs;Nature object;Obstacles / trash;Painted driv. instr.;Pedestrian;Poles;RD normal street;Sidewalk;Signal corpus;Sky;Small vehicles;Solid line
20180925_101535,assets/a2d2/camera/20180925_101535/20180925101535_camera_frontcenter_000017035.png,Bicycle;Buildings;Car;Curbstone;Dashed line;Drivable cobblestone;Grid structure;Irrelevant signs;Nature object;Non-drivable street;Obstacles / trash;Parking area;Pedestrian;Poles;RD normal street;RD restricted area;Sidewalk;Sky;Small vehicles;Solid line;Traffic sign
20180925_101535,assets/a2d2/camera/20180925_101535/20180925101535_camera_frontcenter_000017950.png,Bicycle;Buildings;Car;Curbstone;Dashed line;Grid structure;Irrelevant signs;Nature object;Obstacles / trash;Painted driv. instr.;Pedestrian;Poles;RD normal street;RD restricted area;Sidewalk;Signal corpus;Sky;Small vehicles;Solid line;Traffic guide obj.;Traffic sign;Traffic signal
20180925_101535,assets/a2d2/camera/20180925_101535/20180925101535_camera_frontcenter_000018610.png,Bicycle;Buildings;Car;Curbstone;Dashed line;Irrelevant signs;Nature object;Pedestrian;Poles;RD normal street;RD restricted area;Sidewalk;Signal corpus;Sky;Solid line;Traffic sign
20180925_101535,assets/a2d2/camera/20180925_101535/20180925101535_camera_frontcenter_000019308.png,Bicycle;Buildings;Car;Curbstone;Dashed line;Drivable cobblestone;Irrelevant signs;Painted driv. instr.;Poles;RD normal street;Sidewalk;Signal corpus;Sky;Small vehicles;Solid line;Traffic sign;Truck
20180925_101535,assets/a2d2/camera/20180925_101535/20180925101535_camera_frontcenter_000019840.png,Buildings;Car;Curbstone;Dashed line;Irrelevant signs;Painted driv. instr.;Poles;RD normal street;Sidewalk;Signal corpus;Sky;Solid line;Traffic sign;Traffic signal;Truck
20180925_101535,assets/a2d2/camera/20180925_101535/20180925101535_camera_frontcenter_000020595.png,Buildings;Car;Curbstone;Dashed line;Drivable cobblestone;Irrelevant signs;Poles;RD normal street;Sidewalk;Signal corpus;Sky;Solid line;Traffic sign;Traffic signal;Truck
20180925_101535,assets/a2d2/camera/20180925_101535/20180925101535_camera_frontcenter_000021730.png,Buildings;Car;Curbstone;Dashed line;Drivable cobblestone;Irrelevant signs;Nature object;Obstacles / trash;Pedestrian;Poles;RD normal street;Sidewalk;Signal corpus;Sky;Traffic sign
20180925_101535,assets/a2d2/camera/20180925_101535/20180925101535_camera_frontcenter_000022277.png,Buildings;Car;Curbstone;Grid structure;Irrelevant signs;Nature object;Non-drivable street;Pedestrian;Poles;RD normal street;Sidewalk;Signal corpus;Sky;Solid line;Traffic sign
20180925_101535,assets/a2d2/camera/20180925_101535/20180925101535_camera_frontcenter_000023304.png,Buildings;Car;Curbstone;Irrelevant signs;Nature object;Poles;RD normal street;Sidewalk;Signal corpus;Sky;Solid line;Traffic signal;Truck
20180925_101535,assets/a2d2/camera/20180925_101535/20180925101535_camera_frontcenter_000024216.png,Bicycle;Buildings;Car;Curbstone;Dashed line;Grid structure;Irrelevant signs;Nature object;Obstacles / trash;Painted driv. instr.;Poles;RD normal street;RD restricted area;Sidewalk;Sky;Solid line;Traffic guide obj.;Traffic sign
20180925_101535,assets/a2d2/camera/20180925_101535/20180925101535_camera_frontcenter_000025060.png,Buildings;Car;Curbstone;Dashed line;Irrelevant signs;Nature object;Obstacles / trash;Poles;RD normal street;RD restricted area;Sidewalk;Sky;Solid line
20180925_101535,assets/a2d2/camera/20180925_101535/20180925101535_camera_frontcenter_000025930.png,Buildings;Car;Curbstone;Dashed line;Drivable cobblestone;Irrelevant signs;Nature object;Non-drivable street;Pedestrian;Poles;RD normal street;Sidewalk;Signal corpus;Sky;Solid line;Traffic sign;Traffic signal;Truck
20180925_101535,assets/a2d2/camera/20180925_101535/20180925101535_camera_frontcenter_000026678.png,Buildings;Car;Curbstone;Dashed line;Drivable cobblestone;Irrelevant signs;Nature object;Non-drivable street;Obstacles / trash;Poles;RD normal street;Sidewalk;Signal corpus;Sky;Solid line;Traffic sign
20180925_101535,assets/a2d2/camera/20180925_101535/20180925101535_camera_frontcenter_000027229.png,Buildings;Car;Curbstone;Dashed line;Grid structure;Irrelevant signs;Nature object;Obstacles / trash;Poles;RD normal street;RD restricted area;Signal corpus;Sky;Solid line;Traffic guide obj.;Traffic sign;Truck
20180925_101535,assets/a2d2/camera/20180925_101535/20180925101535_camera_frontcenter_000028030.png,Buildings;Car;Curbstone;Dashed line;Drivable cobblestone;Irrelevant signs;Nature object;Obstacles / trash;Poles;RD normal street;Sidewalk;Signal corpus;Sky;Traffic guide obj.;Traffic sign;Traffic signal;Truck
20180925_101535,assets/a2d2/camera/20180925_101535/20180925101535_camera_frontcenter_000028545.png,Bicycle;Buildings;Car;Curbstone;Dashed line;Nature object;Painted driv. instr.;Poles;RD normal street;RD restricted area;Signal corpus;Sky;Solid line;Traffic guide obj.;Traffic sign;Traffic signal;Truck
20180925_101535,assets/a2d2/camera/20180925_101535/20180925101535_camera_frontcenter_000029568.png,Buildings;Car;Curbstone;Dashed line;Irrelevant signs;Nature object;Obstacles / trash;Parking area;Poles;RD normal street;Sidewalk;Sky;Traffic sign;Truck
20180925_101535,assets/a2d2/camera/20180925_101535/20180925101535_camera_frontcenter_000030565.png,Buildings;Car;Curbstone;Dashed line;Grid structure;Irrelevant signs;Nature object;Obstacles / trash;Parking area;Poles;RD normal street;Sky;Traffic sign;Truck
20180925_101535,assets/a2d2/camera/20180925_101535/20180925101535_camera_frontcenter_000032507.png,Bicycle;Buildings;Car;Curbstone;Drivable cobblestone;Grid structure;Irrelevant signs;Nature object;Obstacles / trash;Parking area;Pedestrian;Poles;RD normal street;RD restricted area;Sidewalk;Sky;Solid line;Traffic guide obj.;Traffic sign;Truck;Utility vehicle
20180925_101535,assets/a2d2/camera/20180925_101535/20180925101535_camera_frontcenter_000033914.png,Buildings;Car;Curbstone;Dashed line;Drivable cobblestone;Irrelevant signs;Nature object;Parking area;RD normal street;Sidewalk;Signal corpus;Sky;Small vehicles;Traffic sign;Truck
20180925_101535,assets/a2d2/camera/20180925_101535/20180925101535_camera_frontcenter_000035242.png,Buildings;Car;Curbstone;Dashed line;Drivable cobblestone;Irrelevant signs;Nature object;Obstacles / trash;Parking area;Poles;RD normal street;Sidewalk;Signal corpus;Sky;Small vehicles;Traffic sign;Truck
20180925_101535,assets/a2d2/camera/20180925_101535/20180925101535_camera_frontcenter_000036810.png,Bicycle;Buildings;Car;Curbstone;Dashed line;Irrelevant signs;Nature object;Obstacles / trash;Pedestrian;Poles;RD normal street;Sidewalk;Signal corpus;Sky;Solid line;Traffic sign;Traffic signal;Truck
20180925_101535,assets/a2d2/camera/20180925_101535/20180925101535_camera_frontcenter_000038169.png,Bicycle;Buildings;Car;Curbstone;Dashed line;Irrelevant signs;Nature object;Poles;RD normal street;Sidewalk;Signal corpus;Sky;Small vehicles;Traffic sign;Truck
20180925_101535,assets/a2d2/camera/20180925_101535/20180925101535_camera_frontcenter_000039137.png,Buildings;Car;Curbstone;Dashed line;Nature object;Obstacles / trash;Parking area;Poles;RD normal street;Sidewalk;Signal corpus;Sky;Solid line;Traffic sign;Truck
20180925_101535,assets/a2d2/camera/20180925_101535/20180925101535_camera_frontcenter_000040302.png,Bicycle;Buildings;Car;Curbstone;Dashed line;Grid structure;Nature object;Obstacles / trash;Painted driv. instr.;Parking area;Pedestrian;Poles;RD normal street;Sidewalk;Signal corpus;Sky;Solid line;Traffic sign;Truck
20180925_101535,assets/a2d2/camera/20180925_101535/20180925101535_camera_frontcenter_000041328.png,Buildings;Car;Curbstone;Dashed line;Grid structure;Irrelevant signs;Nature object;Obstacles / trash;Poles;RD normal street;Road blocks;Sidewalk;Signal corpus;Sky;Solid line;Traffic guide obj.;Traffic sign
20180925_101535,assets/a2d2/camera/20180925_101535/20180925101535_camera_frontcenter_000042310.png,Bicycle;Buildings;Car;Dashed line;Grid structure;Irrelevant signs;Nature object;Pedestrian;Poles;RD normal street;Signal corpus;Sky;Solid line;Traffic guide obj.;Traffic sign;Truck;Utility vehicle
20180925_101535,assets/a2d2/camera/20180925_101535/20180925101535_camera_frontcenter_000042888.png,Bicycle;Buildings;Car;Dashed line;Grid structure;Irrelevant signs;Nature object;Obstacles / trash;Pedestrian;Poles;RD normal street;Signal corpus;Sky;Solid line;Traffic guide obj.;Traffic sign;Traffic signal;Truck;Utility vehicle
20180925_101535,assets/a2d2/camera/20180925_101535/20180925101535_camera_frontcenter_000043679.png,Bicycle;Buildings;Car;Dashed line;Grid structure;Irrelevant signs;Nature object;Obstacles / trash;Poles;RD normal street;Signal corpus;Sky;Solid line;Traffic guide obj.;Traffic sign;Truck;Utility vehicle
20180925_101535,assets/a2d2/camera/20180925_101535/20180925101535_camera_frontcenter_000044342.png,Buildings;Car;Curbstone;Dashed line;Grid structure;Irrelevant signs;Nature object;Pedestrian;Poles;RD normal street;Sidewalk;Signal corpus;Sky;Solid line;Traffic guide obj.;Traffic sign;Traffic signal;Truck;Utility vehicle
20180925_101535,assets/a2d2/camera/20180925_101535/20180925101535_camera_frontcenter_000045202.png,Buildings;Car;Curbstone;Dashed line;Grid structure;Irrelevant signs;Nature object;Pedestrian;Poles;RD normal street;Sidewalk;Signal corpus;Sky;Solid line;Traffic guide obj.;Traffic sign;Traffic signal;Truck;Utility vehicle
20180925_101535,assets/a2d2/camera/20180925_101535/20180925101535_camera_frontcenter_000046161.png,Buildings;Car;Curbstone;Dashed line;Grid structure;Irrelevant signs;Nature object;Pedestrian;Poles;RD normal street;Sidewalk;Signal corpus;Sky;Solid line;Traffic guide obj.;Traffic sign;Traffic signal;Truck;Utility vehicle
20180925_101535,assets/a2d2/camera/20180925_101535/20180925101535_camera_frontcenter_000047380.png,Buildings;Car;Curbstone;Dashed line;Grid structure;Irrelevant signs;Nature object;Obstacles / trash;Poles;RD normal street;Signal corpus;Sky;Traffic guide obj.;Traffic signal;Truck
20180925_101535,assets/a2d2/camera/20180925_101535/20180925101535_camera_frontcenter_000049200.png,Bicycle;Buildings;Car;Curbstone;Dashed line;Grid structure;Irrelevant signs;Nature object;Non-drivable street;Obstacles / trash;Pedestrian;Poles;RD normal street;Sidewalk;Signal corpus;Sky;Small vehicles;Traffic guide obj.;Traffic sign;Truck
20180925_101535,assets/a2d2/camera/20180925_101535/20180925101535_camera_frontcenter_000050498.png,Bicycle;Buildings;Car;Curbstone;Dashed line;Drivable cobblestone;Irrelevant signs;Nature object;Obstacles / trash;Parking area;Pedestrian;Poles;RD normal street;Sidewalk;Sky;Traffic sign;Utility vehicle
20180925_101535,assets/a2d2/camera/20180925_101535/20180925101535_camera_frontcenter_000051183.png,Bicycle;Buildings;Car;Curbstone;Dashed line;Drivable cobblestone;Irrelevant signs;Nature object;Non-drivable street;Obstacles / trash;Pedestrian;Poles;RD normal street;Sidewalk;Signal corpus;Sky;Traffic sign;Truck;Utility vehicle
20180925_101535,assets/a2d2/camera/20180925_101535/20180925101535_camera_frontcenter_000052223.png,Buildings;Car;Curbstone;Dashed line;Drivable cobblestone;Irrelevant signs;Nature object;Non-drivable street;Obstacles / trash;Painted driv. instr.;Parking area;Pedestrian;Poles;RD normal street;Sidewalk;Sky;Small vehicles;Traffic sign
20180925_101535,assets/a2d2/camera/20180925_101535/20180925101535_camera_frontcenter_000053291.png,Bicycle;Buildings;Car;Curbstone;Dashed line;Drivable cobblestone;Irrelevant signs;Nature object;Non-drivable street;Obstacles / trash;Poles;RD normal street;Sidewalk;Signal corpus;Sky;Solid line;Traffic sign;Traffic signal;Truck;Utility vehicle
20180925_101535,assets/a2d2/camera/20180925_101535/20180925101535_camera_frontcenter_000054246.png,Bicycle;Buildings;Car;Curbstone;Dashed line;Drivable cobblestone;Irrelevant signs;Nature object;Non-drivable street;Obstacles / trash;Poles;RD normal street;Sidewalk;Signal corpus;Sky;Solid line;Traffic sign;Traffic signal;Truck
20180925_101535,assets/a2d2/camera/20180925_101535/20180925101535_camera_frontcenter_000054955.png,Bicycle;Buildings;Car;Curbstone;Dashed line;Drivable cobblestone;Irrelevant signs;Nature object;Non-drivable street;Obstacles / trash;Pedestrian;Poles;RD normal street;Sidewalk;Signal corpus;Sky;Solid line;Traffic sign;Traffic signal;Truck
20180925_101535,assets/a2d2/camera/20180925_101535/20180925101535_camera_frontcenter_000056096.png,Bicycle;Buildings;Car;Curbstone;Dashed line;Irrelevant signs;Nature object;Obstacles / trash;Pedestrian;Poles;RD normal street;Sidewalk;Signal corpus;Sky;Traffic sign;Truck
20180925_101535,assets/a2d2/camera/20180925_101535/20180925101535_camera_frontcenter_000057307.png,Bicycle;Buildings;Car;Curbstone;Dashed line;Drivable cobblestone;Irrelevant signs;Nature object;Non-drivable street;Pedestrian;Poles;RD normal street;Sidewalk;Sky;Traffic sign
20180925_101535,assets/a2d2/camera/20180925_101535/20180925101535_camera_frontcenter_000058548.png,Buildings;Car;Curbstone;Nature object;Obstacles / trash;Pedestrian;Poles;RD normal street;Sidewalk;Signal corpus;Sky;Truck
20180925_101535,assets/a2d2/camera/20180925_101535/20180925101535_camera_frontcenter_000059446.png,Buildings;Car;Dashed line;Drivable cobblestone;Irrelevant signs;Nature object;Obstacles / trash;Parking area;Pedestrian;Poles;RD normal street;Sky;Truck
20180925_101535,assets/a2d2/camera/20180925_101535/20180925101535_camera_frontcenter_000062635.png,Buildings;Car;Curbstone;Dashed line;Irrelevant signs;Nature object;Obstacles / trash;Parking area;Poles;RD normal street;Sidewalk;Sky;Small vehicles;Traffic sign;Truck
20180925_101535,assets/a2d2/camera/20180925_101535/20180925101535_camera_frontcenter_000064487.png,Buildings;Car;Curbstone;Dashed line;Drivable cobblestone;Irrelevant signs;Nature object;Obstacles / trash;Parking area;Pedestrian;Poles;RD normal street;Sidewalk;Signal corpus;Sky;Solid line;Traffic sign;Traffic signal
20180925_101535,assets/a2d2/camera/20180925_101535/20180925101535_camera_frontcenter_000065650.png,Buildings;Car;Dashed line;Irrelevant signs;Nature object;Obstacles / trash;Painted driv. instr.;Pedestrian;Poles;RD normal street;RD restricted area;Sidewalk;Signal corpus;Sky;Solid line;Traffic guide obj.;Traffic sign;Traffic signal
20180925_101535,assets/a2d2/camera/20180925_101535/20180925101535_camera_frontcenter_000066644.png,Buildings;Car;Dashed line;Irrelevant signs;Nature object;Obstacles / trash;Painted driv. instr.;Poles;RD normal street;RD restricted area;Sidewalk;Signal corpus;Sky;Solid line;Traffic guide obj.;Traffic sign;Traffic signal;Utility vehicle
20180925_101535,assets/a2d2/camera/20180925_101535/20180925101535_camera_frontcenter_000067199.png,Buildings;Car;Curbstone;Dashed line;Irrelevant signs;Nature object;Non-drivable street;Obstacles / trash;Poles;RD normal street;RD restricted area;Signal corpus;Sky;Solid line;Traffic guide obj.;Traffic sign;Utility vehicle
20180925_101535,assets/a2d2/camera/20180925_101535/20180925101535_camera_frontcenter_000068435.png,Buildings;Car;Curbstone;Dashed line;Non-drivable street;RD normal street;RD restricted area;Signal corpus;Solid line
20180925_101535,assets/a2d2/camera/20180925_101535/20180925101535_camera_frontcenter_000069065.png,Buildings;Car;Curbstone;Dashed line;Irrelevant signs;Nature object;Non-drivable street;RD normal street;Signal corpus;Sky;Solid line
20180925_101535,assets/a2d2/camera/20180925_101535/20180925101535_camera_frontcenter_000070404.png,Bicycle;Buildings;Car;Curbstone;Dashed line;Drivable cobblestone;Irrelevant signs;Nature object;Obstacles / trash;Pedestrian;Poles;RD normal street;Sidewalk;Signal corpus;Sky;Traffic sign;Truck
20180925_101535,assets/a2d2/camera/20180925_101535/20180925101535_camera_frontcenter_000071248.png,Buildings;Car;Curbstone;Dashed line;Irrelevant signs;Nature object;Obstacles / trash;Parking area;Poles;RD normal street;Sidewalk;Sky;Slow drive area;Traffic sign;Truck
20180925_101535,assets/a2d2/camera/20180925_101535/20180925101535_camera_frontcenter_000072035.png,Bicycle;Buildings;Car;Curbstone;Dashed line;Drivable cobblestone;Irrelevant signs;Nature object;Obstacles / trash;Painted driv. instr.;Pedestrian;Poles;RD normal street;Sidewalk;Signal corpus;Sky;Solid line;Traffic sign;Traffic signal;Truck;Utility vehicle
20180925_101535,assets/a2d2/camera/20180925_101535/20180925101535_camera_frontcenter_000072764.png,Bicycle;Buildings;Car;Dashed line;Drivable cobblestone;Irrelevant signs;Nature object;Obstacles / trash;Poles;RD normal street;Sidewalk;Signal corpus;Sky;Traffic sign;Truck
20180925_101535,assets/a2d2/camera/20180925_101535/20180925101535_camera_frontcenter_000074006.png,Bicycle;Buildings;Car;Curbstone;Dashed line;Irrelevant signs;Nature object;Painted driv. instr.;Poles;RD normal street;Sidewalk;Signal corpus;Sky;Small vehicles;Solid line;Traffic sign
20180925_101535,assets/a2d2/camera/20180925_101535/20180925101535_camera_frontcenter_000075019.png,Buildings;Car;Curbstone;Dashed line;Drivable cobblestone;Grid structure;Irrelevant signs;Nature object;Obstacles / trash;Pedestrian;Poles;RD normal street;RD restricted area;Sidewalk;Signal corpus;Sky;Solid line;Traffic guide obj.;Traffic sign;Traffic signal
20180925_101535,assets/a2d2/camera/20180925_101535/20180925101535_camera_frontcenter_000075717.png,Buildings;Car;Curbstone;Dashed line;Drivable cobblestone;Grid structure;Irrelevant signs;Nature object;Obstacles / trash;Parking area;Pedestrian;Poles;RD normal street;Sky;Traffic sign
20180925_101535,assets/a2d2/camera/20180925_101535/20180925101535_camera_frontcenter_000077408.png,Bicycle;Buildings;Car;Curbstone;Dashed line;Drivable cobblestone;Irrelevant signs;Nature object;Obstacles / trash;Poles;RD normal street;Sidewalk;Sky;Traffic sign;Truck
20180925_101535,assets/a2d2/camera/20180925_101535/20180925101535_camera_frontcenter_000082089.png,Buildings;Car;Curbstone;Dashed line;Drivable cobblestone;Irrelevant signs;Nature object;Non-drivable street;Pedestrian;Poles;RD normal street;Sidewalk;Signal corpus;Sky;Traffic sign;Traffic signal;Truck
20180925_101535,assets/a2d2/camera/20180925_101535/20180925101535_camera_frontcenter_000083746.png,Bicycle;Buildings;Car;Curbstone;Dashed line;Drivable cobblestone;Grid structure;Irrelevant signs;Nature object;Non-drivable street;Pedestrian;Poles;RD normal street;Sidewalk;Signal corpus;Sky;Small vehicles;Solid line;Traffic sign;Traffic signal;Truck
20180925_101535,assets/a2d2/camera/20180925_101535/20180925101535_camera_frontcenter_000085161.png,Bicycle;Buildings;Car;Curbstone;Dashed line;Irrelevant signs;Nature object;Painted driv. instr.;Poles;RD normal street;Sidewalk;Signal corpus;Sky;Traffic sign;Traffic signal;Truck
20180925_101535,assets/a2d2/camera/20180925_101535/20180925101535_camera_frontcenter_000087298.png,Buildings;Car;Curbstone;Dashed line;Nature object;Non-drivable street;Parking area;Poles;RD normal street;Sidewalk;Signal corpus;Sky;Traffic sign
20180925_101535,assets/a2d2/camera/20180925_101535/20180925101535_camera_frontcenter_000088732.png,Bicycle;Buildings;Car;Curbstone;Dashed line;Drivable cobblestone;Irrelevant signs;Nature object;Non-drivable street;Obstacles / trash;Parking area;Pedestrian;Poles;RD normal street;RD restricted area;Sidewalk;Signal corpus;Sky;Small vehicles;Solid line;Traffic sign
20180925_101535,assets/a2d2/camera/20180925_101535/20180925101535_camera_frontcenter_000089831.png,Buildings;Car;Curbstone;Dashed line;Drivable cobblestone;Irrelevant signs;Nature object;Non-drivable street;Parking area;Pedestrian;Poles;RD normal street;RD restricted area;Sidewalk;Signal corpus;Sky;Solid line;Traffic sign;Traffic signal
20180925_101535,assets/a2d2/camera/20180925_101535/20180925101535_camera_frontcenter_000091456.png,Buildings;Car;Curbstone;Dashed line;Grid structure;Irrelevant signs;Nature object;Non-drivable street;Parking area;Poles;RD normal street;Sidewalk;Signal corpus;Sky;Solid line;Traffic sign;Truck
20180925_101535,assets/a2d2/camera/20180925_101535/20180925101535_camera_frontcenter_000092546.png,Buildings;Car;Curbstone;Dashed line;Drivable cobblestone;Irrelevant signs;Nature object;Non-drivable street;Obstacles / trash;Pedestrian;Poles;RD normal street;Sidewalk;Signal corpus;Sky;Solid line;Traffic sign;Traffic signal;Truck
20180925_101535,assets/a2d2/camera/20180925_101535/20180925101535_camera_frontcenter_000093892.png,Bicycle;Buildings;Car;Curbstone;Dashed line;Drivable cobblestone;Irrelevant signs;Nature object;Pedestrian;Poles;RD normal street;RD restricted area;Sidewalk;Signal corpus;Sky;Solid line;Traffic guide obj.;Traffic sign;Traffic signal;Truck;Utility vehicle
20180925_101535,assets/a2d2/camera/20180925_101535/20180925101535_camera_frontcenter_000094589.png,Bicycle;Buildings;Car;Curbstone;Dashed line;Drivable cobblestone;Irrelevant signs;Nature object;Pedestrian;Poles;RD normal street;RD restricted area;Sidewalk;Signal corpus;Sky;Solid line;Traffic guide obj.;Traffic sign;Traffic signal;Truck;Utility vehicle
20180925_101535,assets/a2d2/camera/20180925_101535/20180925101535_camera_frontcenter_000095576.png,Bicycle;Buildings;Car;Curbstone;Dashed line;Irrelevant signs;Nature object;Pedestrian;Poles;RD normal street;RD restricted area;Sidewalk;Signal corpus;Sky;Solid line;Traffic guide obj.;Traffic sign;Truck;Utility vehicle
20180925_101535,assets/a2d2/camera/20180925_101535/20180925101535_camera_frontcenter_000096226.png,Animals;Bicycle;Buildings;Curbstone;Dashed line;Drivable cobblestone;Grid structure;Irrelevant signs;Nature object;Non-drivable street;Obstacles / trash;Pedestrian;Poles;RD normal street;Sidewalk;Signal corpus;Traffic sign
20180925_101535,assets/a2d2/camera/20180925_101535/20180925101535_camera_frontcenter_000097574.png,Bicycle;Buildings;Car;Curbstone;Drivable cobblestone;Irrelevant signs;Nature object;Non-drivable street;Obstacles / trash;Parking area;Pedestrian;Poles;RD normal street;Sidewalk;Signal corpus;Sky;Traffic sign;Truck;Utility vehicle
20180925_101535,assets/a2d2/camera/20180925_101535/20180925101535_camera_frontcenter_000099079.png,Buildings;Car;Curbstone;Dashed line;Drivable cobblestone;Irrelevant signs;Nature object;Non-drivable street;Parking area;Poles;RD normal street;Sidewalk;Signal corpus;Sky;Solid line;Traffic sign;Truck
20180925_112730,assets/a2d2/camera/20180925_112730/20180925112730_camera_frontcenter_000001000.png,Bicycle;Buildings;Car;Curbstone;Dashed line;Drivable cobblestone;Grid structure;Irrelevant signs;Nature object;Non-drivable street;Obstacles / trash;Poles;RD normal street;Sidewalk;Sky;Slow drive area;Utility vehicle
20180925_112730,assets/a2d2/camera/20180925_112730/20180925112730_camera_frontcenter_000002350.png,Bicycle;Buildings;Car;Curbstone;Dashed line;Drivable cobblestone;Grid structure;Irrelevant signs;Nature object;Non-drivable street;Obstacles / trash;Pedestrian;Poles;RD normal street;Sidewalk;Signal corpus;Sky;Traffic sign;Traffic signal;Truck
20180925_112730,assets/a2d2/camera/20180925_112730/20180925112730_camera_frontcenter_000005170.png,Buildings;Car;Curbstone;Dashed line;Drivable cobblestone;Irrelevant signs;Nature object;Obstacles / trash;Pedestrian;Poles;RD normal street;Sidewalk;Sky;Traffic sign;Traffic signal;Truck
20180925_112730,assets/a2d2/camera/20180925_112730/20180925112730_camera_frontcenter_000007150.png,Buildings;Car;Curbstone;Dashed line;Drivable cobblestone;Nature object;Non-drivable street;Obstacles / trash;RD normal street;RD restricted area;Sidewalk;Sky;Solid line;Utility vehicle
20180925_112730,assets/a2d2/camera/20180925_112730/20180925112730_camera_frontcenter_000009310.png,Bicycle;Buildings;Car;Curbstone;Dashed line;Drivable cobblestone;Irrelevant signs;Nature object;Non-drivable street;Obstacles / trash;Pedestrian;Poles;RD normal street;Sidewalk;Signal corpus;Sky;Solid line;Traffic sign;Traffic signal
20180925_112730,assets/a2d2/camera/20180925_112730/20180925112730_camera_frontcenter_000010063.png,Buildings;Car;Curbstone;Dashed line;Drivable cobblestone;Grid structure;Irrelevant signs;Nature object;Non-drivable street;Obstacles / trash;Poles;RD normal street;RD restricted area;Sidewalk;Sky;Solid line;Traffic guide obj.;Traffic sign
20180925_112730,assets/a2d2/camera/20180925_112730/20180925112730_camera_frontcenter_000010660.png,Buildings;Car;Curbstone;Dashed line;Drivable cobblestone;Grid structure;Nature object;Non-drivable street;Obstacles / trash;Painted driv. instr.;Poles;RD normal street;Sidewalk;Signal corpus;Sky;Traffic sign;Truck;Utility vehicle
20180925_112730,assets/a2d2/camera/20180925_112730/20180925112730_camera_frontcenter_000011170.png,Buildings;Car;Curbstone;Dashed line;Drivable cobblestone;Irrelevant signs;Nature object;Non-drivable street;Poles;RD normal street;Sidewalk;Signal corpus;Sky;Traffic sign;Utility vehicle
20180925_112730,assets/a2d2/camera/20180925_112730/20180925112730_camera_frontcenter_000011655.png,Buildings;Car;Curbstone;Dashed line;Irrelevant signs;Nature object;Non-drivable street;Parking area;Pedestrian;Poles;RD normal street;Sidewalk;Signal corpus;Sky;Traffic sign
20180925_112730,assets/a2d2/camera/20180925_112730/20180925112730_camera_frontcenter_000013140.png,Bicycle;Buildings;Car;Curbstone;Dashed line;Drivable cobblestone;Irrelevant signs;Nature object;Non-drivable street;Obstacles / trash;Pedestrian;Poles;RD normal street;Sidewalk;Signal corpus;Sky;Traffic sign;Traffic signal;Utility vehicle
20180925_112730,assets/a2d2/camera/20180925_112730/20180925112730_camera_frontcenter_000013792.png,Buildings;Car;Curbstone;Dashed line;Irrelevant signs;Nature object;Non-drivable street;Parking area;Poles;RD normal street;Sidewalk;Signal corpus;Sky
20180925_112730,assets/a2d2/camera/20180925_112730/20180925112730_camera_frontcenter_000014189.png,Buildings;Car;Curbstone;Dashed line;Irrelevant signs;Nature object;Non-drivable street;Obstacles / trash;Parking area;Pedestrian;Poles;RD normal street;Sidewalk;Sky
20180925_112730,assets/a2d2/camera/20180925_112730/20180925112730_camera_frontcenter_000014560.png,Buildings;Car;Curbstone;Dashed line;Drivable cobblestone;Irrelevant signs;Nature object;Non-drivable street;Obstacles / trash;Parking area;Pedestrian;Poles;RD normal street;Sidewalk;Signal corpus;Sky;Traffic sign
20180925_112730,assets/a2d2/camera/20180925_112730/20180925112730_camera_frontcenter_000014920.png,Buildings;Car;Curbstone;Dashed line;Drivable cobblestone;Irrelevant signs;Nature object;Non-drivable street;Parking area;Poles;RD normal street;Sidewalk;Sky
20180925_112730,assets/a2d2/camera/20180925_112730/20180925112730_camera_frontcenter_000015528.png,Bicycle;Buildings;Car;Curbstone;Dashed line;Drivable cobblestone;Grid structure;Irrelevant signs;Nature object;Parking area;Poles;RD normal street;Sidewalk;Sky;Small vehicles
20180925_112730,assets/a2d2/camera/20180925_112730/20180925112730_camera_frontcenter_000016390.png,Buildings;Car;Curbstone;Dashed line;Grid structure;Nature object;Parking area;Poles;RD normal street;Sidewalk;Signal corpus;Sky;Traffic sign
20180925_112730,assets/a2d2/camera/20180925_112730/20180925112730_camera_frontcenter_000016931.png,Buildings;Car;Curbstone;Dashed line;Grid structure;Irrelevant signs;Nature object;Painted driv. instr.;Parking area;Poles;RD normal street;Sidewalk;Sky;Truck
20180925_112730,assets/a2d2/camera/20180925_112730/20180925112730_camera_frontcenter_000017537.png,Buildings;Car;Curbstone;Dashed line;Drivable cobblestone;Irrelevant signs;Nature object;Parking area;Pedestrian;Poles;RD normal street;RD restricted area;Sidewalk;Sky;Solid line;Traffic sign;Truck
20180925_112730,assets/a2d2/camera/20180925_112730/20180925112730_camera_frontcenter_000018730.png,Buildings;Car;Curbstone;Dashed line;Drivable cobblestone;Grid structure;Irrelevant signs;Nature object;Obstacles / trash;Painted driv. instr.;Poles;RD normal street;Sidewalk;Signal corpus;Sky;Solid line;Traffic sign;Traffic signal;Truck
20180925_112730,assets/a2d2/camera/20180925_112730/20180925112730_camera_frontcenter_000019180.png,Buildings;Car;Curbstone;Dashed line;Nature object;Obstacles / trash;Parking area;Pedestrian;Poles;RD normal street;Sky
20180925_112730,assets/a2d2/camera/20180925_112730/20180925112730_camera_frontcenter_000019827.png,Buildings;Car;Curbstone;Dashed line;Drivable cobblestone;Grid structure;Irrelevant signs;Nature object;Obstacles / trash;Pedestrian;Poles;RD normal street;Sidewalk;Signal corpus;Sky;Traffic sign;Traffic signal
20180925_112730,assets/a2d2/camera/20180925_112730/20180925112730_camera_frontcenter_000020668.png,Buildings;Car;Curbstone;Dashed line;Drivable cobblestone;Irrelevant signs;Nature object;Obstacles / trash;Parking area;Poles;RD normal street;Sidewalk;Sky;Solid line;Traffic guide obj.;Traffic sign
20180925_112730,assets/a2d2/camera/20180925_112730/20180925112730_camera_frontcenter_000023090.png,Buildings;Car;Curbstone;Dashed line;Drivable cobblestone;Grid structure;Irrelevant signs;Nature object;Poles;RD normal street;Sidewalk;Signal corpus;Sky;Traffic sign;Truck
20180925_112730,assets/a2d2/camera/20180925_112730/20180925112730_camera_frontcenter_000023720.png,Bicycle;Buildings;Car;Curbstone;Nature object;Parking area;Poles;RD normal street;Sidewalk;Sky
20180925_112730,assets/a2d2/camera/20180925_112730/20180925112730_camera_frontcenter_000024220.png,Buildings;Car;Curbstone;Dashed line;Drivable cobblestone;Grid structure;Irrelevant signs;Nature object;Obstacles / trash;Poles;RD normal street;Sidewalk;Signal corpus;Sky;Solid line;Traffic sign;Traffic signal;Truck
20180925_112730,assets/a2d2/camera/20180925_112730/20180925112730_camera_frontcenter_000025049.png,Buildings;Car;Curbstone;Dashed line;Irrelevant signs;Nature object;Painted driv. instr.;Parking area;Poles;RD normal street;Sidewalk;Signal corpus;Sky;Solid line;Traffic sign
20180925_112730,assets/a2d2/camera/20180925_112730/20180925112730_camera_frontcenter_000026088.png,Buildings;Car;Curbstone;Dashed line;Irrelevant signs;Nature object;Parking area;Poles;RD normal street;Signal corpus;Sky;Truck
20180925_112730,assets/a2d2/camera/20180925_112730/20180925112730_camera_frontcenter_000026800.png,Bicycle;Blurred area;Buildings;Car;Curbstone;Dashed line;Drivable cobblestone;Grid structure;Irrelevant signs;Nature object;Parking area;Poles;RD normal street;Sidewalk;Signal corpus;Sky;Small vehicles;Truck
20180925_112730,assets/a2d2/camera/20180925_112730/20180925112730_camera_frontcenter_000028144.png,Buildings;Car;Curbstone;Dashed line;Irrelevant signs;Nature object;Pedestrian;Poles;RD normal street;Sidewalk;Signal corpus;Sky;Small vehicles;Traffic sign;Traffic signal;Truck
20180925_112730,assets/a2d2/camera/20180925_112730/20180925112730_camera_frontcenter_000029435.png,Bicycle;Buildings;Car;Curbstone;Dashed line;Drivable cobblestone;Irrelevant signs;Nature object;Painted driv. instr.;Parking area;Poles;RD normal street;Sidewalk;Signal corpus;Sky
20180925_112730,assets/a2d2/camera/20180925_112730/20180925112730_camera_frontcenter_000030698.png,Buildings;Car;Curbstone;Dashed line;Irrelevant signs;Nature object;Non-drivable street;Obstacles / trash;Painted driv. instr.;Poles;RD normal street;Sidewalk;Signal corpus;Sky;Solid line;Traffic sign;Traffic signal;Truck
20180925_112730,assets/a2d2/camera/20180925_112730/20180925112730_camera_frontcenter_000031097.png,Buildings;Car;Curbstone;Dashed line;Irrelevant signs;Nature object;Parking area;Poles;RD normal street;Sidewalk;Signal corpus;Sky;Truck
20180925_112730,assets/a2d2/camera/20180925_112730/20180925112730_camera_frontcenter_000032237.png,Buildings;Car;Curbstone;Dashed line;Drivable cobblestone;Irrelevant signs;Nature object;Obstacles / trash;Parking area;Poles;RD normal street;Sidewalk;Signal corpus;Sky;Slow drive area;Solid line;Truck;Utility vehicle
20180925_112730,assets/a2d2/camera/20180925_112730/20180925112730_camera_frontcenter_000033247.png,Buildings;Car;Curbstone;Dashed line;Drivable cobblestone;Nature object;Parking area;Poles;RD normal street;Sidewalk;Signal corpus;Sky;Truck;Utility vehicle
20180925_112730,assets/a2d2/camera/20180925_112730/20180925112730_camera_frontcenter_000034255.png,Buildings;Car;Curbstone;Dashed line;Grid structure;Irrelevant signs;Nature object;Obstacles / trash;Parking area;Poles;RD normal street;Sidewalk;Sky;Traffic sign;Truck;Utility vehicle
20180925_112730,assets/a2d2/camera/20180925_112730/20180925112730_camera_frontcenter_000035728.png,Buildings;Car;Curbstone;Dashed line;Drivable cobblestone;Irrelevant signs;Nature object;Obstacles / trash;Painted driv. instr.;Parking area;Poles;RD normal street;Sidewalk;Signal corpus;Sky;Truck
20180925_112730,assets/a2d2/camera/20180925_112730/20180925112730_camera_frontcenter_000037081.png,Buildings;Car;Curbstone;Dashed line;Grid structure;Irrelevant signs;Nature object;Parking area;Poles;RD normal street;Sidewalk;Sky;Traffic guide obj.;Traffic sign;Truck
20180925_112730,assets/a2d2/camera/20180925_112730/20180925112730_camera_frontcenter_000038368.png,Bicycle;Buildings;Car;Curbstone;Dashed line;Drivable cobblestone;Irrelevant signs;Nature object;Painted driv. instr.;Pedestrian;Poles;RD normal street;Sidewalk;Signal corpus;Sky;Solid line;Traffic signal;Truck
20180925_112730,assets/a2d2/camera/20180925_112730/20180925112730_camera_frontcenter_000039093.png,Bicycle;Buildings;Car;Curbstone;Drivable cobblestone;Irrelevant signs;Nature object;Painted driv. instr.;Pedestrian;Poles;RD normal street;Sidewalk;Signal corpus;Sky;Solid line;Traffic signal;Truck
20180925_112730,assets/a2d2/camera/20180925_112730/20180925112730_camera_frontcenter_000041277.png,Buildings;Car;Curbstone;Dashed line;Drivable cobblestone;Irrelevant signs;Nature object;Non-drivable street;Pedestrian;Poles;RD normal street;Sidewalk;Signal corpus;Sky;Traffic sign;Truck
20180925_112730,assets/a2d2/camera/20180925_112730/20180925112730_camera_frontcenter_000042732.png,Bicycle;Buildings;Car;Curbstone;Dashed line;Drivable cobblestone;Grid structure;Irrelevant signs;Nature object;Non-drivable street;Poles;RD normal street;Sidewalk;Sky;Traffic sign;Truck
20180925_112730,assets/a2d2/camera/20180925_112730/20180925112730_camera_frontcenter_000044442.png,Bicycle;Buildings;Car;Curbstone;Dashed line;Drivable cobblestone;Grid structure;Nature object;Non-drivable street;Parking area;Pedestrian;Poles;RD normal street;Sidewalk;Sky;Small vehicles;Traffic sign;Truck
20180925_112730,assets/a2d2/camera/20180925_112730/20180925112730_camera_frontcenter_000045312.png,Buildings;Car;Curbstone;Grid structure;Nature object;Non-drivable street;Obstacles / trash;Parking area;Poles;RD normal street;Sidewalk;Signal corpus;Sky;Traffic guide obj.;Traffic sign;Truck;Utility vehicle
20180925_112730,assets/a2d2/camera/20180925_112730/20180925112730_camera_frontcenter_000047726.png,Buildings;Car;Curbstone;Dashed line;Irrelevant signs;Nature object;Non-drivable street;Pedestrian;Poles;RD normal street;Sidewalk;Signal corpus;Sky;Slow drive area;Traffic guide obj.;Traffic sign;Traffic signal;Truck;Utility vehicle
20180925_112730,assets/a2d2/camera/20180925_112730/20180925112730_camera_frontcenter_000048954.png,Buildings;Car;Curbstone;Dashed line;Irrelevant signs;Nature object;Non-drivable street;Obstacles / trash;Pedestrian;Poles;RD normal street;Sidewalk;Signal corpus;Sky;Solid line;Traffic guide obj.;Traffic sign;Traffic signal;Truck;Utility vehicle
20180925_112730,assets/a2d2/camera/20180925_112730/20180925112730_camera_frontcenter_000050692.png,Buildings;Car;Curbstone;Dashed line;Drivable cobblestone;Grid structure;Nature object;Non-drivable street;Obstacles / trash;Painted driv. instr.;Pedestrian;Poles;RD normal street;Sidewalk;Signal corpus;Sky;Truck
20180925_112730,assets/a2d2/camera/20180925_112730/20180925112730_camera_frontcenter_000052364.png,Buildings;Car;Curbstone;Dashed line;Grid structure;Irrelevant signs;Nature object;Non-drivable street;Pedestrian;Poles;RD normal street;Sidewalk;Signal corpus;Sky;Traffic sign;Traffic signal;Truck
20180925_112730,assets/a2d2/camera/20180925_112730/20180925112730_camera_frontcenter_000053001.png,Bicycle;Buildings;Car;Curbstone;Dashed line;Grid structure;Irrelevant signs;Nature object;Non-drivable street;Painted driv. instr.;Poles;RD normal street;Sidewalk;Signal corpus;Sky;Traffic sign;Traffic signal;Truck;Utility vehicle
20180925_112730,assets/a2d2/camera/20180925_112730/20180925112730_camera_frontcenter_000054631.png,Bicycle;Buildings;Car;Curbstone;Dashed line;Drivable cobblestone;Nature object;Obstacles / trash;Parking area;Poles;RD normal street;Sidewalk;Sky;Small vehicles;Traffic sign;Truck
20180925_112730,assets/a2d2/camera/20180925_112730/20180925112730_camera_frontcenter_000055866.png,Bicycle;Buildings;Car;Curbstone;Dashed line;Drivable cobblestone;Grid structure;Irrelevant signs;Nature object;Obstacles / trash;Pedestrian;Poles;RD normal street;Sidewalk;Signal corpus;Sky;Traffic sign;Traffic signal;Truck
20180925_112730,assets/a2d2/camera/20180925_112730/20180925112730_camera_frontcenter_000056955.png,Bicycle;Buildings;Car;Curbstone;Drivable cobblestone;Irrelevant signs;Nature object;Obstacles / trash;Parking area;Pedestrian;Poles;RD normal street;Sidewalk;Signal corpus;Sky;Small vehicles;Traffic sign
20180925_112730,assets/a2d2/camera/20180925_112730/20180925112730_camera_frontcenter_000057604.png,Bicycle;Buildings;Car;Curbstone;Dashed line;Drivable cobblestone;Irrelevant signs;Nature object;Obstacles / trash;Parking area;Poles;RD normal street;Sidewalk;Signal corpus;Sky;Traffic sign
20180925_112730,assets/a2d2/camera/20180925_112730/20180925112730_camera_frontcenter_000058599.png,Bicycle;Buildings;Car;Curbstone;Irrelevant signs;Nature object;Obstacles / trash;Pedestrian;Poles;RD normal street;Sidewalk;Signal corpus;Sky;Small vehicles;Traffic sign
20180925_112730,assets/a2d2/camera/20180925_112730/20180925112730_camera_frontcenter_000060001.png,Bicycle;Buildings;Car;Curbstone;Dashed line;Drivable cobblestone;Irrelevant signs;Nature object;Non-drivable street;Obstacles / trash;Pedestrian;Poles;RD normal street;RD restricted area;Sidewalk;Signal corpus;Sky;Solid line;Traffic sign
20180925_112730,assets/a2d2/camera/20180925_112730/20180925112730_camera_frontcenter_000060878.png,Buildings;Car;Curbstone;Dashed line;Irrelevant signs;Nature object;Non-drivable street;Obstacles / trash;Poles;RD normal street;Sidewalk;Signal corpus;Sky;Solid line;Traffic sign;Traffic signal;Truck;Utility vehicle
20180925_112730,assets/a2d2/camera/20180925_112730/20180925112730_camera_frontcenter_000062099.png,Buildings;Car;Curbstone;Dashed line;Drivable cobblestone;Irrelevant signs;Nature object;Non-drivable street;Obstacles / trash;Poles;RD normal street;Sidewalk;Solid line;Traffic sign
20180925_112730,assets/a2d2/camera/20180925_112730/20180925112730_camera_frontcenter_000062857.png,Buildings;Car;Curbstone;Dashed line;Drivable cobblestone;Irrelevant signs;Nature object;Non-drivable street;Obstacles / trash;Poles;Sidewalk;Signal corpus;Sky;Solid line;Traffic sign;Traffic signal
20180925_112730,assets/a2d2/camera/20180925_112730/20180925112730_camera_frontcenter_000063700.png,Bicycle;Buildings;Car;Curbstone;Dashed line;Drivable cobblestone;Grid structure;Irrelevant signs;Nature object;Non-drivable street;Obstacles / trash;Painted driv. instr.;Pedestrian;Poles;RD normal street;RD restricted area;Sidewalk;Signal corpus;Sky;Solid line;Traffic sign;Traffic signal
20180925_112730,assets/a2d2/camera/20180925_112730/20180925112730_camera_frontcenter_000064519.png,Buildings;Car;Curbstone;Dashed line;Drivable cobblestone;Irrelevant signs;Nature object;Non-drivable street;Obstacles / trash;Poles;RD normal street;Sidewalk;Signal corpus;Sky;Solid line;Traffic sign;Traffic signal;Truck
20180925_112730,assets/a2d2/camera/20180925_112730/20180925112730_camera_frontcenter_000065786.png,Bicycle;Buildings;Car;Curbstone;Dashed line;Drivable cobblestone;Irrelevant signs;Nature object;Obstacles / trash;Pedestrian;Poles;RD normal street;Sidewalk;Signal corpus;Sky;Traffic sign;Truck
20180925_112730,assets/a2d2/camera/20180925_112730/20180925112730_camera_frontcenter_000067117.png,Buildings;Car;Dashed line;Irrelevant signs;Nature object;Parking area;Pedestrian;Poles;RD normal street;Signal corpus;Sky;Small vehicles;Traffic sign
20180925_112730,assets/a2d2/camera/20180925_112730/20180925112730_camera_frontcenter_000068439.png,Bicycle;Buildings;Car;Curbstone;Dashed line;Drivable cobblestone;Irrelevant signs;Pedestrian;Poles;RD normal street;Sidewalk;Signal corpus;Sky;Solid line;Traffic sign;Truck
20180925_112730,assets/a2d2/camera/20180925_112730/20180925112730_camera_frontcenter_000069373.png,Bicycle;Buildings;Curbstone;Pedestrian;Poles;RD normal street;Sidewalk;Signal corpus;Traffic sign
20180925_112730,assets/a2d2/camera/20180925_112730/20180925112730_camera_frontcenter_000070781.png,Bicycle;Buildings;Car;Curbstone;Dashed line;Grid structure;Irrelevant signs;Obstacles / trash;Pedestrian;Poles;RD normal street;Sidewalk;Signal corpus;Solid line;Traffic sign
20180925_112730,assets/a2d2/camera/20180925_112730/20180925112730_camera_frontcenter_000072704.png,Buildings;Car;Dashed line;Irrelevant signs;Nature object;Obstacles / trash;Parking area;Pedestrian;Poles;RD normal street;Sidewalk;Signal corpus;Sky;Traffic sign;Truck
20180925_112730,assets/a2d2/camera/20180925_112730/20180925112730_camera_frontcenter_000073846.png,Bicycle;Buildings;Car;Dashed line;Nature object;Parking area;Pedestrian;Poles;RD normal street;Sidewalk;Signal corpus;Sky;Traffic sign;Truck
20180925_112730,assets/a2d2/camera/20180925_112730/20180925112730_camera_frontcenter_000074804.png,Buildings;Car;Dashed line;Irrelevant signs;Nature object;Obstacles / trash;Parking area;Pedestrian;Poles;RD normal street;Signal corpus;Sky;Traffic sign;Truck
20180925_112730,assets/a2d2/camera/20180925_112730/20180925112730_camera_frontcenter_000076185.png,Bicycle;Buildings;Car;Curbstone;Dashed line;Irrelevant signs;Nature object;Non-drivable street;Obstacles / trash;Painted driv. instr.;Pedestrian;Poles;RD normal street;Sidewalk;Signal corpus;Sky;Solid line;Traffic sign;Traffic signal;Truck
20180925_112730,assets/a2d2/camera/20180925_112730/20180925112730_camera_frontcenter_000076857.png,Buildings;Car;Curbstone;Dashed line;Grid structure;Irrelevant signs;Nature object;Non-drivable street;Obstacles / trash;Poles;RD normal street;Sky;Solid line;Traffic guide obj.;Traffic sign;Truck
20180925_112730,assets/a2d2/camera/20180925_112730/20180925112730_camera_frontcenter_000077915.png,Bicycle;Buildings;Car;Curbstone;Dashed line;Drivable cobblestone;Irrelevant signs;Nature object;Parking area;Pedestrian;Poles;RD normal street;Sidewalk;Signal corpus;Sky;Traffic sign;Truck
20180925_112730,assets/a2d2/camera/20180925_112730/20180925112730_camera_frontcenter_000079843.png,Bicycle;Buildings;Car;Curbstone;Dashed line;Drivable cobblestone;Irrelevant signs;Nature object;Pedestrian;Poles;RD normal street;Sidewalk;Sky;Solid line;Traffic sign
20180925_112730,assets/a2d2/camera/20180925_112730/20180925112730_camera_frontcenter_000081568.png,Bicycle;Buildings;Car;Curbstone;Dashed line;Drivable cobblestone;Irrelevant signs;Nature object;Non-drivable street;Pedestrian;Poles;RD normal street;Sidewalk;Signal corpus;Sky;Solid line;Traffic sign;Traffic signal
20180925_112730,assets/a2d2/camera/20180925_112730/20180925112730_camera_frontcenter_000082908.png,Buildings;Car;Curbstone;Dashed line;Drivable cobblestone;Grid structure;Nature object;Non-drivable street;Obstacles / trash;Pedestrian;Poles;RD normal street;Sidewalk;Signal corpus;Sky;Solid line;Traffic guide obj.;Traffic sign;Traffic signal;Truck
20180925_112730,assets/a2d2/camera/20180925_112730/20180925112730_camera_frontcenter_000084403.png,Buildings;Car;Curbstone;Dashed line;Grid structure;Irrelevant signs;Nature object;Obstacles / trash;Poles;RD normal street;RD restricted area;Sidewalk;Signal corpus;Sky;Solid line;Traffic sign;Traffic signal
20180925_112730,assets/a2d2/camera/20180925_112730/20180925112730_camera_frontcenter_000085210.png,Buildings;Car;Curbstone;Dashed line;Drivable cobblestone;Grid structure;Irrelevant signs;Nature object;Pedestrian;Poles;RD normal street;Sidewalk;Signal corpus;Sky;Solid line;Traffic sign;Traffic signal
20180925_112730,assets/a2d2/camera/20180925_112730/20180925112730_camera_frontcenter_000086665.png,Buildings;Car;Dashed line;Drivable cobblestone;Irrelevant signs;Nature object;Parking area;Poles;RD normal street;RD restricted area;Sidewalk;Sky;Solid line;Traffic sign;Truck
20180925_112730,assets/a2d2/camera/20180925_112730/20180925112730_camera_frontcenter_000087487.png,Bicycle;Buildings;Car;Curbstone;Dashed line;Drivable cobblestone;Irrelevant signs;Nature object;Parking area;Pedestrian;Poles;RD normal street;RD restricted area;Sidewalk;Signal corpus;Sky;Solid line;Traffic sign;Truck
20180925_112730,assets/a2d2/camera/20180925_112730/20180925112730_camera_frontcenter_000088355.png,Bicycle;Buildings;Car;Curbstone;Dashed line;Irrelevant signs;Nature object;Obstacles / trash;Poles;RD normal street;Sidewalk;Sky;Solid line;Traffic guide obj.;Utility vehicle
20180925_112730,assets/a2d2/camera/20180925_112730/20180925112730_camera_frontcenter_000089259.png,Buildings;Car;Curbstone;Dashed line;Grid structure;Irrelevant signs;Nature object;Non-drivable street;Obstacles / trash;Pedestrian;Poles;RD normal street;Sidewalk;Sky;Solid line;Traffic guide obj.;Traffic sign;Truck
20180925_112730,assets/a2d2/camera/20180925_112730/20180925112730_camera_frontcenter_000090609.png,Bicycle;Buildings;Car;Dashed line;Grid structure;Irrelevant signs;Nature object;Poles;RD normal street;Signal corpus;Sky;Small vehicles;Solid line;Traffic sign;Traffic signal
20180925_112730,assets/a2d2/camera/20180925_112730/20180925112730_camera_frontcenter_000091403.png,Buildings;Car;Curbstone;Drivable cobblestone;Electronic traffic;Irrelevant signs;Nature object;Non-drivable street;Obstacles / trash;Pedestrian;Poles;RD normal street;RD restricted area;Sidewalk;Signal corpus;Sky;Solid line;Traffic sign
20180925_112730,assets/a2d2/camera/20180925_112730/20180925112730_camera_frontcenter_000093277.png,Buildings;Car;Curbstone;Dashed line;Drivable cobblestone;Irrelevant signs;Nature object;Non-drivable street;Painted driv. instr.;Poles;RD normal street;Sidewalk;Signal corpus;Sky;Traffic sign;Truck
20180925_112730,assets/a2d2/camera/20180925_112730/20180925112730_camera_frontcenter_000094261.png,Bicycle;Buildings;Car;Curbstone;Dashed line;Grid structure;Irrelevant signs;Nature object;Parking area;Pedestrian;Poles;RD normal street;RD restricted area;Sidewalk;Signal corpus;Sky;Solid line;Traffic guide obj.;Traffic sign;Truck
20180925_112730,assets/a2d2/camera/20180925_112730/20180925112730_camera_frontcenter_000096116.png,Bicycle;Buildings;Car;Curbstone;Dashed line;Drivable cobblestone;Irrelevant signs;Nature object;Non-drivable street;Obstacles / trash;Pedestrian;Poles;RD normal street;RD restricted area;Sidewalk;Signal corpus;Sky;Solid line;Traffic sign;Traffic signal
20180925_112730,assets/a2d2/camera/20180925_112730/20180925112730_camera_frontcenter_000097156.png,Bicycle;Buildings;Car;Curbstone;Dashed line;Grid structure;Irrelevant signs;Nature object;Non-drivable street;Obstacles / trash;Painted driv. instr.;Parking area;Pedestrian;Poles;RD normal street;Sidewalk;Signal corpus;Sky;Solid line;Traffic sign;Traffic signal
20180925_112730,assets/a2d2/camera/20180925_112730/20180925112730_camera_frontcenter_000098062.png,Animals;Bicycle;Buildings;Car;Curbstone;Dashed line;Drivable cobblestone;Irrelevant signs;Nature object;Non-drivable street;Obstacles / trash;Pedestrian;Poles;RD normal street;RD restricted area;Sidewalk;Signal corpus;Sky;Traffic sign;Traffic signal;Truck
20180925_124435,assets/a2d2/camera/20180925_124435/20180925124435_camera_frontcenter_000001180.png,Bicycle;Car;Curbstone;Dashed line;Irrelevant signs;Nature object;Poles;RD normal street;Sidewalk;Sky;Traffic sign;Truck
20180925_124435,assets/a2d2/camera/20180925_124435/20180925124435_camera_frontcenter_000005770.png,Car;Curbstone;Dashed line;Drivable cobblestone;Grid structure;Nature object;Parking area;RD normal street;Signal corpus;Sky;Truck
20180925_124435,assets/a2d2/camera/20180925_124435/20180925124435_camera_frontcenter_000010060.png,Buildings;Car;Curbstone;Non-drivable street;Obstacles / trash;RD normal street;RD restricted area;Road blocks;Signal corpus;Solid line
20180925_124435,assets/a2d2/camera/20180925_124435/20180925124435_camera_frontcenter_000011260.png,Buildings;Car;Curbstone;Irrelevant signs;Nature object;Non-drivable street;Poles;RD normal street;Road blocks;Sky;Solid line
20180925_124435,assets/a2d2/camera/20180925_124435/20180925124435_camera_frontcenter_000012289.png,Animals;Bicycle;Buildings;Car;Curbstone;Dashed line;Drivable cobblestone;Grid structure;Irrelevant signs;Nature object;Parking area;Pedestrian;Poles;RD normal street;Sidewalk;Sky;Solid line;Traffic sign
20180925_124435,assets/a2d2/camera/20180925_124435/20180925124435_camera_frontcenter_000013094.png,Buildings;Car;Curbstone;Dashed line;Drivable cobblestone;Irrelevant signs;Nature object;Non-drivable street;Painted driv. instr.;Pedestrian;Poles;RD normal street;Sidewalk;Signal corpus;Sky;Solid line;Traffic sign;Traffic signal;Truck
20180925_124435,assets/a2d2/camera/20180925_124435/20180925124435_camera_frontcenter_000014200.png,Bicycle;Buildings;Car;Curbstone;Dashed line;Drivable cobblestone;Irrelevant signs;Nature object;Pedestrian;Poles;RD normal street;Sidewalk;Signal corpus;Sky;Solid line;Traffic sign;Truck
20180925_124435,assets/a2d2/camera/20180925_124435/20180925124435_camera_frontcenter_000015025.png,Buildings;Car;Curbstone;Dashed line;Drivable cobblestone;Irrelevant signs;Nature object;Parking area;Poles;RD normal street;RD restricted area;Road blocks;Sidewalk;Signal corpus;Sky;Solid line;Traffic sign;Truck
20180925_124435,assets/a2d2/camera/20180925_124435/20180925124435_camera_frontcenter_000017209.png,Buildings;Car;Curbstone;Dashed line;Drivable cobblestone;Grid structure;Irrelevant signs;Nature object;Obstacles / trash;Poles;RD normal street;Sidewalk;Signal corpus;Sky;Traffic sign;Traffic signal;Truck
20180925_124435,assets/a2d2/camera/20180925_124435/20180925124435_camera_frontcenter_000018067.png,Bicycle;Buildings;Car;Curbstone;Dashed line;Nature object;Poles;RD normal street;Sidewalk;Sky
20180925_124435,assets/a2d2/camera/20180925_124435/20180925124435_camera_frontcenter_000018739.png,Buildings;Car;Curbstone;Dashed line;Irrelevant signs;Nature object;Non-drivable street;Obstacles / trash;Parking area;Poles;RD normal street;RD restricted area;Sidewalk;Signal corpus;Sky;Solid line;Traffic sign;Truck
20180925_124435,assets/a2d2/camera/20180925_124435/20180925124435_camera_frontcenter_000019285.png,Buildings;Car;Curbstone;Dashed line;Drivable cobblestone;Grid structure;Irrelevant signs;Nature object;Non-drivable street;Obstacles / trash;Parking area;Pedestrian;Poles;RD normal street;RD restricted area;Sidewalk;Signal corpus;Sky;Solid line;Traffic sign;Traffic signal;Truck
20180925_124435,assets/a2d2/camera/20180925_124435/20180925124435_camera_frontcenter_000020208.png,Bicycle;Buildings;Car;Curbstone;Dashed line;Drivable cobblestone;Irrelevant signs;Nature object;Non-drivable street;Obstacles / trash;Painted driv. instr.;Pedestrian;Poles;RD normal street;Sidewalk;Signal corpus;Sky;Traffic sign;Traffic signal
20180925_124435,assets/a2d2/camera/20180925_124435/20180925124435_camera_frontcenter_000020890.png,Buildings;Car;Curbstone;Irrelevant signs;Nature object;Non-drivable street;Obstacles / trash;Parking area;Pedestrian;Poles;RD normal street;Sidewalk;Signal corpus;Sky;Traffic sign;Traffic signal
20180925_124435,assets/a2d2/camera/20180925_124435/20180925124435_camera_frontcenter_000021949.png,Bicycle;Buildings;Car;Curbstone;Nature object;Non-drivable street;Poles;RD normal street;Sidewalk;Signal corpus;Sky;Traffic sign
20180925_124435,assets/a2d2/camera/20180925_124435/20180925124435_camera_frontcenter_000022584.png,Buildings;Car;Curbstone;Dashed line;Drivable cobblestone;Irrelevant signs;Nature object;Non-drivable street;Obstacles / trash;Pedestrian;Poles;RD normal street;Sidewalk;Signal corpus;Sky;Solid line;Traffic guide obj.;Traffic sign;Traffic signal;Truck
20180925_124435,assets/a2d2/camera/20180925_124435/20180925124435_camera_frontcenter_000023417.png,Bicycle;Buildings;Car;Curbstone;Drivable cobblestone;Grid structure;Irrelevant signs;Nature object;Non-drivable street;Obstacles / trash;Painted driv. instr.;Pedestrian;Poles;RD normal street;RD restricted area;Sidewalk;Signal corpus;Sky;Solid line;Traffic sign;Traffic signal
20180925_124435,assets/a2d2/camera/20180925_124435/20180925124435_camera_frontcenter_000024665.png,Bicycle;Buildings;Car;Curbstone;Drivable cobblestone;Grid structure;Irrelevant signs;Nature object;Non-drivable street;Obstacles / trash;Painted driv. instr.;Pedestrian;Poles;RD normal street;RD restricted area;Sidewalk;Signal corpus;Sky;Solid line;Traffic sign;Traffic signal
20180925_124435,assets/a2d2/camera/20180925_124435/20180925124435_camera_frontcenter_000025773.png,Buildings;Car;Curbstone;Dashed line;Irrelevant signs;Nature object;Obstacles / trash;Parking area;Poles;RD normal street;Sidewalk;Signal corpus;Sky;Solid line;Traffic sign
20180925_124435,assets/a2d2/camera/20180925_124435/20180925124435_camera_frontcenter_000026500.png,Bicycle;Buildings;Car;Curbstone;Dashed line;Irrelevant signs;Nature object;Painted driv. instr.;Parking area;Pedestrian;Poles;RD normal street;Sidewalk;Signal corpus;Sky;Traffic sign
20180925_124435,assets/a2d2/camera/20180925_124435/20180925124435_camera_frontcenter_000027693.png,Bicycle;Buildings;Car;Dashed line;Nature object;Painted driv. instr.;Parking area;Pedestrian;Poles;RD normal street;Sidewalk;Signal corpus;Sky;Solid line;Traffic sign;Traffic signal;Truck
20180925_124435,assets/a2d2/camera/20180925_124435/20180925124435_camera_frontcenter_000028383.png,Bicycle;Buildings;Car;Curbstone;Dashed line;Irrelevant signs;Nature object;Obstacles / trash;Parking area;Pedestrian;Poles;RD normal street;Sidewalk;Signal corpus;Sky;Solid line;Traffic sign;Traffic signal
20180925_124435,assets/a2d2/camera/20180925_124435/20180925124435_camera_frontcenter_000029648.png,Bicycle;Buildings;Car;Dashed line;Drivable cobblestone;Nature object;Pedestrian;Poles;RD normal street;Sidewalk;Signal corpus;Sky;Traffic signal
20180925_124435,assets/a2d2/camera/20180925_124435/20180925124435_camera_frontcenter_000030745.png,Bicycle;Buildings;Car;Dashed line;Drivable cobblestone;Grid structure;Nature object;Parking area;Pedestrian;RD normal street;Sky;Solid line;Traffic guide obj.
20180925_124435,assets/a2d2/camera/20180925_124435/20180925124435_camera_frontcenter_000031866.png,Buildings;Car;Curbstone;Dashed line;Drivable cobblestone;Irrelevant signs;Nature object;Non-drivable street;Pedestrian;Poles;RD normal street;Sidewalk;Signal corpus;Sky;Small vehicles;Solid line;Traffic sign;Traffic signal
20180925_124435,assets/a2d2/camera/20180925_124435/20180925124435_camera_frontcenter_000033428.png,Bicycle;Buildings;Car;Curbstone;Dashed line;Drivable cobblestone;Irrelevant signs;Nature object;Obstacles / trash;Painted driv. instr.;Pedestrian;Poles;RD normal street;Sidewalk;Signal corpus;Sky;Solid line;Traffic sign
20180925_124435,assets/a2d2/camera/20180925_124435/20180925124435_camera_frontcenter_000034978.png,Bicycle;Buildings;Car;Curbstone;Dashed line;Irrelevant signs;Nature object;Non-drivable street;Painted driv. instr.;Pedestrian;Poles;RD normal street;Sidewalk;Signal corpus;Sky;Solid line;Traffic sign;Traffic signal;Utility vehicle
20180925_124435,assets/a2d2/camera/20180925_124435/20180925124435_camera_frontcenter_000036130.png,Buildings;Car;Curbstone;Dashed line;Irrelevant signs;Nature object;Non-drivable street;Pedestrian;Poles;RD normal street;Sidewalk;Signal corpus;Sky;Traffic sign;Utility vehicle
20180925_124435,assets/a2d2/camera/20180925_124435/20180925124435_camera_frontcenter_000037323.png,Bicycle;Buildings;Car;Curbstone;Dashed line;Irrelevant signs;Nature object;Non-drivable street;Pedestrian;Poles;RD normal street;Sidewalk;Signal corpus;Sky;Traffic sign;Truck
20180925_124435,assets/a2d2/camera/20180925_124435/20180925124435_camera_frontcenter_000038221.png,Bicycle;Buildings;Car;Curbstone;Dashed line;Drivable cobblestone;Grid structure;Irrelevant signs;Nature object;Non-drivable street;Obstacles / trash;Parking area;Pedestrian;Poles;RD normal street;Sidewalk;Signal corpus;Sky;Solid line;Traffic guide obj.;Traffic sign;Truck;Utility vehicle
20180925_124435,assets/a2d2/camera/20180925_124435/20180925124435_camera_frontcenter_000039148.png,Buildings;Car;Curbstone;Irrelevant signs;Nature object;Non-drivable street;Obstacles / trash;Parking area;Poles;RD normal street;Sidewalk;Sky;Solid line;Traffic guide obj.;Truck
20180925_124435,assets/a2d2/camera/20180925_124435/20180925124435_camera_frontcenter_000040425.png,Bicycle;Buildings;Car;Curbstone;Nature object;Non-drivable street;Parking area;Poles;RD normal street;Sidewalk;Signal corpus;Sky;Solid line;Traffic guide obj.;Truck
20180925_124435,assets/a2d2/camera/20180925_124435/20180925124435_camera_frontcenter_000041257.png,Buildings;Car;Curbstone;Dashed line;Irrelevant signs;Nature object;Non-drivable street;Obstacles / trash;Pedestrian;Poles;RD normal street;Sidewalk;Signal corpus;Sky;Solid line;Traffic guide obj.;Traffic sign;Traffic signal;Truck
20180925_124435,assets/a2d2/camera/20180925_124435/20180925124435_camera_frontcenter_000042060.png,Buildings;Car;Curbstone;Dashed line;Irrelevant signs;Nature object;Non-drivable street;Obstacles / trash;Painted driv. instr.;Poles;RD normal street;Sidewalk;Signal corpus;Sky;Traffic guide obj.;Traffic sign;Truck
20180925_124435,assets/a2d2/camera/20180925_124435/20180925124435_camera_frontcenter_000043103.png,Buildings;Car;Curbstone;Dashed line;Irrelevant signs;Nature object;Non-drivable street;Poles;RD normal street;Sidewalk;Sky;Slow drive area;Traffic sign;Truck
20180925_124435,assets/a2d2/camera/20180925_124435/20180925124435_camera_frontcenter_000044062.png,Bicycle;Buildings;Car;Curbstone;Dashed line;Drivable cobblestone;Irrelevant signs;Nature object;Non-drivable street;Pedestrian;Poles;RD normal street;RD restricted area;Sidewalk;Signal corpus;Sky;Solid line;Traffic sign;Traffic signal;Truck;Utility vehicle
20180925_124435,assets/a2d2/camera/20180925_124435/20180925124435_camera_frontcenter_000045054.png,Bicycle;Buildings;Car;Curbstone;Dashed line;Irrelevant signs;Nature object;Non-drivable street;Parking area;Poles;RD normal street;Sidewalk;Sky;Traffic sign;Truck
20180925_124435,assets/a2d2/camera/20180925_124435/20180925124435_camera_frontcenter_000045800.png,Bicycle;Buildings;Car;Curbstone;Dashed line;Drivable cobblestone;Irrelevant signs;Nature object;Non-drivable street;Obstacles / trash;Painted driv. instr.;Pedestrian;Poles;RD normal street;Sidewalk;Signal corpus;Sky
20180925_124435,assets/a2d2/camera/20180925_124435/20180925124435_camera_frontcenter_000046739.png,Bicycle;Buildings;Car;Curbstone;Dashed line;Drivable cobblestone;Irrelevant signs;Nature object;Pedestrian;Poles;RD normal street;Sidewalk;Signal corpus;Sky;Small vehicles;Solid line;Traffic sign;Traffic signal;Truck;Utility vehicle
20180925_124435,assets/a2d2/camera/20180925_124435/20180925124435_camera_frontcenter_000047830.png,Buildings;Car;Curbstone;Dashed line;Irrelevant signs;Nature object;Non-drivable street;Obstacles / trash;Parking area;Poles;RD normal street;Sidewalk;Signal corpus;Sky;Traffic guide obj.;Traffic sign
20180925_124435,assets/a2d2/camera/20180925_124435/20180925124435_camera_frontcenter_000048871.png,Buildings;Car;Curbstone;Dashed line;Irrelevant signs;Nature object;Obstacles / trash;Painted driv. instr.;Pedestrian;Poles;RD normal street;Sidewalk;Signal corpus;Sky;Traffic sign;Truck
20180925_124435,assets/a2d2/camera/20180925_124435/20180925124435_camera_frontcenter_000049635.png,Buildings;Car;Curbstone;Dashed line;Irrelevant signs;Nature object;Non-drivable street;Obstacles / trash;Painted driv. instr.;Pedestrian;Poles;RD normal street;Sidewalk;Signal corpus;Sky;Small vehicles;Traffic sign;Traffic signal;Truck
20180925_124435,assets/a2d2/camera/20180925_124435/20180925124435_camera_frontcenter_000050406.png,Bicycle;Buildings;Car;Curbstone;Dashed line;Grid structure;Nature object;Non-drivable street;Obstacles / trash;Parking area;Poles;RD normal street;Sidewalk;Sky;Traffic guide obj.;Traffic sign;Truck;Utility vehicle
20180925_124435,assets/a2d2/camera/20180925_124435/20180925124435_camera_frontcenter_000051466.png,Bicycle;Buildings;Car;Curbstone;Dashed line;Drivable cobblestone;Irrelevant signs;Nature object;Non-drivable street;Obstacles / trash;Painted driv. instr.;Pedestrian;Poles;RD normal street;Sidewalk;Signal corpus;Sky;Solid line;Traffic guide obj.;Traffic sign;Traffic signal
20180925_124435,assets/a2d2/camera/20180925_124435/20180925124435_camera_frontcenter_000052179.png,Buildings;Car;Curbstone;Dashed line;Drivable cobblestone;Irrelevant signs;Nature object;Non-drivable street;Pedestrian;Poles;RD normal street;Sidewalk;Signal corpus;Sky;Traffic sign;Traffic signal
20180925_124435,assets/a2d2/camera/20180925_124435/20180925124435_camera_frontcenter_000053380.png,Buildings;Car;Curbstone;Dashed line;Drivable cobblestone;Grid structure;Nature object;Parking area;RD normal street;Traffic sign
20180925_124435,assets/a2d2/camera/20180925_124435/20180925124435_camera_frontcenter_000054319.png,Buildings;Car;Curbstone;Dashed line;Irrelevant signs;Nature object;Obstacles / trash;Painted driv. instr.;Parking area;Pedestrian;Poles;RD normal street;Sidewalk;Signal corpus;Sky;Traffic guide obj.;Traffic sign
20180925_124435,assets/a2d2/camera/20180925_124435/20180925124435_camera_frontcenter_000055605.png,Buildings;Car;Curbstone;Nature object;Non-drivable street;Obstacles / trash;Parking area;Pedestrian;Poles;RD normal street;Sidewalk;Signal corpus;Sky;Solid line;Traffic guide obj.;Traffic sign;Utility vehicle
20180925_124435,assets/a2d2/camera/20180925_124435/20180925124435_camera_frontcenter_000056913.png,Bicycle;Buildings;Car;Curbstone;Irrelevant signs;Nature object;Non-drivable street;Obstacles / trash;Pedestrian;Poles;RD normal street;Sidewalk;Signal corpus;Sky;Traffic guide obj.;Traffic signal;Utility vehicle
20180925_124435,assets/a2d2/camera/20180925_124435/20180925124435_camera_frontcenter_000057763.png,Buildings;Car;Curbstone;Drivable cobblestone;Grid structure;Irrelevant signs;Nature object;Painted driv. instr.;Parking area;Pedestrian;Poles;RD normal street;Sidewalk;Sky;Solid line;Traffic guide obj.;Traffic sign;Truck
20180925_124435,assets/a2d2/camera/20180925_124435/20180925124435_camera_frontcenter_000058794.png,Bicycle;Buildings;Car;Curbstone;Drivable cobblestone;Nature object;Non-drivable street;Parking area;Pedestrian;Poles;RD normal street;Sidewalk;Sky;Solid line;Truck
20180925_124435,assets/a2d2/camera/20180925_124435/20180925124435_camera_frontcenter_000061969.png,Buildings;Car;Curbstone;Dashed line;Drivable cobblestone;Irrelevant signs;Nature object;Obstacles / trash;Poles;RD normal street;Sidewalk;Signal corpus;Sky;Traffic sign
20180925_124435,assets/a2d2/camera/20180925_124435/20180925124435_camera_frontcenter_000062874.png,Bicycle;Buildings;Car;Curbstone;Dashed line;Drivable cobblestone;Grid structure;Irrelevant signs;Nature object;Non-drivable street;Pedestrian;Poles;RD normal street;Sidewalk;Signal corpus;Sky;Small vehicles;Traffic sign;Traffic signal
20180925_124435,assets/a2d2/camera/20180925_124435/20180925124435_camera_frontcenter_000064015.png,Bicycle;Buildings;Car;Grid structure;Nature object;Obstacles / trash;Poles;RD normal street;Sidewalk;Sky;Solid line;Traffic sign
20180925_124435,assets/a2d2/camera/20180925_124435/20180925124435_camera_frontcenter_000064962.png,Bicycle;Buildings;Car;Curbstone;Dashed line;Irrelevant signs;Nature object;Obstacles / trash;Painted driv. instr.;Parking area;Poles;RD normal street;Sidewalk;Signal corpus;Sky;Solid line;Traffic sign;Traffic signal
20180925_124435,assets/a2d2/camera/20180925_124435/20180925124435_camera_frontcenter_000065821.png,Buildings;Car;Curbstone;Drivable cobblestone;Irrelevant signs;Nature object;Obstacles / trash;Poles;RD normal street;Sidewalk;Sky;Traffic sign
20180925_124435,assets/a2d2/camera/20180925_124435/20180925124435_camera_frontcenter_000067019.png,Bicycle;Buildings;Car;Curbstone;Nature object;Pedestrian;Poles;RD normal street;Sidewalk;Sky
20180925_124435,assets/a2d2/camera/20180925_124435/20180925124435_camera_frontcenter_000068136.png,Bicycle;Buildings;Car;Curbstone;Drivable cobblestone;Nature object;Non-drivable street;Obstacles / trash;RD normal street;Sidewalk;Signal corpus;Sky;Small vehicles;Truck
20180925_124435,assets/a2d2/camera/20180925_124435/20180925124435_camera_frontcenter_000069009.png,Bicycle;Buildings;Car;Curbstone;Irrelevant signs;Nature object;Non-drivable street;Obstacles / trash;Poles;RD normal street;Sidewalk;Signal corpus;Sky;Traffic guide obj.;Traffic sign;Truck
20180925_124435,assets/a2d2/camera/20180925_124435/20180925124435_camera_frontcenter_000069665.png,Bicycle;Buildings;Car;Curbstone;Dashed line;Drivable cobblestone;Irrelevant signs;Nature object;Non-drivable street;Obstacles / trash;Pedestrian;Poles;RD normal street;Sidewalk;Signal corpus;Sky;Solid line;Traffic guide obj.;Traffic sign;Traffic signal;Truck
20180925_124435,assets/a2d2/camera/20180925_124435/20180925124435_camera_frontcenter_000070708.png,Bicycle;Buildings;Car;Curbstone;Dashed line;Drivable cobblestone;Nature object;Non-drivable street;Obstacles / trash;Parking area;Pedestrian;Poles;RD normal street;RD restricted area;Sidewalk;Signal corpus;Sky;Solid line;Traffic sign;Truck;Utility vehicle
20180925_124435,assets/a2d2/camera/20180925_124435/20180925124435_camera_frontcenter_000071853.png,Buildings;Car;Curbstone;Dashed line;Irrelevant signs;Nature object;Non-drivable street;Pedestrian;Poles;RD normal street;RD restricted area;Sidewalk;Signal corpus;Sky;Traffic sign;Traffic signal
20180925_124435,assets/a2d2/camera/20180925_124435/20180925124435_camera_frontcenter_000073343.png,Bicycle;Buildings;Car;Curbstone;Irrelevant signs;Nature object;Non-drivable street;Obstacles / trash;Pedestrian;Poles;RD normal street;RD restricted area;Sidewalk;Signal corpus;Sky;Solid line;Traffic guide obj.;Traffic sign;Traffic signal
20180925_124435,assets/a2d2/camera/20180925_124435/20180925124435_camera_frontcenter_000074525.png,Bicycle;Buildings;Car;Curbstone;Dashed line;Drivable cobblestone;Nature object;Obstacles / trash;Parking area;Poles;RD normal street;Sidewalk;Sky;Traffic sign
20180925_124435,assets/a2d2/camera/20180925_124435/20180925124435_camera_frontcenter_000075339.png,Bicycle;Buildings;Car;Dashed line;Irrelevant signs;Nature object;Parking area;Pedestrian;Poles;RD normal street;Sidewalk;Signal corpus;Sky;Small vehicles;Traffic sign;Traffic signal
20180925_124435,assets/a2d2/camera/20180925_124435/20180925124435_camera_frontcenter_000076274.png,Bicycle;Buildings;Car;Curbstone;Dashed line;Drivable cobblestone;Nature object;Obstacles / trash;Pedestrian;Poles;RD normal street;Sidewalk;Signal corpus;Sky;Traffic sign;Truck
20180925_124435,assets/a2d2/camera/20180925_124435/20180925124435_camera_frontcenter_000077307.png,Bicycle;Buildings;Car;Curbstone;Dashed line;Drivable cobblestone;Grid structure;Irrelevant signs;Nature object;Obstacles / trash;Parking area;Pedestrian;Poles;RD normal street;Sidewalk;Signal corpus;Sky;Solid line;Traffic sign;Traffic signal
20180925_124435,assets/a2d2/camera/20180925_124435/20180925124435_camera_frontcenter_000078291.png,Buildings;Car;Curbstone;Dashed line;Drivable cobblestone;Irrelevant signs;Nature object;Non-drivable street;Obstacles / trash;Painted driv. instr.;Pedestrian;Poles;RD normal street;Sidewalk;Signal corpus;Sky;Small vehicles;Solid line;Traffic sign;Traffic signal
20180925_124435,assets/a2d2/camera/20180925_124435/20180925124435_camera_frontcenter_000079467.png,Buildings;Car;Curbstone;Dashed line;Nature object;Obstacles / trash;Parking area;Pedestrian;Poles;RD normal street;Sidewalk;Sky;Solid line;Traffic sign
20180925_124435,assets/a2d2/camera/20180925_124435/20180925124435_camera_frontcenter_000080745.png,Bicycle;Buildings;Car;Curbstone;Drivable cobblestone;Irrelevant signs;Nature object;Non-drivable street;Obstacles / trash;Painted driv. instr.;Poles;RD normal street;Sidewalk;Signal corpus;Sky;Solid line;Traffic sign;Traffic signal
20180925_124435,assets/a2d2/camera/20180925_124435/20180925124435_camera_frontcenter_000082180.png,Bicycle;Buildings;Car;Curbstone;Dashed line;Drivable cobblestone;Irrelevant signs;Nature object;Non-drivable street;Obstacles / trash;Pedestrian;Poles;RD normal street;RD restricted area;Sidewalk;Signal corpus;Sky;Solid line;Traffic sign;Traffic signal;Utility vehicle
20180925_124435,assets/a2d2/camera/20180925_124435/20180925124435_camera_frontcenter_000083686.png,Bicycle;Buildings;Car;Curbstone;Dashed line;Irrelevant signs;Nature object;Non-drivable street;Pedestrian;Poles;RD normal street;Sidewalk;Signal corpus;Sky;Traffic guide obj.;Traffic sign;Traffic signal
20180925_124435,assets/a2d2/camera/20180925_124435/20180925124435_camera_frontcenter_000084640.png,Buildings;Car;Curbstone;Dashed line;Drivable cobblestone;Irrelevant signs;Nature object;Obstacles / trash;Painted driv. instr.;Parking area;Pedestrian;Poles;RD normal street;Sidewalk;Sky;Solid line;Traffic guide obj.;Traffic sign;Truck
20180925_124435,assets/a2d2/camera/20180925_124435/20180925124435_camera_frontcenter_000085554.png,Buildings;Car;Curbstone;Dashed line;Drivable cobblestone;Grid structure;Irrelevant signs;Nature object;Obstacles / trash;Painted driv. instr.;Parking area;Pedestrian;Poles;RD normal street;Sidewalk;Sky;Solid line;Traffic guide obj.;Traffic sign;Utility vehicle
20180925_124435,assets/a2d2/camera/20180925_124435/20180925124435_camera_frontcenter_000086829.png,Buildings;Car;Curbstone;Dashed line;Drivable cobblestone;Grid structure;Irrelevant signs;Nature object;Obstacles / trash;Pedestrian;Poles;RD normal street;RD restricted area;Sidewalk;Signal corpus;Sky;Solid line;Traffic sign;Truck;Utility vehicle
20180925_124435,assets/a2d2/camera/20180925_124435/20180925124435_camera_frontcenter_000087418.png,Buildings;Car;Curbstone;Dashed line;Drivable cobblestone;Grid structure;Irrelevant signs;Nature object;Obstacles / trash;Poles;RD normal street;RD restricted area;Sidewalk;Signal corpus;Sky;Solid line;Traffic sign;Truck;Utility vehicle
20180925_124435,assets/a2d2/camera/20180925_124435/20180925124435_camera_frontcenter_000088236.png,Bicycle;Buildings;Car;Curbstone;Dashed line;Drivable cobblestone;Grid structure;Irrelevant signs;Nature object;Non-drivable street;Obstacles / trash;Poles;RD normal street;RD restricted area;Sidewalk;Signal corpus;Sky;Solid line;Traffic sign;Truck;Utility vehicle
20180925_124435,assets/a2d2/camera/20180925_124435/20180925124435_camera_frontcenter_000089348.png,Bicycle;Buildings;Car;Curbstone;Dashed line;Drivable cobblestone;Irrelevant signs;Non-drivable street;Pedestrian;RD normal street;Road blocks;Sidewalk;Signal corpus
20180925_124435,assets/a2d2/camera/20180925_124435/20180925124435_camera_frontcenter_000091010.png,Bicycle;Buildings;Car;Dashed line;Drivable cobblestone;Irrelevant signs;Nature object;Pedestrian;Poles;RD normal street;Sidewalk;Signal corpus;Sky;Small vehicles;Traffic sign;Truck
20180925_124435,assets/a2d2/camera/20180925_124435/20180925124435_camera_frontcenter_000092290.png,Bicycle;Buildings;Car;Curbstone;Dashed line;Drivable cobblestone;Irrelevant signs;Nature object;Obstacles / trash;Pedestrian;Poles;RD normal street;Sidewalk;Signal corpus;Sky;Small vehicles;Solid line;Traffic sign;Traffic signal;Truck
20180925_124435,assets/a2d2/camera/20180925_124435/20180925124435_camera_frontcenter_000093384.png,Buildings;Car;Dashed line;Drivable cobblestone;Irrelevant signs;Nature object;Obstacles / trash;Pedestrian;Poles;RD normal street;Sidewalk;Signal corpus;Sky;Small vehicles;Traffic sign;Truck
20180925_124435,assets/a2d2/camera/20180925_124435/20180925124435_camera_frontcenter_000094780.png,Buildings;Car;Curbstone;Dashed line;Grid structure;Irrelevant signs;Nature object;Poles;RD normal street;Sidewalk;Signal corpus;Sky;Traffic sign;Truck
20180925_124435,assets/a2d2/camera/20180925_124435/20180925124435_camera_frontcenter_000095527.png,Buildings;Car;Curbstone;Grid structure;Irrelevant signs;Nature object;Painted driv. instr.;Parking area;Poles;RD normal street;Sidewalk;Sky;Solid line;Traffic sign;Truck
20180925_124435,assets/a2d2/camera/20180925_124435/20180925124435_camera_frontcenter_000097316.png,Buildings;Car;Curbstone;Dashed line;Drivable cobblestone;Grid structure;Irrelevant signs;Nature object;Obstacles / trash;Pedestrian;Poles;RD normal street;Sidewalk;Signal corpus;Sky;Traffic sign;Truck
20180925_124435,assets/a2d2/camera/20180925_124435/20180925124435_camera_frontcenter_000098521.png,Buildings;Car;Curbstone;Drivable cobblestone;Grid structure;Irrelevant signs;Nature object;Obstacles / trash;Pedestrian;Poles;RD normal street;Sidewalk;Signal corpus;Sky;Traffic sign;Truck
20180925_124435,assets/a2d2/camera/20180925_124435/20180925124435_camera_frontcenter_000099620.png,Bicycle;Buildings;Car;Curbstone;Drivable cobblestone;Irrelevant signs;Nature object;Non-drivable street;Obstacles / trash;Pedestrian;Poles;RD normal street;Sidewalk;Signal corpus;Sky;Traffic sign;Traffic signal
20180925_135056,assets/a2d2/camera/20180925_135056/20180925135056_camera_frontcenter_000001720.png,Bicycle;Buildings;Car;Curbstone;Dashed line;Drivable cobblestone;Nature object;Parking area;Poles;RD normal street;Sidewalk;Sky
20180925_135056,assets/a2d2/camera/20180925_135056/20180925135056_camera_frontcenter_000002736.png,Buildings;Car;Curbstone;Dashed line;Drivable cobblestone;Irrelevant signs;Nature object;Obstacles / trash;Poles;RD normal street;Sidewalk;Signal corpus;Sky;Solid line;Traffic sign;Traffic signal
20180925_135056,assets/a2d2/camera/20180925_135056/20180925135056_camera_frontcenter_000002940.png,Buildings;Car;Curbstone;Dashed line;Drivable cobblestone;Irrelevant signs;Nature object;Poles;RD normal street;Sidewalk;Sky;Traffic sign
20180925_135056,assets/a2d2/camera/20180925_135056/20180925135056_camera_frontcenter_000003332.png,Buildings;Car;Curbstone;Dashed line;Drivable cobblestone;Irrelevant signs;Nature object;Parking area;Poles;RD normal street;Sidewalk;Sky;Traffic sign
20180925_135056,assets/a2d2/camera/20180925_135056/20180925135056_camera_frontcenter_000003748.png,Buildings;Car;Curbstone;Dashed line;Drivable cobblestone;Irrelevant signs;Nature object;Painted driv. instr.;Poles;RD normal street;Sidewalk;Signal corpus;Sky;Small vehicles;Solid line;Traffic signal
20180925_135056,assets/a2d2/camera/20180925_135056/20180925135056_camera_frontcenter_000004148.png,Bicycle;Buildings;Car;Curbstone;Drivable cobblestone;Nature object;Painted driv. instr.;Parking area;Poles;RD normal street;Sidewalk;Sky;Small vehicles;Solid line;Traffic sign;Truck
20180925_135056,assets/a2d2/camera/20180925_135056/20180925135056_camera_frontcenter_000005176.png,Blurred area;Buildings;Car;Curbstone;Dashed line;Drivable cobblestone;Nature object;Obstacles / trash;Parking area;Pedestrian;Poles;RD normal street;Sky;Small vehicles;Traffic sign
20180925_135056,assets/a2d2/camera/20180925_135056/20180925135056_camera_frontcenter_000005588.png,Bicycle;Blurred area;Buildings;Car;Curbstone;Dashed line;Drivable cobblestone;Irrelevant signs;Nature object;Obstacles / trash;Painted driv. instr.;Pedestrian;Poles;RD normal street;Sidewalk;Signal corpus;Sky;Small vehicles;Solid line;Traffic sign;Traffic signal;Truck
20180925_135056,assets/a2d2/camera/20180925_135056/20180925135056_camera_frontcenter_000007204.png,Bicycle;Buildings;Car;Curbstone;Dashed line;Drivable cobblestone;Grid structure;Irrelevant signs;Nature object;Obstacles / trash;Painted driv. instr.;Pedestrian;Poles;RD normal street;RD restricted area;Sidewalk;Signal corpus;Sky;Solid line;Traffic sign
20180925_135056,assets/a2d2/camera/20180925_135056/20180925135056_camera_frontcenter_000007436.png,Buildings;Curbstone;Dashed line;Drivable cobblestone;Grid structure;Irrelevant signs;Nature object;Obstacles / trash;Pedestrian;Poles;RD normal street;Sidewalk;Signal corpus;Sky;Traffic sign;Zebra crossing
20180925_135056,assets/a2d2/camera/20180925_135056/20180925135056_camera_frontcenter_000007784.png,Curbstone;Grid structure;Nature object;Poles;RD normal street;Sidewalk;Signal corpus;Sky;Traffic sign
20180925_135056,assets/a2d2/camera/20180925_135056/20180925135056_camera_frontcenter_000007928.png,Bicycle;Car;Curbstone;Grid structure;Nature object;Pedestrian;Poles;RD normal street;Sidewalk;Signal corpus;Sky
20180925_135056,assets/a2d2/camera/20180925_135056/20180925135056_camera_frontcenter_000008380.png,Curbstone;Dashed line;Irrelevant signs;Nature object;Poles;RD normal street;Sidewalk;Sky;Truck
20180925_135056,assets/a2d2/camera/20180925_135056/20180925135056_camera_frontcenter_000008592.png,Car;Curbstone;Dashed line;Grid structure;Irrelevant signs;Nature object;Pedestrian;Poles;RD normal street;Sidewalk;Sky
20180925_135056,assets/a2d2/camera/20180925_135056/20180925135056_camera_frontcenter_000008960.png,Curbstone;Dashed line;Irrelevant signs;Nature object;Obstacles / trash;Poles;RD normal street;Sidewalk;Signal corpus;Sky;Traffic sign
20180925_135056,assets/a2d2/camera/20180925_135056/20180925135056_camera_frontcenter_000009124.png,Car;Curbstone;Dashed line;Grid structure;Irrelevant signs;Nature object;Poles;RD normal street;Sidewalk;Sky;Traffic sign
20180925_135056,assets/a2d2/camera/20180925_135056/20180925135056_camera_frontcenter_000009968.png,Bicycle;Buildings;Car;Curbstone;Dashed line;Irrelevant signs;Nature object;Obstacles / trash;Painted driv. instr.;Pedestrian;Poles;RD normal street;Sidewalk;Sky;Solid line;Traffic sign;Truck
20180925_135056,assets/a2d2/camera/20180925_135056/20180925135056_camera_frontcenter_000010204.png,Buildings;Car;Drivable cobblestone;Irrelevant signs;Nature object;Obstacles / trash;Parking area;Pedestrian;Poles;RD normal street;Sidewalk;Sky
20180925_135056,assets/a2d2/camera/20180925_135056/20180925135056_camera_frontcenter_000010836.png,Bicycle;Buildings;Car;Curbstone;Dashed line;Drivable cobblestone;Irrelevant signs;Nature object;Non-drivable street;Obstacles / trash;Poles;RD normal street;Sidewalk;Sky;Traffic sign;Zebra crossing
20180925_135056,assets/a2d2/camera/20180925_135056/20180925135056_camera_frontcenter_000011356.png,Bicycle;Buildings;Car;Curbstone;Dashed line;Drivable cobblestone;Grid structure;Irrelevant signs;Nature object;Obstacles / trash;Parking area;Poles;RD normal street;Sidewalk;Sky
20180925_135056,assets/a2d2/camera/20180925_135056/20180925135056_camera_frontcenter_000011996.png,Bicycle;Buildings;Car;Curbstone;Drivable cobblestone;Nature object;Obstacles / trash;Parking area;Poles;RD normal street;Sidewalk;Sky;Solid line;Traffic guide obj.;Traffic sign;Truck
20180925_135056,assets/a2d2/camera/20180925_135056/20180925135056_camera_frontcenter_000012564.png,Buildings;Car;Curbstone;Nature object;Obstacles / trash;Poles;RD normal street;Sidewalk;Sky;Solid line;Traffic guide obj.;Traffic sign;Truck;Utility vehicle
20180925_135056,assets/a2d2/camera/20180925_135056/20180925135056_camera_frontcenter_000012988.png,Buildings;Car;Curbstone;Nature object;Obstacles / trash;Parking area;Poles;RD normal street;Sidewalk;Sky;Traffic guide obj.;Utility vehicle
20180925_135056,assets/a2d2/camera/20180925_135056/20180925135056_camera_frontcenter_000013320.png,Buildings;Car;Curbstone;Drivable cobblestone;Grid structure;Irrelevant signs;Nature object;Parking area;Pedestrian;Poles;RD normal street;Sidewalk;Sky;Traffic guide obj.
20180925_135056,assets/a2d2/camera/20180925_135056/20180925135056_camera_frontcenter_000013840.png,Buildings;Car;Dashed line;Irrelevant signs;Nature object;Obstacles / trash;Painted driv. instr.;Poles;RD normal street;Signal corpus;Sky;Solid line;Traffic guide obj.;Traffic sign;Traffic signal;Truck
20180925_135056,assets/a2d2/camera/20180925_135056/20180925135056_camera_frontcenter_000015228.png,Buildings;Car;Curbstone;Dashed line;Irrelevant signs;Nature object;Pedestrian;Poles;RD normal street;Sidewalk;Signal corpus;Sky;Traffic sign
20180925_135056,assets/a2d2/camera/20180925_135056/20180925135056_camera_frontcenter_000015636.png,Buildings;Car;Curbstone;Dashed line;Drivable cobblestone;Grid structure;Nature object;Non-drivable street;Obstacles / trash;Painted driv. instr.;Poles;RD normal street;Sidewalk;Signal corpus;Sky;Traffic sign
20180925_135056,assets/a2d2/camera/20180925_135056/20180925135056_camera_frontcenter_000015844.png,Buildings;Car;Curbstone;Dashed line;Drivable cobblestone;Grid structure;Irrelevant signs;Nature object;Non-drivable street;Poles;RD normal street;Road blocks;Sidewalk;Signal corpus;Sky
20180925_135056,assets/a2d2/camera/20180925_135056/20180925135056_camera_frontcenter_000015984.png,Buildings;Car;Curbstone;Dashed line;Irrelevant signs;Nature object;Non-drivable street;Poles;RD normal street;Sidewalk;Sky;Solid line
20180925_135056,assets/a2d2/camera/20180925_135056/20180925135056_camera_frontcenter_000017800.png,Buildings;Car;Curbstone;Dashed line;Drivable cobblestone;Grid structure;Irrelevant signs;Non-drivable street;Poles;RD normal street;Sidewalk;Signal corpus;Sky;Traffic sign;Traffic signal;Utility vehicle
20180925_135056,assets/a2d2/camera/20180925_135056/20180925135056_camera_frontcenter_000020050.png,Buildings;Car;Curbstone;Dashed line;Grid structure;Irrelevant signs;Nature object;Non-drivable street;Poles;RD normal street;RD restricted area;Sidewalk;Signal corpus;Sky;Solid line;Traffic sign;Traffic signal;Truck
20180925_135056,assets/a2d2/camera/20180925_135056/20180925135056_camera_frontcenter_000020440.png,Bicycle;Buildings;Car;Curbstone;Dashed line;Grid structure;Irrelevant signs;Nature object;Obstacles / trash;Poles;RD normal street;RD restricted area;Sidewalk;Signal corpus;Sky;Solid line;Traffic sign
20180925_135056,assets/a2d2/camera/20180925_135056/20180925135056_camera_frontcenter_000021100.png,Bicycle;Buildings;Car;Curbstone;Dashed line;Drivable cobblestone;Irrelevant signs;Nature object;Obstacles / trash;Poles;RD normal street;Sidewalk;Signal corpus;Sky;Solid line;Traffic sign;Traffic signal;Truck
20180925_135056,assets/a2d2/camera/20180925_135056/20180925135056_camera_frontcenter_000023820.png,Buildings;Car;Curbstone;Dashed line;Grid structure;Irrelevant signs;Nature object;Non-drivable street;Obstacles / trash;Poles;RD normal street;RD restricted area;Sidewalk;Signal corpus;Sky;Solid line;Traffic sign
20180925_135056,assets/a2d2/camera/20180925_135056/20180925135056_camera_frontcenter_000024400.png,Buildings;Car;Curbstone;Dashed line;Drivable cobblestone;Nature object;Poles;RD normal street;Sidewalk;Sky;Solid line
20180925_135056,assets/a2d2/camera/20180925_135056/20180925135056_camera_frontcenter_000025150.png,Bicycle;Buildings;Car;Curbstone;Dashed line;Irrelevant signs;Nature object;Obstacles / trash;Poles;RD normal street;Sidewalk;Sky;Traffic sign;Truck
20180925_135056,assets/a2d2/camera/20180925_135056/20180925135056_camera_frontcenter_000027240.png,Bicycle;Buildings;Car;Curbstone;Dashed line;Drivable cobblestone;Grid structure;Irrelevant signs;Nature object;Obstacles / trash;Pedestrian;Poles;RD normal street;Sidewalk;Signal corpus;Sky;Solid line;Traffic sign;Truck
20180925_135056,assets/a2d2/camera/20180925_135056/20180925135056_camera_frontcenter_000028696.png,Bicycle;Buildings;Car;Curbstone;Dashed line;Grid structure;Irrelevant signs;Nature object;Obstacles / trash;Parking area;Poles;RD normal street;Sidewalk;Sky;Solid line;Traffic sign;Truck
20180925_135056,assets/a2d2/camera/20180925_135056/20180925135056_camera_frontcenter_000029544.png,Buildings;Car;Curbstone;Dashed line;Grid structure;Irrelevant signs;Nature object;Poles;RD normal street;Sidewalk;Sky;Traffic sign
20180925_135056,assets/a2d2/camera/20180925_135056/20180925135056_camera_frontcenter_000030136.png,Buildings;Car;Curbstone;Dashed line;Drivable cobblestone;Grid structure;Irrelevant signs;Nature object;Obstacles / trash;Parking area;Pedestrian;Poles;RD normal street;Sidewalk;Sky;Small vehicles;Solid line;Traffic sign
20180925_135056,assets/a2d2/camera/20180925_135056/20180925135056_camera_frontcenter_000030596.png,Buildings;Car;Curbstone;Dashed line;Grid structure;Nature object;Painted driv. instr.;Parking area;Poles;RD normal street;Sky;Solid line;Traffic sign
20180925_135056,assets/a2d2/camera/20180925_135056/20180925135056_camera_frontcenter_000030796.png,Bicycle;Buildings;Car;Curbstone;Dashed line;Grid structure;Irrelevant signs;Nature object;Obstacles / trash;Painted driv. instr.;Pedestrian;Poles;RD normal street;Sidewalk;Signal corpus;Sky;Solid line;Traffic sign;Traffic signal
20180925_135056,assets/a2d2/camera/20180925_135056/20180925135056_camera_frontcenter_000032928.png,Buildings;Car;Irrelevant signs;Nature object;Obstacles / trash;Parking area;Pedestrian;Poles;RD normal street;RD restricted area;Sidewalk;Sky;Solid line;Traffic sign
20180925_135056,assets/a2d2/camera/20180925_135056/20180925135056_camera_frontcenter_000033388.png,Bicycle;Buildings;Car;Dashed line;Irrelevant signs;Nature object;Parking area;Pedestrian;Poles;RD normal street;Sidewalk;Signal corpus;Sky;Traffic sign;Traffic signal
20180925_135056,assets/a2d2/camera/20180925_135056/20180925135056_camera_frontcenter_000034276.png,Buildings;Car;Curbstone;Dashed line;Grid structure;Nature object;Non-drivable street;Pedestrian;Poles;RD normal street;Sidewalk;Sky;Solid line;Truck
20180925_135056,assets/a2d2/camera/20180925_135056/20180925135056_camera_frontcenter_000035144.png,Buildings;Car;Curbstone;Dashed line;Grid structure;Irrelevant signs;Nature object;Obstacles / trash;Painted driv. instr.;Poles;RD normal street;RD restricted area;Sidewalk;Signal corpus;Sky;Solid line;Traffic guide obj.;Traffic sign;Truck
20180925_135056,assets/a2d2/camera/20180925_135056/20180925135056_camera_frontcenter_000035772.png,Buildings;Car;Curbstone;Dashed line;Drivable cobblestone;Nature object;Obstacles / trash;Painted driv. instr.;Parking area;Pedestrian;Poles;RD normal street;Sidewalk;Signal corpus;Sky;Solid line;Traffic guide obj.;Traffic sign;Truck
20180925_135056,assets/a2d2/camera/20180925_135056/20180925135056_camera_frontcenter_000036320.png,Bicycle;Buildings;Car;Curbstone;Dashed line;Drivable cobblestone;Grid structure;Irrelevant signs;Nature object;Obstacles / trash;Painted driv. instr.;Pedestrian;Poles;RD normal street;Sidewalk;Signal corpus;Sky;Solid line;Traffic guide obj.;Traffic sign;Traffic signal;Truck
20180925_135056,assets/a2d2/camera/20180925_135056/20180925135056_camera_frontcenter_000037652.png,Buildings;Car;Curbstone;Dashed line;Irrelevant signs;Nature object;Poles;RD normal street;RD restricted area;Sidewalk;Signal corpus;Sky;Truck
20180925_135056,assets/a2d2/camera/20180925_135056/20180925135056_camera_frontcenter_000038128.png,Bicycle;Buildings;Car;Curbstone;Dashed line;Grid structure;Irrelevant signs;Nature object;Obstacles / trash;Pedestrian;Poles;RD normal street;Sidewalk;Signal corpus;Sky;Traffic guide obj.;Traffic sign
20180925_135056,assets/a2d2/camera/20180925_135056/20180925135056_camera_frontcenter_000038392.png,Buildings;Car;Curbstone;Dashed line;Grid structure;Irrelevant signs;Nature object;Obstacles / trash;Pedestrian;Poles;RD normal street;Sidewalk;Signal corpus;Sky;Traffic signal
20180925_135056,assets/a2d2/camera/20180925_135056/20180925135056_camera_frontcenter_000039388.png,Buildings;Car;Curbstone;Dashed line;Grid structure;Irrelevant signs;Nature object;Poles;RD normal street;Sidewalk;Signal corpus;Sky;Utility vehicle
20180925_135056,assets/a2d2/camera/20180925_135056/20180925135056_camera_frontcenter_000041740.png,Buildings;Car;Dashed line;Nature object;Parking area;Poles;RD normal street;Sidewalk;Sky;Traffic sign
20180925_135056,assets/a2d2/camera/20180925_135056/20180925135056_camera_frontcenter_000042196.png,Buildings;Car;Dashed line;Nature object;Parking area;Poles;RD normal street;Sidewalk;Sky;Small vehicles;Traffic sign;Truck
20180925_135056,assets/a2d2/camera/20180925_135056/20180925135056_camera_frontcenter_000042732.png,Buildings;Car;Curbstone;Dashed line;Drivable cobblestone;Irrelevant signs;Nature object;Obstacles / trash;Painted driv. instr.;Parking area;Pedestrian;Poles;RD normal street;Sidewalk;Sky;Traffic sign;Truck
20180925_135056,assets/a2d2/camera/20180925_135056/20180925135056_camera_frontcenter_000043480.png,Buildings;Car;Dashed line;Drivable cobblestone;Grid structure;Nature object;Obstacles / trash;Parking area;Poles;RD normal street;Sidewalk;Sky;Traffic sign;Truck
20180925_135056,assets/a2d2/camera/20180925_135056/20180925135056_camera_frontcenter_000044048.png,Bicycle;Buildings;Car;Dashed line;Drivable cobblestone;Grid structure;Irrelevant signs;Nature object;Obstacles / trash;Parking area;Poles;RD normal street;Sky;Traffic sign;Truck
20180925_135056,assets/a2d2/camera/20180925_135056/20180925135056_camera_frontcenter_000044644.png,Bicycle;Buildings;Car;Dashed line;Drivable cobblestone;Irrelevant signs;Nature object;Parking area;Poles;RD normal street;Sidewalk;Sky;Traffic sign
20180925_135056,assets/a2d2/camera/20180925_135056/20180925135056_camera_frontcenter_000044952.png,Buildings;Car;Dashed line;Drivable cobblestone;Nature object;Parking area;Poles;RD normal street;Sidewalk;Sky;Traffic sign
20180925_135056,assets/a2d2/camera/20180925_135056/20180925135056_camera_frontcenter_000045240.png,Buildings;Car;Curbstone;Dashed line;Grid structure;Irrelevant signs;Nature object;Parking area;Poles;RD normal street;Sidewalk;Sky;Traffic sign
20180925_135056,assets/a2d2/camera/20180925_135056/20180925135056_camera_frontcenter_000045500.png,Buildings;Car;Curbstone;Dashed line;Grid structure;Irrelevant signs;Nature object;Non-drivable street;Parking area;Poles;RD normal street;RD restricted area;Signal corpus;Sky;Solid line;Traffic sign
20180925_135056,assets/a2d2/camera/20180925_135056/20180925135056_camera_frontcenter_000045840.png,Buildings;Curbstone;Dashed line;Nature object;Non-drivable street;Poles;RD normal street;Signal corpus;Sky;Solid line
20180925_135056,assets/a2d2/camera/20180925_135056/20180925135056_camera_frontcenter_000046232.png,Buildings;Car;Curbstone;Dashed line;Irrelevant signs;Nature object;Parking area;Poles;RD normal street;RD restricted area;Signal corpus;Sky;Solid line;Traffic sign;Truck
20180925_135056,assets/a2d2/camera/20180925_135056/20180925135056_camera_frontcenter_000047136.png,Buildings;Car;Curbstone;Dashed line;Irrelevant signs;Nature object;Painted driv. instr.;Poles;RD normal street;Sidewalk;Signal corpus;Sky
20180925_135056,assets/a2d2/camera/20180925_135056/20180925135056_camera_frontcenter_000047652.png,Buildings;Car;Curbstone;Dashed line;Grid structure;Nature object;Obstacles / trash;Poles;RD normal street;Road blocks;Sidewalk;Signal corpus;Sky
20180925_135056,assets/a2d2/camera/20180925_135056/20180925135056_camera_frontcenter_000047928.png,Buildings;Car;Curbstone;Dashed line;Grid structure;Irrelevant signs;Nature object;Non-drivable street;Poles;RD normal street;RD restricted area;Sky;Truck
20180925_135056,assets/a2d2/camera/20180925_135056/20180925135056_camera_frontcenter_000048444.png,Buildings;Car;Curbstone;Grid structure;Irrelevant signs;Nature object;Non-drivable street;Poles;RD normal street;Sky;Solid line
20180925_135056,assets/a2d2/camera/20180925_135056/20180925135056_camera_frontcenter_000048740.png,Car;Curbstone;Irrelevant signs;Nature object;Poles;RD normal street;RD restricted area;Road blocks;Sky;Solid line;Truck
20180925_135056,assets/a2d2/camera/20180925_135056/20180925135056_camera_frontcenter_000049528.png,Buildings;Car;Curbstone;Dashed line;Electronic traffic;Grid structure;Irrelevant signs;Nature object;Non-drivable street;Poles;RD normal street;Road blocks;Signal corpus;Sky;Truck
20180925_135056,assets/a2d2/camera/20180925_135056/20180925135056_camera_frontcenter_000050252.png,Buildings;Car;Curbstone;Dashed line;Irrelevant signs;Nature object;Poles;RD normal street;RD restricted area;Sidewalk;Signal corpus;Sky;Traffic sign
20180925_135056,assets/a2d2/camera/20180925_135056/20180925135056_camera_frontcenter_000050592.png,Buildings;Car;Curbstone;Dashed line;Non-drivable street;RD normal street;Signal corpus;Solid line
20180925_135056,assets/a2d2/camera/20180925_135056/20180925135056_camera_frontcenter_000051032.png,Buildings;Car;Curbstone;Dashed line;Nature object;Non-drivable street;Obstacles / trash;Poles;RD normal street;Signal corpus;Sky;Solid line
20180925_135056,assets/a2d2/camera/20180925_135056/20180925135056_camera_frontcenter_000051468.png,Buildings;Car;Curbstone;Dashed line;Grid structure;Irrelevant signs;Nature object;Poles;RD normal street;RD restricted area;Sidewalk;Signal corpus;Sky;Traffic sign
20180925_135056,assets/a2d2/camera/20180925_135056/20180925135056_camera_frontcenter_000051968.png,Buildings;Car;Curbstone;Dashed line;Grid structure;Irrelevant signs;Nature object;Poles;RD normal street;Sidewalk;Signal corpus;Sky;Traffic sign
20180925_135056,assets/a2d2/camera/20180925_135056/20180925135056_camera_frontcenter_000052560.png,Buildings;Car;Curbstone;Dashed line;Grid structure;Irrelevant signs;Nature object;Non-drivable street;Poles;RD normal street;Road blocks;Signal corpus;Sky;Traffic sign;Truck
20180925_135056,assets/a2d2/camera/20180925_135056/20180925135056_camera_frontcenter_000053000.png,Buildings;Car;Curbstone;Dashed line;Irrelevant signs;Nature object;Non-drivable street;Poles;RD normal street;Road blocks;Signal corpus;Sky;Traffic sign
20180925_135056,assets/a2d2/camera/20180925_135056/20180925135056_camera_frontcenter_000053960.png,Buildings;Car;Curbstone;Dashed line;Grid structure;Irrelevant signs;Nature object;Poles;RD normal street;RD restricted area;Sidewalk;Sky;Solid line;Traffic sign;Truck
20180925_135056,assets/a2d2/camera/20180925_135056/20180925135056_camera_frontcenter_000054872.png,Buildings;Car;Curbstone;Nature object;Non-drivable street;Obstacles / trash;Poles;RD normal street;Road blocks;Sidewalk;Signal corpus;Sky;Solid line;Traffic sign;Truck
20180925_135056,assets/a2d2/camera/20180925_135056/20180925135056_camera_frontcenter_000055064.png,Buildings;Car;Curbstone;Dashed line;Irrelevant signs;Nature object;Non-drivable street;Painted driv. instr.;Poles;RD normal street;Road blocks;Sidewalk;Signal corpus;Sky;Solid line;Traffic sign;Truck
20180925_135056,assets/a2d2/camera/20180925_135056/20180925135056_camera_frontcenter_000055856.png,Buildings;Car;Curbstone;Dashed line;Irrelevant signs;Nature object;Poles;RD normal street;Road blocks;Sidewalk;Sky;Traffic sign;Truck
20180925_135056,assets/a2d2/camera/20180925_135056/20180925135056_camera_frontcenter_000056560.png,Buildings;Car;Curbstone;Dashed line;Drivable cobblestone;Grid structure;Irrelevant signs;Nature object;Obstacles / trash;Poles;RD normal street;Sidewalk;Sky;Slow drive area;Traffic sign;Truck
20180925_135056,assets/a2d2/camera/20180925_135056/20180925135056_camera_frontcenter_000056856.png,Buildings;Car;Curbstone;Dashed line;Grid structure;Irrelevant signs;Nature object;Obstacles / trash;Poles;RD normal street;RD restricted area;Sidewalk;Sky;Slow drive area;Solid line;Truck
20180925_135056,assets/a2d2/camera/20180925_135056/20180925135056_camera_frontcenter_000059204.png,Buildings;Car;Curbstone;Dashed line;Irrelevant signs;Nature object;Obstacles / trash;Painted driv. instr.;Pedestrian;Poles;RD normal street;Sidewalk;Signal corpus;Sky;Solid line;Traffic sign;Traffic signal;Truck
20180925_135056,assets/a2d2/camera/20180925_135056/20180925135056_camera_frontcenter_000061496.png,Buildings;Car;Curbstone;Dashed line;Irrelevant signs;Nature object;Poles;RD normal street;Sidewalk;Sky
20180925_135056,assets/a2d2/camera/20180925_135056/20180925135056_camera_frontcenter_000062116.png,Buildings;Car;Curbstone;Dashed line;Drivable cobblestone;Grid structure;Irrelevant signs;Nature object;Obstacles / trash;Painted driv. instr.;Parking area;Poles;RD normal street;Sidewalk;Signal corpus;Sky;Solid line;Traffic sign;Traffic signal
20180925_135056,assets/a2d2/camera/20180925_135056/20180925135056_camera_frontcenter_000063596.png,Buildings;Car;Curbstone;Dashed line;Irrelevant signs;Nature object;Obstacles / trash;Painted driv. instr.;Poles;RD normal street;Sidewalk;Signal corpus;Sky;Solid line
20181008_095521,assets/a2d2/camera/20181008_095521/20181008095521_camera_frontcenter_000000300.png,Buildings;Car;Curbstone;Dashed line;Drivable cobblestone;Grid structure;Irrelevant signs;Nature object;Obstacles / trash;Poles;RD normal street;RD restricted area;Sidewalk;Sky;Slow drive area;Solid line
20181008_095521,assets/a2d2/camera/20181008_095521/20181008095521_camera_frontcenter_000000645.png,Buildings;Car;Curbstone;Dashed line;Drivable cobblestone;Grid structure;Irrelevant signs;Nature object;Obstacles / trash;Poles;RD normal street;Sidewalk;Signal corpus;Sky;Solid line;Traffic sign;Traffic signal
20181008_095521,assets/a2d2/camera/20181008_095521/20181008095521_camera_frontcenter_000001043.png,Buildings;Car;Curbstone;Dashed line;Drivable cobblestone;Electronic traffic;Grid structure;Irrelevant signs;Nature object;Painted driv. instr.;Poles;RD normal street;RD restricted area;Sidewalk;Signal corpus;Sky;Solid line;Traffic sign
20181008_095521,assets/a2d2/camera/20181008_095521/20181008095521_camera_frontcenter_000001867.png,Buildings;Car;Dashed line;Drivable cobblestone;Irrelevant signs;Nature object;Painted driv. instr.;Parking area;Poles;RD normal street;RD restricted area;Sidewalk;Signal corpus;Sky;Traffic sign;Traffic signal;Truck
20181008_095521,assets/a2d2/camera/20181008_095521/20181008095521_camera_frontcenter_000002401.png,Buildings;Car;Curbstone;Dashed line;Drivable cobblestone;Irrelevant signs;Nature object;Non-drivable street;Poles;RD normal street;RD restricted area;Sidewalk;Sky
20181008_095521,assets/a2d2/camera/20181008_095521/20181008095521_camera_frontcenter_000003051.png,Buildings;Car;Curbstone;Dashed line;Irrelevant signs;Nature object;Non-drivable street;Obstacles / trash;Poles;RD normal street;RD restricted area;Sidewalk;Signal corpus;Sky;Solid line;Traffic sign;Truck
20181008_095521,assets/a2d2/camera/20181008_095521/20181008095521_camera_frontcenter_000003631.png,Buildings;Car;Curbstone;Dashed line;Drivable cobblestone;Nature object;Non-drivable street;Obstacles / trash;Poles;RD normal street;Sidewalk;Sky;Truck
20181008_095521,assets/a2d2/camera/20181008_095521/20181008095521_camera_frontcenter_000004397.png,Buildings;Car;Curbstone;Dashed line;Grid structure;Irrelevant signs;Nature object;Non-drivable street;Obstacles / trash;Painted driv. instr.;Poles;RD normal street;Sidewalk;Signal corpus;Sky;Traffic sign;Traffic signal;Truck
20181008_095521,assets/a2d2/camera/20181008_095521/20181008095521_camera_frontcenter_000004974.png,Buildings;Car;Curbstone;Dashed line;Drivable cobblestone;Nature object;Non-drivable street;Obstacles / trash;Poles;RD normal street;Sidewalk;Sky;Traffic sign;Truck
20181008_095521,assets/a2d2/camera/20181008_095521/20181008095521_camera_frontcenter_000005487.png,Buildings;Car;Curbstone;Dashed line;Drivable cobblestone;Grid structure;Irrelevant signs;Nature object;Non-drivable street;Painted driv. instr.;Parking area;Pedestrian;Poles;RD normal street;Sidewalk;Signal corpus;Sky;Small vehicles;Traffic guide obj.;Traffic sign;Truck
20181008_095521,assets/a2d2/camera/20181008_095521/20181008095521_camera_frontcenter_000007123.png,Buildings;Car;Curbstone;Dashed line;Drivable cobblestone;Grid structure;Irrelevant signs;Nature object;Parking area;Pedestrian;RD normal street;Sidewalk;Signal corpus;Sky;Truck
20181008_095521,assets/a2d2/camera/20181008_095521/20181008095521_camera_frontcenter_000008665.png,Buildings;Car;Curbstone;Dashed line;Drivable cobblestone;Grid structure;Irrelevant signs;Nature object;Non-drivable street;Obstacles / trash;Poles;RD normal street;RD restricted area;Sidewalk;Signal corpus;Sky;Traffic sign;Truck
20181008_095521,assets/a2d2/camera/20181008_095521/20181008095521_camera_frontcenter_000009167.png,Buildings;Car;Curbstone;Dashed line;Drivable cobblestone;Irrelevant signs;Nature object;Parking area;Poles;RD normal street;Sidewalk;Sky;Traffic sign;Truck
20181008_095521,assets/a2d2/camera/20181008_095521/20181008095521_camera_frontcenter_000010285.png,Bicycle;Buildings;Car;Curbstone;Dashed line;Drivable cobblestone;Nature object;Non-drivable street;Obstacles / trash;Poles;RD normal street;Sidewalk;Signal corpus;Sky;Traffic sign;Truck
20181008_095521,assets/a2d2/camera/20181008_095521/20181008095521_camera_frontcenter_000010888.png,Bicycle;Buildings;Car;Curbstone;Dashed line;Drivable cobblestone;Irrelevant signs;Obstacles / trash;Poles;RD normal street;Sidewalk;Signal corpus;Sky;Solid line;Traffic sign;Truck
20181008_095521,assets/a2d2/camera/20181008_095521/20181008095521_camera_frontcenter_000011668.png,Buildings;Car;Curbstone;Drivable cobblestone;Grid structure;Irrelevant signs;Nature object;Poles;RD normal street;Sidewalk;Signal corpus;Sky;Solid line;Traffic sign
20181008_095521,assets/a2d2/camera/20181008_095521/20181008095521_camera_frontcenter_000012330.png,Buildings;Car;Curbstone;Grid structure;Irrelevant signs;Nature object;Parking area;Poles;RD normal street;Sidewalk;Sky;Solid line;Traffic sign;Truck
20181008_095521,assets/a2d2/camera/20181008_095521/20181008095521_camera_frontcenter_000012866.png,Buildings;Car;Curbstone;Drivable cobblestone;Irrelevant signs;Nature object;Poles;RD normal street;Sidewalk;Signal corpus;Sky;Traffic sign
20181008_095521,assets/a2d2/camera/20181008_095521/20181008095521_camera_frontcenter_000013385.png,Buildings;Car;Curbstone;Grid structure;Irrelevant signs;Nature object;Poles;RD normal street;Sidewalk;Sky;Traffic sign
20181008_095521,assets/a2d2/camera/20181008_095521/20181008095521_camera_frontcenter_000015611.png,Bicycle;Buildings;Car;Curbstone;Dashed line;Drivable cobblestone;Grid structure;Irrelevant signs;Nature object;Obstacles / trash;Pedestrian;Poles;RD normal street;RD restricted area;Sidewalk;Signal corpus;Sky;Small vehicles;Traffic guide obj.;Traffic sign
20181008_095521,assets/a2d2/camera/20181008_095521/20181008095521_camera_frontcenter_000016769.png,Buildings;Car;Curbstone;Dashed line;Drivable cobblestone;Nature object;Non-drivable street;Poles;RD normal street;RD restricted area;Sidewalk;Signal corpus;Sky;Utility vehicle
20181008_095521,assets/a2d2/camera/20181008_095521/20181008095521_camera_frontcenter_000019283.png,Buildings;Car;Curbstone;Dashed line;Drivable cobblestone;Grid structure;Irrelevant signs;Nature object;Non-drivable street;Obstacles / trash;Pedestrian;Poles;RD normal street;Sidewalk;Signal corpus;Sky;Solid line;Traffic guide obj.;Traffic sign;Traffic signal;Truck
20181008_095521,assets/a2d2/camera/20181008_095521/20181008095521_camera_frontcenter_000020175.png,Buildings;Car;Curbstone;Dashed line;Grid structure;Irrelevant signs;Nature object;Non-drivable street;Obstacles / trash;Painted driv. instr.;Poles;RD normal street;Road blocks;Sidewalk;Sky;Slow drive area;Traffic guide obj.;Traffic sign;Utility vehicle
20181008_095521,assets/a2d2/camera/20181008_095521/20181008095521_camera_frontcenter_000021208.png,Bicycle;Buildings;Car;Curbstone;Dashed line;Grid structure;Nature object;Non-drivable street;Obstacles / trash;Parking area;Poles;RD normal street;Sidewalk;Sky;Traffic guide obj.;Truck
20181008_095521,assets/a2d2/camera/20181008_095521/20181008095521_camera_frontcenter_000021699.png,Buildings;Car;Curbstone;Dashed line;Drivable cobblestone;Grid structure;Nature object;Non-drivable street;Parking area;Poles;RD normal street;Sidewalk;Signal corpus;Sky;Traffic sign
20181008_095521,assets/a2d2/camera/20181008_095521/20181008095521_camera_frontcenter_000024168.png,Buildings;Car;Curbstone;Dashed line;Grid structure;Irrelevant signs;Nature object;Non-drivable street;Painted driv. instr.;Poles;RD normal street;Sidewalk;Signal corpus;Sky;Solid line;Traffic sign;Traffic signal;Truck
20181008_095521,assets/a2d2/camera/20181008_095521/20181008095521_camera_frontcenter_000026421.png,Bicycle;Buildings;Car;Curbstone;Dashed line;Drivable cobblestone;Grid structure;Nature object;Non-drivable street;Obstacles / trash;Painted driv. instr.;Parking area;Poles;RD normal street;RD restricted area;Sidewalk;Signal corpus;Sky;Small vehicles;Solid line
20181008_095521,assets/a2d2/camera/20181008_095521/20181008095521_camera_frontcenter_000026896.png,Bicycle;Buildings;Car;Curbstone;Dashed line;Drivable cobblestone;Grid structure;Nature object;Non-drivable street;Obstacles / trash;Poles;RD normal street;Sidewalk;Sky;Solid line
20181008_095521,assets/a2d2/camera/20181008_095521/20181008095521_camera_frontcenter_000027733.png,Bicycle;Buildings;Car;Curbstone;Dashed line;Drivable cobblestone;Nature object;Non-drivable street;Obstacles / trash;Painted driv. instr.;Poles;RD normal street;Sidewalk;Signal corpus;Sky;Solid line;Traffic guide obj.;Traffic sign;Traffic signal;Utility vehicle
20181008_095521,assets/a2d2/camera/20181008_095521/20181008095521_camera_frontcenter_000029328.png,Bicycle;Buildings;Car;Curbstone;Dashed line;Drivable cobblestone;Irrelevant signs;Nature object;Non-drivable street;Obstacles / trash;Poles;RD normal street;Sidewalk;Signal corpus;Sky;Solid line;Traffic guide obj.;Traffic sign;Truck
20181008_095521,assets/a2d2/camera/20181008_095521/20181008095521_camera_frontcenter_000029843.png,Bicycle;Buildings;Car;Curbstone;Dashed line;Drivable cobblestone;Grid structure;Irrelevant signs;Nature object;Non-drivable street;Obstacles / trash;Painted driv. instr.;Parking area;Pedestrian;Poles;RD normal street;Sidewalk;Signal corpus;Sky;Solid line;Traffic guide obj.;Traffic sign
20181008_095521,assets/a2d2/camera/20181008_095521/20181008095521_camera_frontcenter_000031069.png,Bicycle;Buildings;Car;Curbstone;Dashed line;Drivable cobblestone;Irrelevant signs;Nature object;Non-drivable street;Obstacles / trash;Painted driv. instr.;Poles;RD normal street;Sidewalk;Sky;Small vehicles;Solid line;Traffic guide obj.;Traffic sign;Truck
20181008_095521,assets/a2d2/camera/20181008_095521/20181008095521_camera_frontcenter_000031605.png,Buildings;Car;Curbstone;Dashed line;Drivable cobblestone;Grid structure;Irrelevant signs;Nature object;Non-drivable street;Obstacles / trash;Painted driv. instr.;Parking area;Poles;RD normal street;Sidewalk;Signal corpus;Sky;Small vehicles;Solid line;Traffic sign;Truck
20181008_095521,assets/a2d2/camera/20181008_095521/20181008095521_camera_frontcenter_000032079.png,Buildings;Car;Curbstone;Grid structure;Irrelevant signs;Nature object;Obstacles / trash;Parking area;RD normal street;Sidewalk;Sky;Traffic guide obj.;Truck
20181008_095521,assets/a2d2/camera/20181008_095521/20181008095521_camera_frontcenter_000032407.png,Buildings;Car;Curbstone;Drivable cobblestone;Grid structure;Irrelevant signs;Nature object;Non-drivable street;Obstacles / trash;Parking area;Pedestrian;Poles;RD normal street;Sidewalk;Sky;Small vehicles;Traffic sign
20181008_095521,assets/a2d2/camera/20181008_095521/20181008095521_camera_frontcenter_000033133.png,Buildings;Car;Curbstone;Drivable cobblestone;Grid structure;Irrelevant signs;Nature object;Parking area;Pedestrian;Poles;RD normal street;Sidewalk;Sky;Traffic guide obj.;Traffic sign
20181008_095521,assets/a2d2/camera/20181008_095521/20181008095521_camera_frontcenter_000034048.png,Buildings;Car;Curbstone;Drivable cobblestone;Grid structure;Irrelevant signs;Nature object;Obstacles / trash;Pedestrian;Poles;RD normal street;Sidewalk;Signal corpus;Sky;Traffic guide obj.;Traffic sign
20181008_095521,assets/a2d2/camera/20181008_095521/20181008095521_camera_frontcenter_000035045.png,Buildings;Car;Curbstone;Drivable cobblestone;Grid structure;Irrelevant signs;Nature object;Obstacles / trash;Poles;RD normal street;Sidewalk;Sky;Traffic sign;Truck
20181008_095521,assets/a2d2/camera/20181008_095521/20181008095521_camera_frontcenter_000037679.png,Buildings;Car;Curbstone;Dashed line;Drivable cobblestone;Electronic traffic;Grid structure;Nature object;Obstacles / trash;Painted driv. instr.;Poles;RD normal street;Sidewalk;Signal corpus;Sky;Solid line;Traffic sign;Traffic signal;Utility vehicle
20181008_095521,assets/a2d2/camera/20181008_095521/20181008095521_camera_frontcenter_000039330.png,Buildings;Car;Curbstone;Dashed line;Drivable cobblestone;Grid structure;Irrelevant signs;Nature object;Non-drivable street;Obstacles / trash;Parking area;Pedestrian;Poles;RD normal street;Sidewalk;Signal corpus;Sky;Traffic sign;Truck
20181008_095521,assets/a2d2/camera/20181008_095521/20181008095521_camera_frontcenter_000040286.png,Buildings;Car;Curbstone;Dashed line;Drivable cobblestone;Irrelevant signs;Nature object;Obstacles / trash;Pedestrian;Poles;RD normal street;Sidewalk;Signal corpus;Sky;Solid line;Traffic sign;Traffic signal;Truck
20181008_095521,assets/a2d2/camera/20181008_095521/20181008095521_camera_frontcenter_000041552.png,Bicycle;Buildings;Car;Curbstone;Dashed line;Drivable cobblestone;Irrelevant signs;Nature object;Non-drivable street;Painted driv. instr.;Poles;RD normal street;Sidewalk;Signal corpus;Sky;Small vehicles;Traffic sign;Traffic signal
20181008_095521,assets/a2d2/camera/20181008_095521/20181008095521_camera_frontcenter_000042689.png,Buildings;Car;Curbstone;Dashed line;Drivable cobblestone;Irrelevant signs;Nature object;Parking area;Poles;RD normal street;Sidewalk;Signal corpus;Sky;Truck
20181008_095521,assets/a2d2/camera/20181008_095521/20181008095521_camera_frontcenter_000043447.png,Buildings;Car;Curbstone;Dashed line;Drivable cobblestone;Grid structure;Irrelevant signs;Nature object;Painted driv. instr.;Parking area;Poles;RD normal street;Sidewalk;Signal corpus;Sky;Solid line;Traffic sign
20181008_095521,assets/a2d2/camera/20181008_095521/20181008095521_camera_frontcenter_000044274.png,Buildings;Car;Curbstone;Dashed line;Drivable cobblestone;Grid structure;Irrelevant signs;Nature object;Obstacles / trash;Painted driv. instr.;Parking area;Poles;RD normal street;Sidewalk;Signal corpus;Sky;Traffic sign
20181008_095521,assets/a2d2/camera/20181008_095521/20181008095521_camera_frontcenter_000045348.png,Buildings;Car;Curbstone;Dashed line;Drivable cobblestone;Grid structure;Irrelevant signs;Nature object;Non-drivable street;Obstacles / trash;Painted driv. instr.;Poles;RD normal street;Sidewalk;Signal corpus;Sky;Traffic sign
20181008_095521,assets/a2d2/camera/20181008_095521/20181008095521_camera_frontcenter_000046182.png,Buildings;Car;Curbstone;Dashed line;Drivable cobblestone;Irrelevant signs;Nature object;Pedestrian;Poles;RD normal street;RD restricted area;Sidewalk;Signal corpus;Sky;Solid line;Traffic sign;Traffic signal;Utility vehicle
20181008_095521,assets/a2d2/camera/20181008_095521/20181008095521_camera_frontcenter_000046988.png,Bicycle;Buildings;Car;Curbstone;Dashed line;Drivable cobblestone;Irrelevant signs;Nature object;Pedestrian;Poles;RD normal street;RD restricted area;Sidewalk;Signal corpus;Sky;Solid line;Traffic sign;Traffic signal
20181008_095521,assets/a2d2/camera/20181008_095521/20181008095521_camera_frontcenter_000048522.png,Bicycle;Buildings;Car;Curbstone;Dashed line;Drivable cobblestone;Irrelevant signs;Nature object;Parking area;Pedestrian;Poles;RD normal street;Sidewalk;Signal corpus;Sky;Traffic sign;Utility vehicle
20181008_095521,assets/a2d2/camera/20181008_095521/20181008095521_camera_frontcenter_000049045.png,Bicycle;Buildings;Car;Curbstone;Dashed line;Drivable cobblestone;Irrelevant signs;Nature object;Painted driv. instr.;Parking area;Pedestrian;Poles;RD normal street;Sidewalk;Signal corpus;Sky;Traffic sign;Traffic signal;Truck
20181008_095521,assets/a2d2/camera/20181008_095521/20181008095521_camera_frontcenter_000049655.png,Buildings;Car;Curbstone;Drivable cobblestone;Irrelevant signs;Nature object;Obstacles / trash;Poles;Sidewalk;Signal corpus;Sky;Traffic sign
20181008_095521,assets/a2d2/camera/20181008_095521/20181008095521_camera_frontcenter_000050454.png,Buildings;Car;Curbstone;Dashed line;Drivable cobblestone;Irrelevant signs;Nature object;Obstacles / trash;Parking area;Pedestrian;Poles;RD normal street;Sidewalk;Signal corpus;Sky;Traffic guide obj.;Traffic sign
20181008_095521,assets/a2d2/camera/20181008_095521/20181008095521_camera_frontcenter_000051082.png,Buildings;Car;Curbstone;Drivable cobblestone;Irrelevant signs;Nature object;Obstacles / trash;Painted driv. instr.;Pedestrian;Poles;RD normal street;RD restricted area;Sidewalk;Signal corpus;Sky;Solid line;Traffic sign;Utility vehicle
20181008_095521,assets/a2d2/camera/20181008_095521/20181008095521_camera_frontcenter_000051940.png,Buildings;Car;Curbstone;Drivable cobblestone;Irrelevant signs;Nature object;Non-drivable street;Obstacles / trash;Parking area;Poles;RD normal street;Sidewalk;Signal corpus;Sky;Slow drive area;Traffic sign
20181008_095521,assets/a2d2/camera/20181008_095521/20181008095521_camera_frontcenter_000053317.png,Buildings;Obstacles / trash;Sidewalk
20181008_095521,assets/a2d2/camera/20181008_095521/20181008095521_camera_frontcenter_000053947.png,Buildings;Car;Curbstone;Drivable cobblestone;Irrelevant signs;Nature object;Obstacles / trash;Pedestrian;Poles;Sidewalk;Signal corpus;Sky;Truck;Utility vehicle
20181008_095521,assets/a2d2/camera/20181008_095521/20181008095521_camera_frontcenter_000054739.png,Buildings;Car;Curbstone;Drivable cobblestone;Irrelevant signs;Nature object;Non-drivable street;Obstacles / trash;Parking area;Poles;RD normal street;RD restricted area;Sidewalk;Signal corpus;Sky;Solid line;Traffic sign;Truck
20181008_095521,assets/a2d2/camera/20181008_095521/20181008095521_camera_frontcenter_000055399.png,Bicycle;Buildings;Car;Curbstone;Dashed line;Drivable cobblestone;Nature object;Obstacles / trash;Parking area;Pedestrian;Poles;RD normal street;Sidewalk;Sky;Traffic sign
20181008_095521,assets/a2d2/camera/20181008_095521/20181008095521_camera_frontcenter_000056034.png,Buildings;Car;Curbstone;Drivable cobblestone;Grid structure;Irrelevant signs;Nature object;Obstacles / trash;Parking area;Poles;RD normal street;Sidewalk;Signal corpus;Sky;Solid line;Traffic guide obj.;Traffic sign
20181008_095521,assets/a2d2/camera/20181008_095521/20181008095521_camera_frontcenter_000057489.png,Buildings;Car;Curbstone;Drivable cobblestone;Grid structure;Irrelevant signs;Nature object;Obstacles / trash;Parking area;Pedestrian;Poles;RD normal street;Sidewalk;Signal corpus;Sky
20181008_095521,assets/a2d2/camera/20181008_095521/20181008095521_camera_frontcenter_000058006.png,Buildings;Car;Curbstone;Drivable cobblestone;Grid structure;Irrelevant signs;Nature object;Obstacles / trash;Pedestrian;Poles;RD normal street;Sidewalk;Sky;Small vehicles;Traffic sign
20181008_095521,assets/a2d2/camera/20181008_095521/20181008095521_camera_frontcenter_000058611.png,Buildings;Car;Curbstone;Drivable cobblestone;Grid structure;Irrelevant signs;Parking area;Poles;RD normal street;Sidewalk;Sky;Solid line;Traffic guide obj.
20181008_095521,assets/a2d2/camera/20181008_095521/20181008095521_camera_frontcenter_000059400.png,Buildings;Car;Curbstone;Drivable cobblestone;Irrelevant signs;Nature object;Non-drivable street;Obstacles / trash;Parking area;Pedestrian;Poles;RD normal street;Sidewalk;Signal corpus;Sky;Small vehicles;Traffic guide obj.;Traffic sign
20181008_095521,assets/a2d2/camera/20181008_095521/20181008095521_camera_frontcenter_000059794.png,Bicycle;Buildings;Car;Curbstone;Dashed line;Drivable cobblestone;Grid structure;Irrelevant signs;Nature object;Obstacles / trash;Painted driv. instr.;Parking area;Pedestrian;Poles;RD normal street;Sidewalk;Signal corpus;Sky;Traffic guide obj.;Traffic sign;Traffic signal
20181008_095521,assets/a2d2/camera/20181008_095521/20181008095521_camera_frontcenter_000060473.png,Bicycle;Buildings;Car;Curbstone;Drivable cobblestone;Irrelevant signs;Nature object;Painted driv. instr.;Parking area;Pedestrian;Poles;RD normal street;RD restricted area;Sidewalk;Signal corpus;Sky;Solid line;Traffic sign;Truck
20181008_095521,assets/a2d2/camera/20181008_095521/20181008095521_camera_frontcenter_000061083.png,Buildings;Car;Curbstone;Drivable cobblestone;Irrelevant signs;Nature object;Obstacles / trash;Pedestrian;Poles;RD normal street;RD restricted area;Sidewalk;Sky;Solid line;Traffic sign
20181008_095521,assets/a2d2/camera/20181008_095521/20181008095521_camera_frontcenter_000061880.png,Bicycle;Buildings;Car;Curbstone;Drivable cobblestone;Irrelevant signs;Nature object;Obstacles / trash;Painted driv. instr.;Pedestrian;Poles;RD normal street;Sidewalk;Sky;Traffic sign
20181008_095521,assets/a2d2/camera/20181008_095521/20181008095521_camera_frontcenter_000062975.png,Buildings;Car;Curbstone;Dashed line;Drivable cobblestone;Grid structure;Irrelevant signs;Nature object;Obstacles / trash;Painted driv. instr.;Parking area;Pedestrian;Poles;RD normal street;Sidewalk;Signal corpus;Sky;Solid line;Traffic sign;Traffic signal;Truck
20181008_095521,assets/a2d2/camera/20181008_095521/20181008095521_camera_frontcenter_000064338.png,Buildings;Car;Curbstone;Drivable cobblestone;Irrelevant signs;Nature object;Obstacles / trash;Pedestrian;Poles;RD normal street;Sidewalk;Signal corpus;Sky;Traffic sign;Truck;Zebra crossing
20181008_095521,assets/a2d2/camera/20181008_095521/20181008095521_camera_frontcenter_000064876.png,Bicycle;Buildings;Car;Curbstone;Drivable cobblestone;Irrelevant signs;Obstacles / trash;Parking area;Pedestrian;Poles;RD normal street;Sidewalk;Signal corpus;Sky;Traffic sign;Truck
20181008_095521,assets/a2d2/camera/20181008_095521/20181008095521_camera_frontcenter_000065849.png,Buildings;Car;Curbstone;Drivable cobblestone;Grid structure;Irrelevant signs;Nature object;Obstacles / trash;Pedestrian;Poles;RD normal street;Sidewalk;Sky;Solid line;Traffic sign;Truck
20181008_095521,assets/a2d2/camera/20181008_095521/20181008095521_camera_frontcenter_000066658.png,Buildings;Car;Curbstone;Drivable cobblestone;Grid structure;Nature object;Obstacles / trash;Pedestrian;Poles;RD normal street;Sidewalk;Sky;Solid line;Truck
20181008_095521,assets/a2d2/camera/20181008_095521/20181008095521_camera_frontcenter_000067450.png,Bicycle;Buildings;Car;Curbstone;Drivable cobblestone;Grid structure;Irrelevant signs;Obstacles / trash;Parking area;Pedestrian;Poles;RD normal street;Sidewalk;Signal corpus;Sky;Traffic sign;Zebra crossing
20181008_095521,assets/a2d2/camera/20181008_095521/20181008095521_camera_frontcenter_000068168.png,Bicycle;Buildings;Car;Curbstone;Drivable cobblestone;Grid structure;Irrelevant signs;Nature object;Obstacles / trash;Parking area;Pedestrian;Poles;RD normal street;Sidewalk;Sky;Small vehicles;Solid line;Traffic guide obj.;Traffic sign
20181008_095521,assets/a2d2/camera/20181008_095521/20181008095521_camera_frontcenter_000068979.png,Buildings;Car;Curbstone;Dashed line;Drivable cobblestone;Grid structure;Irrelevant signs;Obstacles / trash;Pedestrian;Poles;RD normal street;Sidewalk;Signal corpus;Sky;Truck
20181008_095521,assets/a2d2/camera/20181008_095521/20181008095521_camera_frontcenter_000069891.png,Buildings;Car;Curbstone;Drivable cobblestone;Irrelevant signs;Nature object;Parking area;Pedestrian;Poles;RD normal street;Sidewalk;Sky;Traffic sign
20181008_095521,assets/a2d2/camera/20181008_095521/20181008095521_camera_frontcenter_000070363.png,Buildings;Car;Curbstone;Drivable cobblestone;Grid structure;Irrelevant signs;Nature object;Obstacles / trash;Parking area;Poles;RD normal street;Sidewalk;Sky;Traffic sign
20181008_095521,assets/a2d2/camera/20181008_095521/20181008095521_camera_frontcenter_000071013.png,Bicycle;Buildings;Car;Curbstone;Irrelevant signs;Nature object;Obstacles / trash;Pedestrian;Poles;RD normal street;Sidewalk;Sky;Traffic sign
20181008_095521,assets/a2d2/camera/20181008_095521/20181008095521_camera_frontcenter_000072250.png,Buildings;Car;Curbstone;Dashed line;Drivable cobblestone;Grid structure;Irrelevant signs;Nature object;Obstacles / trash;Painted driv. instr.;Parking area;Pedestrian;Poles;RD normal street;Sidewalk;Signal corpus;Sky;Traffic sign
20181008_095521,assets/a2d2/camera/20181008_095521/20181008095521_camera_frontcenter_000073214.png,Bicycle;Buildings;Car;Curbstone;Dashed line;Grid structure;Irrelevant signs;Obstacles / trash;Pedestrian;Poles;RD normal street;Sidewalk;Signal corpus;Sky;Small vehicles;Solid line;Traffic guide obj.;Traffic signal
20181008_095521,assets/a2d2/camera/20181008_095521/20181008095521_camera_frontcenter_000075344.png,Buildings;Car;Curbstone;Dashed line;Drivable cobblestone;Irrelevant signs;Nature object;Obstacles / trash;Pedestrian;Poles;RD normal street;Sidewalk;Signal corpus;Sky;Truck
20181008_095521,assets/a2d2/camera/20181008_095521/20181008095521_camera_frontcenter_000076254.png,Bicycle;Buildings;Car;Curbstone;Dashed line;Drivable cobblestone;Grid structure;Irrelevant signs;Nature object;Poles;RD normal street;Sidewalk;Signal corpus;Sky;Solid line;Traffic sign;Traffic signal
20181008_095521,assets/a2d2/camera/20181008_095521/20181008095521_camera_frontcenter_000076845.png,Buildings;Car;Curbstone;Dashed line;Drivable cobblestone;Nature object;Poles;RD normal street;Sidewalk;Signal corpus;Sky;Traffic sign
20181008_095521,assets/a2d2/camera/20181008_095521/20181008095521_camera_frontcenter_000077447.png,Buildings;Car;Curbstone;Dashed line;Drivable cobblestone;Nature object;Parking area;Poles;RD normal street;Sidewalk;Signal corpus;Sky;Slow drive area;Traffic sign;Truck;Utility vehicle
20181008_095521,assets/a2d2/camera/20181008_095521/20181008095521_camera_frontcenter_000078428.png,Buildings;Car;Curbstone;Drivable cobblestone;Nature object;Non-drivable street;Obstacles / trash;Parking area;Pedestrian;Poles;RD normal street;RD restricted area;Sidewalk;Signal corpus;Sky;Solid line;Traffic sign;Truck
20181008_095521,assets/a2d2/camera/20181008_095521/20181008095521_camera_frontcenter_000079126.png,Buildings;Car;Curbstone;Dashed line;Grid structure;Irrelevant signs;Nature object;Non-drivable street;Painted driv. instr.;Pedestrian;Poles;RD normal street;Sidewalk;Sky;Solid line;Traffic sign;Truck
20181016_082154,assets/a2d2/camera/20181016_082154/20181016082154_camera_frontcenter_000002036.png,Bicycle;Buildings;Car;Curbstone;Dashed line;Drivable cobblestone;Irrelevant signs;Nature object;Painted driv. instr.;Poles;RD normal street;Sidewalk;Signal corpus;Sky;Solid line;Traffic guide obj.;Traffic sign;Traffic signal
20181016_082154,assets/a2d2/camera/20181016_082154/20181016082154_camera_frontcenter_000002404.png,Buildings;Car;Curbstone;Dashed line;Grid structure;Irrelevant signs;Nature object;Poles;RD normal street;Road blocks;Sidewalk;Sky;Truck
20181016_082154,assets/a2d2/camera/20181016_082154/20181016082154_camera_frontcenter_000003029.png,Buildings;Car;Curbstone;Dashed line;Nature object;Poles;RD normal street;Road blocks;Sidewalk;Signal corpus;Sky;Traffic signal;Truck
20181016_082154,assets/a2d2/camera/20181016_082154/20181016082154_camera_frontcenter_000003686.png,Buildings;Car;Curbstone;Dashed line;Drivable cobblestone;Irrelevant signs;Nature object;Obstacles / trash;Poles;RD normal street;Sidewalk;Sky;Traffic sign;Truck
20181016_082154,assets/a2d2/camera/20181016_082154/20181016082154_camera_frontcenter_000004209.png,Buildings;Car;Curbstone;Dashed line;Grid structure;Irrelevant signs;Nature object;Obstacles / trash;Poles;RD normal street;Sidewalk;Signal corpus;Sky;Slow drive area;Truck
20181016_082154,assets/a2d2/camera/20181016_082154/20181016082154_camera_frontcenter_000004677.png,Buildings;Car;Curbstone;Dashed line;Grid structure;Irrelevant signs;Nature object;Non-drivable street;Obstacles / trash;Poles;RD normal street;Sidewalk;Signal corpus;Sky;Traffic sign;Truck
20181016_082154,assets/a2d2/camera/20181016_082154/20181016082154_camera_frontcenter_000005544.png,Buildings;Car;Curbstone;Dashed line;Grid structure;Irrelevant signs;Nature object;Obstacles / trash;Poles;RD normal street;Sidewalk;Sky;Solid line;Traffic sign;Utility vehicle
20181016_082154,assets/a2d2/camera/20181016_082154/20181016082154_camera_frontcenter_000006183.png,Buildings;Car;Curbstone;Dashed line;Drivable cobblestone;Irrelevant signs;Nature object;Poles;RD normal street;Sidewalk;Signal corpus;Sky;Solid line;Traffic sign;Traffic signal
20181016_082154,assets/a2d2/camera/20181016_082154/20181016082154_camera_frontcenter_000006563.png,Buildings;Car;Curbstone;Dashed line;Irrelevant signs;Nature object;Painted driv. instr.;Poles;RD normal street;Sidewalk;Sky;Slow drive area
20181016_082154,assets/a2d2/camera/20181016_082154/20181016082154_camera_frontcenter_000007053.png,Buildings;Car;Curbstone;Dashed line;Grid structure;Irrelevant signs;Nature object;Obstacles / trash;Poles;RD normal street;Sidewalk;Sky;Traffic sign;Truck;Utility vehicle
20181016_082154,assets/a2d2/camera/20181016_082154/20181016082154_camera_frontcenter_000007673.png,Buildings;Car;Curbstone;Dashed line;Irrelevant signs;Nature object;Non-drivable street;Poles;RD normal street;Road blocks;Sidewalk;Signal corpus;Sky;Traffic sign;Truck
20181016_082154,assets/a2d2/camera/20181016_082154/20181016082154_camera_frontcenter_000008564.png,Car;Curbstone;Dashed line;Drivable cobblestone;Irrelevant signs;Nature object;Poles;RD normal street;Road blocks;Signal corpus;Sky;Solid line;Traffic sign
20181016_082154,assets/a2d2/camera/20181016_082154/20181016082154_camera_frontcenter_000009136.png,Car;Curbstone;Dashed line;Irrelevant signs;Nature object;Painted driv. instr.;Poles;RD normal street;RD restricted area;Sidebars;Signal corpus;Sky;Solid line;Traffic sign;Traffic signal;Truck
20181016_082154,assets/a2d2/camera/20181016_082154/20181016082154_camera_frontcenter_000009609.png,Buildings;Car;Dashed line;Drivable cobblestone;Irrelevant signs;Nature object;Poles;RD normal street;RD restricted area;Road blocks;Sidebars;Sky;Solid line;Traffic sign;Truck
20181016_082154,assets/a2d2/camera/20181016_082154/20181016082154_camera_frontcenter_000009898.png,Buildings;Car;Curbstone;Dashed line;Irrelevant signs;Nature object;Non-drivable street;RD normal street;Road blocks;Sidebars;Sky;Solid line;Truck
20181016_082154,assets/a2d2/camera/20181016_082154/20181016082154_camera_frontcenter_000010554.png,Buildings;Car;Dashed line;Grid structure;Irrelevant signs;Nature object;Poles;RD normal street;Road blocks;Sky;Solid line
20181016_082154,assets/a2d2/camera/20181016_082154/20181016082154_camera_frontcenter_000011103.png,Buildings;Car;Dashed line;Nature object;RD normal street;Road blocks;Sky;Solid line;Traffic sign
20181016_082154,assets/a2d2/camera/20181016_082154/20181016082154_camera_frontcenter_000011736.png,Buildings;Dashed line;Irrelevant signs;Nature object;Painted driv. instr.;Poles;RD normal street;Road blocks;Sky;Solid line;Traffic sign;Truck
20181016_082154,assets/a2d2/camera/20181016_082154/20181016082154_camera_frontcenter_000012323.png,Buildings;Dashed line;Irrelevant signs;Nature object;Poles;RD normal street;Road blocks;Sidebars;Sky;Solid line;Traffic sign;Truck
20181016_082154,assets/a2d2/camera/20181016_082154/20181016082154_camera_frontcenter_000012859.png,Car;Dashed line;Nature object;RD normal street;Road blocks;Sky;Solid line;Truck
20181016_082154,assets/a2d2/camera/20181016_082154/20181016082154_camera_frontcenter_000013488.png,Grid structure;Nature object;Non-drivable street;RD normal street;RD restricted area;Road blocks;Sidebars;Sky;Solid line;Truck
20181016_082154,assets/a2d2/camera/20181016_082154/20181016082154_camera_frontcenter_000014745.png,Buildings;Car;Irrelevant signs;Nature object;RD normal street;Sidebars;Sidewalk;Sky;Solid line;Truck
20181016_082154,assets/a2d2/camera/20181016_082154/20181016082154_camera_frontcenter_000015385.png,Buildings;Dashed line;Nature object;RD normal street;Sidebars;Sky;Solid line;Truck
20181016_082154,assets/a2d2/camera/20181016_082154/20181016082154_camera_frontcenter_000015985.png,Bicycle;Buildings;Car;Dashed line;Nature object;Painted driv. instr.;Poles;RD normal street;Sidewalk;Sky;Solid line;Traffic sign;Truck
20181016_082154,assets/a2d2/camera/20181016_082154/20181016082154_camera_frontcenter_000016343.png,Curbstone;Dashed line;Drivable cobblestone;Grid structure;Irrelevant signs;Nature object;Poles;RD normal street;Road blocks;Sky;Solid line;Traffic sign;Truck
20181016_082154,assets/a2d2/camera/20181016_082154/20181016082154_camera_frontcenter_000016954.png,Car;Dashed line;Grid structure;Nature object;RD normal street;RD restricted area;Sidewalk;Sky;Solid line;Truck
20181016_082154,assets/a2d2/camera/20181016_082154/20181016082154_camera_frontcenter_000017489.png,Dashed line;Grid structure;Nature object;Poles;RD normal street;Road blocks;Sky;Solid line;Truck
20181016_082154,assets/a2d2/camera/20181016_082154/20181016082154_camera_frontcenter_000017893.png,Car;Dashed line;Drivable cobblestone;Grid structure;Nature object;RD normal street;Road blocks;Sidebars;Sky;Solid line;Truck
20181016_082154,assets/a2d2/camera/20181016_082154/20181016082154_camera_frontcenter_000018416.png,Dashed line;Nature object;RD normal street;Sidebars;Sky;Solid line;Truck
20181016_082154,assets/a2d2/camera/20181016_082154/20181016082154_camera_frontcenter_000018960.png,Dashed line;Nature object;RD normal street;Road blocks;Sky;Solid line;Truck
20181016_082154,assets/a2d2/camera/20181016_082154/20181016082154_camera_frontcenter_000019718.png,Nature object;RD normal street;Road blocks;Sky;Solid line;Truck
20181016_082154,assets/a2d2/camera/20181016_082154/20181016082154_camera_frontcenter_000020269.png,Dashed line;Nature object;Poles;RD normal street;Road blocks;Sky;Solid line;Traffic sign;Truck
20181016_082154,assets/a2d2/camera/20181016_082154/20181016082154_camera_frontcenter_000020699.png,Car;Nature object;RD normal street;RD restricted area;Road blocks;Sky;Solid line;Truck
20181016_082154,assets/a2d2/camera/20181016_082154/20181016082154_camera_frontcenter_000021459.png,Curbstone;Drivable cobblestone;Irrelevant signs;Nature object;Poles;RD normal street;RD restricted area;Road blocks;Sky;Solid line;Traffic sign;Truck
20181016_082154,assets/a2d2/camera/20181016_082154/20181016082154_camera_frontcenter_000022439.png,Dashed line;Drivable cobblestone;Grid structure;Nature object;RD normal street;Sidebars;Sky;Solid line;Truck
20181016_082154,assets/a2d2/camera/20181016_082154/20181016082154_camera_frontcenter_000023166.png,Dashed line;Drivable cobblestone;Nature object;RD normal street;Road blocks;Sky;Solid line;Truck
20181016_082154,assets/a2d2/camera/20181016_082154/20181016082154_camera_frontcenter_000023657.png,Dashed line;Drivable cobblestone;Grid structure;Nature object;RD normal street;Road blocks;Sky;Solid line;Truck
20181016_082154,assets/a2d2/camera/20181016_082154/20181016082154_camera_frontcenter_000024862.png,Dashed line;Drivable cobblestone;Grid structure;Nature object;RD normal street;Sidebars;Sky;Solid line;Truck
20181016_082154,assets/a2d2/camera/20181016_082154/20181016082154_camera_frontcenter_000025450.png,Dashed line;Drivable cobblestone;Grid structure;Nature object;RD normal street;Road blocks;Sidewalk;Sky;Solid line;Traffic sign;Truck
20181016_082154,assets/a2d2/camera/20181016_082154/20181016082154_camera_frontcenter_000026383.png,Drivable cobblestone;Grid structure;Nature object;RD normal street;RD restricted area;Sky;Solid line;Truck
20181016_082154,assets/a2d2/camera/20181016_082154/20181016082154_camera_frontcenter_000031486.png,Dashed line;Nature object;RD normal street;Road blocks;Sky;Solid line
20181016_082154,assets/a2d2/camera/20181016_082154/20181016082154_camera_frontcenter_000032068.png,Dashed line;Grid structure;Nature object;RD normal street;Road blocks;Sky;Solid line
20181016_082154,assets/a2d2/camera/20181016_082154/20181016082154_camera_frontcenter_000032654.png,Car;Dashed line;Drivable cobblestone;Irrelevant signs;Nature object;RD normal street;Sky;Solid line
20181016_082154,assets/a2d2/camera/20181016_082154/20181016082154_camera_frontcenter_000033482.png,Buildings;Drivable cobblestone;Nature object;RD normal street;Sidebars;Sky;Solid line;Traffic sign
20181016_082154,assets/a2d2/camera/20181016_082154/20181016082154_camera_frontcenter_000034193.png,Curbstone;Dashed line;Drivable cobblestone;Grid structure;Irrelevant signs;Nature object;Non-drivable street;Obstacles / trash;Poles;RD normal street;Sidewalk;Signal corpus;Sky;Traffic sign
20181016_082154,assets/a2d2/camera/20181016_082154/20181016082154_camera_frontcenter_000034760.png,Dashed line;Nature object;RD normal street;Road blocks;Sidebars;Sky;Solid line
20181016_082154,assets/a2d2/camera/20181016_082154/20181016082154_camera_frontcenter_000035275.png,Dashed line;Drivable cobblestone;Nature object;Poles;RD normal street;Road blocks;Sky;Solid line;Traffic sign
20181016_082154,assets/a2d2/camera/20181016_082154/20181016082154_camera_frontcenter_000035948.png,Buildings;Curbstone;Dashed line;Grid structure;Nature object;Poles;RD normal street;Sidewalk;Sky;Solid line
20181016_082154,assets/a2d2/camera/20181016_082154/20181016082154_camera_frontcenter_000036509.png,Buildings;Car;Curbstone;Dashed line;Irrelevant signs;Nature object;Non-drivable street;Parking area;Poles;RD normal street;RD restricted area;Sky;Slow drive area;Solid line;Traffic sign
20181016_082154,assets/a2d2/camera/20181016_082154/20181016082154_camera_frontcenter_000037085.png,Buildings;Car;Curbstone;Dashed line;Nature object;Parking area;Poles;RD normal street;Sidebars;Sidewalk;Sky;Solid line;Traffic sign
20181016_082154,assets/a2d2/camera/20181016_082154/20181016082154_camera_frontcenter_000037752.png,Dashed line;Drivable cobblestone;Nature object;Painted driv. instr.;Poles;RD normal street;RD restricted area;Sidewalk;Sky;Solid line;Traffic sign;Truck
20181016_082154,assets/a2d2/camera/20181016_082154/20181016082154_camera_frontcenter_000038304.png,Curbstone;Dashed line;Drivable cobblestone;Nature object;Poles;RD normal street;Sidebars;Sidewalk;Sky;Solid line;Traffic sign;Truck
20181016_082154,assets/a2d2/camera/20181016_082154/20181016082154_camera_frontcenter_000038730.png,Buildings;Dashed line;Drivable cobblestone;Irrelevant signs;Nature object;Obstacles / trash;Poles;RD normal street;Sidewalk;Sky;Solid line;Truck
20181016_082154,assets/a2d2/camera/20181016_082154/20181016082154_camera_frontcenter_000039680.png,Dashed line;Drivable cobblestone;Nature object;RD normal street;Sidewalk;Sky;Solid line
20181016_082154,assets/a2d2/camera/20181016_082154/20181016082154_camera_frontcenter_000040032.png,Buildings;Dashed line;Drivable cobblestone;Nature object;RD normal street;Sidebars;Sidewalk;Sky;Solid line;Truck
20181016_082154,assets/a2d2/camera/20181016_082154/20181016082154_camera_frontcenter_000040654.png,Curbstone;Dashed line;Drivable cobblestone;Nature object;Poles;RD normal street;Sidebars;Sidewalk;Sky;Solid line;Traffic sign;Truck
20181016_082154,assets/a2d2/camera/20181016_082154/20181016082154_camera_frontcenter_000041097.png,Buildings;Dashed line;Drivable cobblestone;Nature object;Obstacles / trash;Poles;RD normal street;Sidewalk;Sky;Solid line;Truck
20181016_082154,assets/a2d2/camera/20181016_082154/20181016082154_camera_frontcenter_000041446.png,Buildings;Dashed line;Drivable cobblestone;Nature object;Obstacles / trash;Poles;RD normal street;Sidebars;Sidewalk;Sky;Solid line;Truck
20181016_082154,assets/a2d2/camera/20181016_082154/20181016082154_camera_frontcenter_000042465.png,Buildings;Car;Dashed line;Irrelevant signs;Nature object;Poles;RD normal street;RD restricted area;Road blocks;Sidewalk;Sky;Solid line;Truck
20181016_082154,assets/a2d2/camera/20181016_082154/20181016082154_camera_frontcenter_000043950.png,Buildings;Car;Curbstone;Drivable cobblestone;Grid structure;Irrelevant signs;Nature object;Poles;RD normal street;RD restricted area;Sidebars;Sky;Solid line;Traffic sign;Truck
20181016_082154,assets/a2d2/camera/20181016_082154/20181016082154_camera_frontcenter_000045204.png,Curbstone;Dashed line;Irrelevant signs;Nature object;Non-drivable street;Poles;RD normal street;Road blocks;Sidebars;Sidewalk;Sky;Solid line;Traffic sign;Truck
20181016_082154,assets/a2d2/camera/20181016_082154/20181016082154_camera_frontcenter_000046002.png,Dashed line;Grid structure;Irrelevant signs;Nature object;Poles;RD normal street;Sidebars;Sky;Solid line;Truck
20181016_082154,assets/a2d2/camera/20181016_082154/20181016082154_camera_frontcenter_000047092.png,Buildings;Car;Dashed line;Grid structure;Nature object;Poles;RD normal street;Sky;Solid line;Traffic sign
20181016_082154,assets/a2d2/camera/20181016_082154/20181016082154_camera_frontcenter_000047738.png,Buildings;Curbstone;Dashed line;Grid structure;Irrelevant signs;Nature object;Poles;RD normal street;RD restricted area;Sidebars;Sky;Solid line;Truck
20181016_082154,assets/a2d2/camera/20181016_082154/20181016082154_camera_frontcenter_000049174.png,Dashed line;Grid structure;Irrelevant signs;Nature object;Poles;RD normal street;RD restricted area;Sky;Solid line
20181016_082154,assets/a2d2/camera/20181016_082154/20181016082154_camera_frontcenter_000050336.png,Dashed line;Grid structure;Nature object;RD normal street;RD restricted area;Sidebars;Sky;Solid line
20181016_082154,assets/a2d2/camera/20181016_082154/20181016082154_camera_frontcenter_000051431.png,Car;Dashed line;Grid structure;Nature object;Painted driv. instr.;RD normal street;RD restricted area;Sidebars;Sky;Solid line;Truck
20181016_082154,assets/a2d2/camera/20181016_082154/20181016082154_camera_frontcenter_000052680.png,Dashed line;Grid structure;Nature object;Poles;RD normal street;RD restricted area;Sidebars;Sky;Solid line;Truck
20181016_082154,assets/a2d2/camera/20181016_082154/20181016082154_camera_frontcenter_000053766.png,Car;Dashed line;Grid structure;Nature object;RD normal street;Sky;Solid line;Truck
20181016_082154,assets/a2d2/camera/20181016_082154/20181016082154_camera_frontcenter_000055205.png,Dashed line;Grid structure;Nature object;RD normal street;Sidebars;Sky;Solid line;Truck
20181016_082154,assets/a2d2/camera/20181016_082154/20181016082154_camera_frontcenter_000056034.png,Dashed line;Grid structure;Nature object;Painted driv. instr.;RD normal street;Sky;Solid line;Truck
20181016_082154,assets/a2d2/camera/20181016_082154/20181016082154_camera_frontcenter_000056836.png,Buildings;Dashed line;Grid structure;Nature object;RD normal street;Sky;Solid line;Traffic sign;Truck
20181016_082154,assets/a2d2/camera/20181016_082154/20181016082154_camera_frontcenter_000057710.png,Car;Dashed line;Grid structure;Nature object;RD normal street;Road blocks;Sidebars;Sky;Solid line;Truck
20181016_082154,assets/a2d2/camera/20181016_082154/20181016082154_camera_frontcenter_000058512.png,Dashed line;Grid structure;Irrelevant signs;Nature object;Painted driv. instr.;RD normal street;Road blocks;Sidebars;Sky;Solid line;Truck
20181016_082154,assets/a2d2/camera/20181016_082154/20181016082154_camera_frontcenter_000059755.png,Dashed line;Grid structure;Nature object;RD normal street;Sky;Solid line;Truck
20181016_082154,assets/a2d2/camera/20181016_082154/20181016082154_camera_frontcenter_000060635.png,Curbstone;Dashed line;Grid structure;Nature object;Non-drivable street;RD normal street;Road blocks;Sky;Solid line;Traffic sign
20181016_082154,assets/a2d2/camera/20181016_082154/20181016082154_camera_frontcenter_000061429.png,Car;Dashed line;Grid structure;Nature object;RD normal street;Sky;Solid line;Truck
20181016_082154,assets/a2d2/camera/20181016_082154/20181016082154_camera_frontcenter_000062564.png,Car;Nature object;Poles;RD normal street;Sky;Solid line;Traffic sign;Truck
20181016_082154,assets/a2d2/camera/20181016_082154/20181016082154_camera_frontcenter_000064995.png,Car;Dashed line;Nature object;Poles;RD normal street;Sky;Solid line;Traffic sign;Truck
20181016_082154,assets/a2d2/camera/20181016_082154/20181016082154_camera_frontcenter_000067689.png,Car;Curbstone;Grid structure;Irrelevant signs;Nature object;Non-drivable street;Obstacles / trash;RD normal street;Road blocks;Sky;Traffic guide obj.;Truck
20181016_082154,assets/a2d2/camera/20181016_082154/20181016082154_camera_frontcenter_000068637.png,Car;Drivable cobblestone;Grid structure;Nature object;Non-drivable street;Obstacles / trash;RD normal street;Road blocks;Sky;Solid line;Truck
20181016_082154,assets/a2d2/camera/20181016_082154/20181016082154_camera_frontcenter_000070010.png,Car;Dashed line;Nature object;Poles;RD normal street;Sidebars;Sky;Solid line;Traffic sign;Truck
20181016_082154,assets/a2d2/camera/20181016_082154/20181016082154_camera_frontcenter_000071144.png,Car;Dashed line;Drivable cobblestone;Grid structure;Irrelevant signs;Nature object;Poles;RD normal street;Sidebars;Sky;Solid line;Truck
20181016_082154,assets/a2d2/camera/20181016_082154/20181016082154_camera_frontcenter_000072441.png,Dashed line;Nature object;RD normal street;Sidebars;Sky;Solid line;Truck
20181016_082154,assets/a2d2/camera/20181016_082154/20181016082154_camera_frontcenter_000073990.png,Car;Dashed line;Nature object;RD normal street;Sky;Solid line;Truck
20181016_082154,assets/a2d2/camera/20181016_082154/20181016082154_camera_frontcenter_000075488.png,Car;Dashed line;Nature object;RD normal street;Sidewalk;Sky;Solid line;Truck
20181016_095036,assets/a2d2/camera/20181016_095036/20181016095036_camera_frontcenter_000010017.png,Buildings;Curbstone;Dashed line;Drivable cobblestone;Grid structure;Irrelevant signs;Nature object;Non-drivable street;Painted driv. instr.;Poles;RD normal street;Sidewalk;Signal corpus;Sky;Solid line;Traffic sign;Truck
20181016_095036,assets/a2d2/camera/20181016_095036/20181016095036_camera_frontcenter_000011107.png,Buildings;Car;Curbstone;Dashed line;Irrelevant signs;Nature object;Non-drivable street;Poles;RD normal street;Sidewalk;Sky;Solid line;Traffic sign;Truck;Zebra crossing
20181016_095036,assets/a2d2/camera/20181016_095036/20181016095036_camera_frontcenter_000012668.png,Buildings;Car;Curbstone;Dashed line;Drivable cobblestone;Irrelevant signs;Nature object;Painted driv. instr.;Pedestrian;Poles;RD normal street;Sidewalk;Signal corpus;Sky;Traffic sign;Traffic signal;Truck
20181016_095036,assets/a2d2/camera/20181016_095036/20181016095036_camera_frontcenter_000013768.png,Buildings;Car;Curbstone;Dashed line;Drivable cobblestone;Irrelevant signs;Nature object;Non-drivable street;Obstacles / trash;Painted driv. instr.;Poles;RD normal street;Sidewalk;Signal corpus;Sky;Traffic sign;Traffic signal;Truck
20181016_095036,assets/a2d2/camera/20181016_095036/20181016095036_camera_frontcenter_000015577.png,Bicycle;Buildings;Car;Curbstone;Dashed line;Drivable cobblestone;Grid structure;Irrelevant signs;Nature object;Obstacles / trash;Painted driv. instr.;Poles;RD normal street;Sidewalk;Sky;Traffic sign;Truck
20181016_095036,assets/a2d2/camera/20181016_095036/20181016095036_camera_frontcenter_000016126.png,Bicycle;Buildings;Car;Curbstone;Dashed line;Drivable cobblestone;Irrelevant signs;Nature object;Painted driv. instr.;Pedestrian;Poles;RD normal street;Sidewalk;Signal corpus;Sky;Solid line;Traffic sign;Traffic signal;Truck
20181016_095036,assets/a2d2/camera/20181016_095036/20181016095036_camera_frontcenter_000016764.png,Buildings;Car;Curbstone;Dashed line;Drivable cobblestone;Irrelevant signs;Nature object;Obstacles / trash;Pedestrian;Poles;RD normal street;Sidewalk;Signal corpus;Sky;Traffic sign;Traffic signal;Truck
20181016_095036,assets/a2d2/camera/20181016_095036/20181016095036_camera_frontcenter_000017746.png,Buildings;Car;Curbstone;Dashed line;Drivable cobblestone;Grid structure;Irrelevant signs;Nature object;Obstacles / trash;Pedestrian;Poles;RD normal street;Sidewalk;Signal corpus;Sky;Solid line;Traffic sign
20181016_095036,assets/a2d2/camera/20181016_095036/20181016095036_camera_frontcenter_000018602.png,Bicycle;Buildings;Car;Curbstone;Dashed line;Drivable cobblestone;Grid structure;Nature object;Obstacles / trash;Poles;RD normal street;Sidewalk;Signal corpus;Sky;Solid line;Traffic sign
20181016_095036,assets/a2d2/camera/20181016_095036/20181016095036_camera_frontcenter_000020096.png,Buildings;Car;Curbstone;Dashed line;Drivable cobblestone;Grid structure;Irrelevant signs;Nature object;Obstacles / trash;Poles;RD normal street;Sidewalk;Sky;Solid line;Traffic sign
20181016_095036,assets/a2d2/camera/20181016_095036/20181016095036_camera_frontcenter_000021264.png,Car;Curbstone;Drivable cobblestone;Irrelevant signs;Nature object;Poles;RD normal street;Sidewalk;Sky;Solid line;Truck
20181016_095036,assets/a2d2/camera/20181016_095036/20181016095036_camera_frontcenter_000022045.png,Buildings;Car;Curbstone;Dashed line;Drivable cobblestone;Grid structure;Irrelevant signs;Nature object;Non-drivable street;Poles;RD normal street;RD restricted area;Sidewalk;Signal corpus;Sky;Solid line;Traffic sign;Truck
20181016_095036,assets/a2d2/camera/20181016_095036/20181016095036_camera_frontcenter_000023059.png,Car;Curbstone;Dashed line;Drivable cobblestone;Irrelevant signs;Nature object;Poles;RD normal street;Sidewalk;Sky;Traffic sign;Truck
20181016_095036,assets/a2d2/camera/20181016_095036/20181016095036_camera_frontcenter_000024426.png,Bicycle;Buildings;Car;Curbstone;Dashed line;Drivable cobblestone;Irrelevant signs;Nature object;Poles;RD normal street;Sidewalk;Signal corpus;Sky;Solid line;Traffic sign;Traffic signal
20181016_095036,assets/a2d2/camera/20181016_095036/20181016095036_camera_frontcenter_000024890.png,Buildings;Car;Curbstone;Dashed line;Drivable cobblestone;Irrelevant signs;Nature object;Poles;RD normal street;Sidewalk;Signal corpus;Sky;Solid line;Traffic sign;Traffic signal
20181016_095036,assets/a2d2/camera/20181016_095036/20181016095036_camera_frontcenter_000025697.png,Buildings;Car;Curbstone;Dashed line;Drivable cobblestone;Irrelevant signs;Nature object;Non-drivable street;Poles;RD normal street;Sidewalk;Signal corpus;Sky;Solid line;Traffic sign;Traffic signal
20181016_095036,assets/a2d2/camera/20181016_095036/20181016095036_camera_frontcenter_000027085.png,Buildings;Car;Curbstone;Dashed line;Drivable cobblestone;Grid structure;Irrelevant signs;Nature object;Obstacles / trash;Painted driv. instr.;Poles;RD normal street;RD restricted area;Sidewalk;Sky;Solid line;Traffic sign
20181016_095036,assets/a2d2/camera/20181016_095036/20181016095036_camera_frontcenter_000028073.png,Buildings;Car;Curbstone;Drivable cobblestone;Grid structure;Irrelevant signs;Nature object;Non-drivable street;Poles;RD normal street;Sidewalk;Sky;Solid line
20181016_095036,assets/a2d2/camera/20181016_095036/20181016095036_camera_frontcenter_000028950.png,Buildings;Car;Curbstone;Dashed line;Drivable cobblestone;Grid structure;Irrelevant signs;Nature object;Obstacles / trash;Pedestrian;Poles;RD normal street;Sidewalk;Signal corpus;Sky;Solid line;Traffic sign
20181016_095036,assets/a2d2/camera/20181016_095036/20181016095036_camera_frontcenter_000029825.png,Buildings;Car;Curbstone;Dashed line;Drivable cobblestone;Grid structure;Irrelevant signs;Nature object;Obstacles / trash;Pedestrian;Poles;RD normal street;Sidewalk;Signal corpus;Sky;Solid line;Traffic sign
20181016_095036,assets/a2d2/camera/20181016_095036/20181016095036_camera_frontcenter_000030613.png,Buildings;Car;Curbstone;Dashed line;Drivable cobblestone;Grid structure;Irrelevant signs;Nature object;Poles;RD normal street;Sidewalk;Signal corpus;Sky;Truck
20181016_095036,assets/a2d2/camera/20181016_095036/20181016095036_camera_frontcenter_000031875.png,Buildings;Car;Curbstone;Dashed line;Drivable cobblestone;Grid structure;Irrelevant signs;Nature object;Obstacles / trash;Poles;RD normal street;Sidewalk;Signal corpus;Sky;Solid line;Traffic sign;Traffic signal;Truck
20181016_095036,assets/a2d2/camera/20181016_095036/20181016095036_camera_frontcenter_000032420.png,Buildings;Car;Curbstone;Dashed line;Drivable cobblestone;Grid structure;Irrelevant signs;Nature object;Non-drivable street;Obstacles / trash;Poles;RD normal street;Sidewalk;Signal corpus;Sky;Solid line;Traffic sign;Traffic signal;Truck
20181016_095036,assets/a2d2/camera/20181016_095036/20181016095036_camera_frontcenter_000033042.png,Buildings;Car;Curbstone;Dashed line;Drivable cobblestone;Grid structure;Irrelevant signs;Nature object;Non-drivable street;Painted driv. instr.;Poles;RD normal street;Sidewalk;Sky;Traffic sign
20181016_095036,assets/a2d2/camera/20181016_095036/20181016095036_camera_frontcenter_000034483.png,Buildings;Car;Curbstone;Dashed line;Drivable cobblestone;Irrelevant signs;Nature object;Non-drivable street;Painted driv. instr.;Pedestrian;Poles;RD normal street;Sidewalk;Signal corpus;Sky;Solid line;Traffic sign;Traffic signal
20181016_095036,assets/a2d2/camera/20181016_095036/20181016095036_camera_frontcenter_000035555.png,Buildings;Car;Curbstone;Dashed line;Grid structure;Nature object;Obstacles / trash;Poles;RD normal street;Sidewalk;Signal corpus;Sky;Solid line;Traffic guide obj.;Traffic sign;Traffic signal;Truck;Utility vehicle
20181016_095036,assets/a2d2/camera/20181016_095036/20181016095036_camera_frontcenter_000037328.png,Bicycle;Buildings;Car;Curbstone;Dashed line;Drivable cobblestone;Irrelevant signs;Nature object;Non-drivable street;Poles;RD normal street;Sidewalk;Signal corpus;Sky;Traffic sign
20181016_095036,assets/a2d2/camera/20181016_095036/20181016095036_camera_frontcenter_000038625.png,Buildings;Car;Curbstone;Dashed line;Drivable cobblestone;Grid structure;Irrelevant signs;Nature object;Non-drivable street;Painted driv. instr.;Pedestrian;Poles;RD normal street;Sidewalk;Signal corpus;Sky;Solid line;Traffic sign;Traffic signal;Truck
20181016_095036,assets/a2d2/camera/20181016_095036/20181016095036_camera_frontcenter_000039349.png,Bicycle;Buildings;Car;Curbstone;Dashed line;Drivable cobblestone;Irrelevant signs;Nature object;Non-drivable street;Painted driv. instr.;Poles;RD normal street;Sidewalk;Signal corpus;Sky;Solid line;Traffic guide obj.;Traffic sign;Traffic signal;Truck
20181016_095036,assets/a2d2/camera/20181016_095036/20181016095036_camera_frontcenter_000040190.png,Buildings;Car;Curbstone;Dashed line;Drivable cobblestone;Irrelevant signs;Nature object;Obstacles / trash;Pedestrian;Poles;RD normal street;Sidewalk;Signal corpus;Sky;Solid line;Traffic sign;Traffic signal;Truck
20181016_095036,assets/a2d2/camera/20181016_095036/20181016095036_camera_frontcenter_000041406.png,Buildings;Car;Curbstone;Drivable cobblestone;Grid structure;Irrelevant signs;Nature object;Poles;RD normal street;Sidewalk;Signal corpus;Sky;Solid line
20181016_095036,assets/a2d2/camera/20181016_095036/20181016095036_camera_frontcenter_000042469.png,Buildings;Car;Curbstone;Dashed line;Drivable cobblestone;Irrelevant signs;Nature object;Non-drivable street;Obstacles / trash;Painted driv. instr.;Pedestrian;Poles;RD normal street;RD restricted area;Sidewalk;Signal corpus;Sky;Solid line;Traffic sign;Traffic signal;Truck
20181016_095036,assets/a2d2/camera/20181016_095036/20181016095036_camera_frontcenter_000043869.png,Bicycle;Buildings;Car;Curbstone;Dashed line;Drivable cobblestone;Irrelevant signs;Nature object;Painted driv. instr.;Poles;RD normal street;Sidewalk;Signal corpus;Sky;Solid line;Traffic sign;Traffic signal;Truck
20181016_095036,assets/a2d2/camera/20181016_095036/20181016095036_camera_frontcenter_000044821.png,Buildings;Car;Curbstone;Dashed line;Drivable cobblestone;Grid structure;Irrelevant signs;Nature object;Obstacles / trash;Painted driv. instr.;Poles;RD normal street;Sidewalk;Sky
20181016_095036,assets/a2d2/camera/20181016_095036/20181016095036_camera_frontcenter_000045690.png,Bicycle;Buildings;Car;Curbstone;Dashed line;Drivable cobblestone;Grid structure;Irrelevant signs;Nature object;Painted driv. instr.;Poles;RD normal street;Sidewalk;Sky;Traffic sign
20181016_095036,assets/a2d2/camera/20181016_095036/20181016095036_camera_frontcenter_000046725.png,Bicycle;Buildings;Car;Curbstone;Dashed line;Drivable cobblestone;Grid structure;Irrelevant signs;Nature object;Non-drivable street;Painted driv. instr.;Pedestrian;Poles;RD normal street;Sidewalk;Signal corpus;Sky;Solid line;Traffic sign
20181016_095036,assets/a2d2/camera/20181016_095036/20181016095036_camera_frontcenter_000047767.png,Bicycle;Buildings;Car;Curbstone;Drivable cobblestone;Grid structure;Irrelevant signs;Nature object;Pedestrian;Poles;RD normal street;Sidewalk;Sky;Solid line;Truck
20181016_095036,assets/a2d2/camera/20181016_095036/20181016095036_camera_frontcenter_000048891.png,Bicycle;Buildings;Car;Curbstone;Drivable cobblestone;Grid structure;Irrelevant signs;Nature object;Non-drivable street;Obstacles / trash;Painted driv. instr.;Pedestrian;Poles;RD normal street;Sidewalk;Signal corpus;Sky;Solid line;Traffic sign;Zebra crossing
20181016_095036,assets/a2d2/camera/20181016_095036/20181016095036_camera_frontcenter_000050051.png,Buildings;Curbstone;Drivable cobblestone;Grid structure;Nature object;Obstacles / trash;Poles;RD normal street;Sidewalk;Sky;Small vehicles
20181016_095036,assets/a2d2/camera/20181016_095036/20181016095036_camera_frontcenter_000051097.png,Buildings;Car;Curbstone;Dashed line;Drivable cobblestone;Grid structure;Irrelevant signs;Nature object;Obstacles / trash;Painted driv. instr.;Poles;RD normal street;Sidewalk;Signal corpus;Sky;Solid line;Traffic sign;Traffic signal
20181016_095036,assets/a2d2/camera/20181016_095036/20181016095036_camera_frontcenter_000052062.png,Bicycle;Buildings;Car;Curbstone;Dashed line;Drivable cobblestone;Grid structure;Irrelevant signs;Nature object;Painted driv. instr.;Poles;RD normal street;Sidewalk;Sky;Solid line
20181016_095036,assets/a2d2/camera/20181016_095036/20181016095036_camera_frontcenter_000052740.png,Bicycle;Buildings;Car;Curbstone;Dashed line;Drivable cobblestone;Grid structure;Irrelevant signs;Nature object;Obstacles / trash;Painted driv. instr.;Pedestrian;Poles;RD normal street;Sidewalk;Signal corpus;Sky;Solid line;Traffic guide obj.;Traffic sign
20181016_095036,assets/a2d2/camera/20181016_095036/20181016095036_camera_frontcenter_000054036.png,Buildings;Car;Curbstone;Dashed line;Drivable cobblestone;Grid structure;Irrelevant signs;Nature object;Parking area;Poles;RD normal street;Sidewalk;Signal corpus;Sky;Traffic sign;Truck
20181016_095036,assets/a2d2/camera/20181016_095036/20181016095036_camera_frontcenter_000054948.png,Bicycle;Buildings;Car;Curbstone;Dashed line;Drivable cobblestone;Electronic traffic;Irrelevant signs;Nature object;Non-drivable street;Obstacles / trash;Poles;RD normal street;Sidewalk;Signal corpus;Sky;Small vehicles;Traffic sign;Truck
20181016_095036,assets/a2d2/camera/20181016_095036/20181016095036_camera_frontcenter_000055968.png,Bicycle;Buildings;Car;Curbstone;Dashed line;Drivable cobblestone;Grid structure;Irrelevant signs;Nature object;Parking area;Pedestrian;Poles;RD normal street;RD restricted area;Sidewalk;Signal corpus;Sky;Solid line;Traffic sign;Traffic signal;Truck
20181016_095036,assets/a2d2/camera/20181016_095036/20181016095036_camera_frontcenter_000057501.png,Bicycle;Buildings;Car;Curbstone;Dashed line;Drivable cobblestone;Irrelevant signs;Nature object;Pedestrian;Poles;RD normal street;Sidewalk;Signal corpus;Sky;Traffic sign;Traffic signal;Truck;Utility vehicle
20181016_095036,assets/a2d2/camera/20181016_095036/20181016095036_camera_frontcenter_000059293.png,Bicycle;Buildings;Car;Curbstone;Dashed line;Drivable cobblestone;Irrelevant signs;Nature object;Painted driv. instr.;Poles;RD normal street;Sidewalk;Signal corpus;Sky;Solid line;Traffic sign;Traffic signal;Truck
20181016_095036,assets/a2d2/camera/20181016_095036/20181016095036_camera_frontcenter_000060482.png,Bicycle;Buildings;Car;Curbstone;Dashed line;Drivable cobblestone;Grid structure;Irrelevant signs;Nature object;Non-drivable street;Obstacles / trash;Painted driv. instr.;Pedestrian;Poles;RD normal street;RD restricted area;Sidewalk;Signal corpus;Sky;Solid line;Traffic sign;Traffic signal
20181016_095036,assets/a2d2/camera/20181016_095036/20181016095036_camera_frontcenter_000061716.png,Bicycle;Buildings;Car;Curbstone;Dashed line;Drivable cobblestone;Irrelevant signs;Painted driv. instr.;Pedestrian;Poles;RD normal street;Sidewalk;Signal corpus;Sky;Small vehicles;Traffic sign
20181016_095036,assets/a2d2/camera/20181016_095036/20181016095036_camera_frontcenter_000062493.png,Bicycle;Buildings;Car;Curbstone;Drivable cobblestone;Nature object;Pedestrian;Poles;RD normal street;Sidewalk;Sky;Traffic sign;Truck
20181016_095036,assets/a2d2/camera/20181016_095036/20181016095036_camera_frontcenter_000063327.png,Buildings;Car;Curbstone;Drivable cobblestone;Grid structure;Pedestrian;Poles;Sidewalk;Sky;Traffic guide obj.;Traffic sign;Zebra crossing
20181016_095036,assets/a2d2/camera/20181016_095036/20181016095036_camera_frontcenter_000064401.png,Bicycle;Buildings;Car;Curbstone;Drivable cobblestone;Nature object;Obstacles / trash;Pedestrian;Poles;Sidewalk;Sky;Traffic sign
20181016_095036,assets/a2d2/camera/20181016_095036/20181016095036_camera_frontcenter_000066401.png,Buildings;Car;Curbstone;Dashed line;Drivable cobblestone;Nature object;Obstacles / trash;Parking area;Poles;RD normal street;Sidewalk;Signal corpus;Sky;Traffic sign;Truck
20181016_095036,assets/a2d2/camera/20181016_095036/20181016095036_camera_frontcenter_000067091.png,Buildings;Car;Curbstone;Drivable cobblestone;Grid structure;Irrelevant signs;Nature object;Obstacles / trash;Painted driv. instr.;Pedestrian;Poles;RD normal street;Sidewalk;Signal corpus;Sky;Solid line;Traffic guide obj.;Traffic sign;Truck
20181016_095036,assets/a2d2/camera/20181016_095036/20181016095036_camera_frontcenter_000067669.png,Bicycle;Buildings;Car;Curbstone;Dashed line;Drivable cobblestone;Grid structure;Irrelevant signs;Nature object;Obstacles / trash;Pedestrian;Poles;RD normal street;Sidewalk;Signal corpus;Sky;Solid line;Traffic guide obj.;Traffic sign;Traffic signal;Truck
20181016_095036,assets/a2d2/camera/20181016_095036/20181016095036_camera_frontcenter_000068783.png,Buildings;Curbstone;Dashed line;Drivable cobblestone;Grid structure;Irrelevant signs;Nature object;Painted driv. instr.;Pedestrian;Poles;RD normal street;Sidewalk;Signal corpus;Sky;Solid line;Traffic sign;Truck
20181016_095036,assets/a2d2/camera/20181016_095036/20181016095036_camera_frontcenter_000069828.png,Bicycle;Buildings;Car;Curbstone;Drivable cobblestone;Nature object;Obstacles / trash;Pedestrian;Poles;RD normal street;Sidewalk;Sky;Solid line;Traffic sign
20181016_095036,assets/a2d2/camera/20181016_095036/20181016095036_camera_frontcenter_000071028.png,Bicycle;Buildings;Car;Curbstone;Drivable cobblestone;Irrelevant signs;Nature object;Obstacles / trash;Pedestrian;Poles;RD normal street;Sidewalk;Sky
20181016_095036,assets/a2d2/camera/20181016_095036/20181016095036_camera_frontcenter_000071809.png,Buildings;Car;Curbstone;Dashed line;Drivable cobblestone;Grid structure;Irrelevant signs;Nature object;Obstacles / trash;Painted driv. instr.;Poles;RD normal street;Sidewalk;Signal corpus;Sky;Solid line;Traffic sign
20181016_095036,assets/a2d2/camera/20181016_095036/20181016095036_camera_frontcenter_000073027.png,Buildings;Car;Curbstone;Drivable cobblestone;Grid structure;Nature object;Obstacles / trash;Painted driv. instr.;Parking area;Poles;RD normal street;Sidewalk;Sky;Slow drive area;Solid line;Truck
20181016_095036,assets/a2d2/camera/20181016_095036/20181016095036_camera_frontcenter_000073934.png,Buildings;Curbstone;Dashed line;Drivable cobblestone;Grid structure;Nature object;Painted driv. instr.;Poles;RD normal street;Sidewalk;Signal corpus;Sky;Solid line;Truck
20181016_095036,assets/a2d2/camera/20181016_095036/20181016095036_camera_frontcenter_000074922.png,Curbstone;Dashed line;Nature object;Poles;RD normal street;Sidewalk;Signal corpus;Sky;Solid line
20181016_095036,assets/a2d2/camera/20181016_095036/20181016095036_camera_frontcenter_000076142.png,Buildings;Car;Curbstone;Dashed line;Drivable cobblestone;Grid structure;Nature object;Non-drivable street;Poles;RD normal street;Sidewalk;Signal corpus;Sky;Solid line
20181016_095036,assets/a2d2/camera/20181016_095036/20181016095036_camera_frontcenter_000076753.png,Buildings;Car;Curbstone;Dashed line;Drivable cobblestone;Grid structure;Irrelevant signs;Nature object;Non-drivable street;Obstacles / trash;Painted driv. instr.;Pedestrian;Poles;RD normal street;Sidewalk;Signal corpus;Sky;Solid line;Traffic sign;Traffic signal
20181016_095036,assets/a2d2/camera/20181016_095036/20181016095036_camera_frontcenter_000077508.png,Bicycle;Buildings;Car;Curbstone;Dashed line;Drivable cobblestone;Grid structure;Irrelevant signs;Nature object;Non-drivable street;Obstacles / trash;Painted driv. instr.;Pedestrian;Poles;RD normal street;Sidewalk;Signal corpus;Sky;Solid line;Traffic sign;Traffic signal
20181016_095036,assets/a2d2/camera/20181016_095036/20181016095036_camera_frontcenter_000078075.png,Buildings;Car;Curbstone;Dashed line;Drivable cobblestone;Irrelevant signs;Nature object;Pedestrian;Poles;RD normal street;Sidewalk;Signal corpus;Sky;Traffic sign;Traffic signal;Truck
20181016_095036,assets/a2d2/camera/20181016_095036/20181016095036_camera_frontcenter_000078922.png,Buildings;Car;Dashed line;Drivable cobblestone;Irrelevant signs;Nature object;Painted driv. instr.;Pedestrian;Poles;RD normal street;Sidewalk;Signal corpus;Sky;Solid line;Traffic guide obj.;Traffic sign;Traffic signal;Truck
20181016_095036,assets/a2d2/camera/20181016_095036/20181016095036_camera_frontcenter_000079845.png,Buildings;Car;Curbstone;Dashed line;Grid structure;Irrelevant signs;Nature object;Painted driv. instr.;Poles;RD normal street;Sidewalk;Signal corpus;Sky;Traffic guide obj.;Traffic sign;Truck
20181016_095036,assets/a2d2/camera/20181016_095036/20181016095036_camera_frontcenter_000080830.png,Bicycle;Buildings;Car;Curbstone;Dashed line;Drivable cobblestone;Grid structure;Irrelevant signs;Nature object;Obstacles / trash;Pedestrian;Poles;RD normal street;Sidewalk;Sky;Solid line;Truck
20181016_095036,assets/a2d2/camera/20181016_095036/20181016095036_camera_frontcenter_000081688.png,Buildings;Car;Curbstone;Dashed line;Drivable cobblestone;Grid structure;Irrelevant signs;Nature object;Obstacles / trash;Pedestrian;Poles;RD normal street;Sidewalk;Signal corpus;Sky;Slow drive area;Solid line;Traffic sign
20181016_095036,assets/a2d2/camera/20181016_095036/20181016095036_camera_frontcenter_000082822.png,Buildings;Car;Curbstone;Dashed line;Drivable cobblestone;Irrelevant signs;Nature object;Non-drivable street;Poles;RD normal street;Sidewalk;Signal corpus;Sky;Truck
20181016_095036,assets/a2d2/camera/20181016_095036/20181016095036_camera_frontcenter_000084047.png,Buildings;Car;Curbstone;Drivable cobblestone;Irrelevant signs;Nature object;Obstacles / trash;Poles;RD normal street;Sidewalk;Sky;Small vehicles;Traffic sign;Truck
20181016_095036,assets/a2d2/camera/20181016_095036/20181016095036_camera_frontcenter_000085160.png,Buildings;Car;Curbstone;Dashed line;Drivable cobblestone;Irrelevant signs;Nature object;Parking area;Poles;RD normal street;Sidewalk;Signal corpus;Sky;Slow drive area;Traffic sign
20181016_095036,assets/a2d2/camera/20181016_095036/20181016095036_camera_frontcenter_000085956.png,Buildings;Car;Curbstone;Dashed line;Drivable cobblestone;Irrelevant signs;Nature object;Non-drivable street;Painted driv. instr.;Pedestrian;Poles;RD normal street;Sidewalk;Signal corpus;Sky;Small vehicles;Solid line;Traffic sign;Traffic signal
20181016_095036,assets/a2d2/camera/20181016_095036/20181016095036_camera_frontcenter_000086772.png,Bicycle;Buildings;Car;Curbstone;Dashed line;Drivable cobblestone;Irrelevant signs;Nature object;Non-drivable street;Painted driv. instr.;Poles;RD normal street;Sidewalk;Signal corpus;Sky;Solid line;Traffic sign;Traffic signal;Truck
20181016_095036,assets/a2d2/camera/20181016_095036/20181016095036_camera_frontcenter_000087756.png,Buildings;Car;Curbstone;Dashed line;Grid structure;Irrelevant signs;Nature object;Non-drivable street;Obstacles / trash;Parking area;Pedestrian;Poles;RD normal street;Sidewalk;Signal corpus;Sky;Truck
20181016_095036,assets/a2d2/camera/20181016_095036/20181016095036_camera_frontcenter_000089078.png,Bicycle;Buildings;Car;Curbstone;Dashed line;Irrelevant signs;Nature object;Obstacles / trash;Painted driv. instr.;Pedestrian;Poles;RD normal street;Sidewalk;Signal corpus;Sky;Solid line;Traffic sign;Traffic signal;Truck
20181016_095036,assets/a2d2/camera/20181016_095036/20181016095036_camera_frontcenter_000089686.png,Buildings;Car;Curbstone;Dashed line;Irrelevant signs;Nature object;Obstacles / trash;Painted driv. instr.;Pedestrian;Poles;RD normal street;Sidewalk;Signal corpus;Sky;Solid line;Traffic sign;Traffic signal;Truck
20181016_095036,assets/a2d2/camera/20181016_095036/20181016095036_camera_frontcenter_000090931.png,Buildings;Car;Curbstone;Dashed line;Drivable cobblestone;Irrelevant signs;Nature object;Obstacles / trash;Pedestrian;Poles;RD normal street;Sidewalk;Signal corpus;Sky;Traffic guide obj.;Truck
20181016_095036,assets/a2d2/camera/20181016_095036/20181016095036_camera_frontcenter_000091563.png,Bicycle;Buildings;Car;Curbstone;Dashed line;Drivable cobblestone;Grid structure;Irrelevant signs;Nature object;Obstacles / trash;Painted driv. instr.;Poles;RD normal street;Sidewalk;Signal corpus;Sky;Slow drive area;Traffic sign;Truck
20181016_095036,assets/a2d2/camera/20181016_095036/20181016095036_camera_frontcenter_000093929.png,Buildings;Car;Curbstone;Dashed line;Drivable cobblestone;Irrelevant signs;Nature object;Obstacles / trash;Painted driv. instr.;Poles;RD normal street;RD restricted area;Sidewalk;Signal corpus;Sky;Solid line;Truck
20181016_095036,assets/a2d2/camera/20181016_095036/20181016095036_camera_frontcenter_000094733.png,Buildings;Car;Curbstone;Dashed line;Drivable cobblestone;Grid structure;Irrelevant signs;Nature object;Obstacles / trash;Painted driv. instr.;Pedestrian;Poles;RD normal street;RD restricted area;Sidewalk;Sky;Solid line;Traffic sign;Truck
20181016_095036,assets/a2d2/camera/20181016_095036/20181016095036_camera_frontcenter_000095719.png,Buildings;Car;Curbstone;Dashed line;Drivable cobblestone;Grid structure;Irrelevant signs;Nature object;Non-drivable street;Poles;RD normal street;Sidewalk;Sky;Traffic sign
20181016_095036,assets/a2d2/camera/20181016_095036/20181016095036_camera_frontcenter_000096845.png,Buildings;Car;Curbstone;Dashed line;Drivable cobblestone;Irrelevant signs;Nature object;Non-drivable street;Obstacles / trash;Poles;RD normal street;Sidewalk;Signal corpus;Sky;Solid line;Traffic sign
20181016_095036,assets/a2d2/camera/20181016_095036/20181016095036_camera_frontcenter_000097653.png,Buildings;Car;Curbstone;Dashed line;Drivable cobblestone;Irrelevant signs;Nature object;Non-drivable street;Obstacles / trash;Poles;RD normal street;Sidewalk;Signal corpus;Sky;Traffic sign
20181016_095036,assets/a2d2/camera/20181016_095036/20181016095036_camera_frontcenter_000099204.png,Buildings;Car;Curbstone;Dashed line;Drivable cobblestone;Grid structure;Irrelevant signs;Nature object;Non-drivable street;Painted driv. instr.;Poles;RD normal street;Sidewalk;Signal corpus;Sky;Solid line;Traffic sign;Traffic signal;Truck
20181016_125231,assets/a2d2/camera/20181016_125231/20181016125231_camera_frontcenter_000000132.png,Buildings;Car;Curbstone;Dashed line;Drivable cobblestone;Grid structure;Irrelevant signs;Nature object;Non-drivable street;Obstacles / trash;Painted driv. instr.;Poles;RD normal street;Sidewalk;Sky;Traffic guide obj.;Traffic sign;Truck;Utility vehicle
20181016_125231,assets/a2d2/camera/20181016_125231/20181016125231_camera_frontcenter_000002268.png,Bicycle;Buildings;Car;Curbstone;Dashed line;Drivable cobblestone;Grid structure;Irrelevant signs;Nature object;Non-drivable street;Pedestrian;Poles;RD normal street;Sidewalk;Signal corpus;Sky;Traffic sign;Traffic signal
20181016_125231,assets/a2d2/camera/20181016_125231/20181016125231_camera_frontcenter_000003083.png,Bicycle;Buildings;Car;Curbstone;Dashed line;Drivable cobblestone;Irrelevant signs;Nature object;Non-drivable street;Obstacles / trash;Pedestrian;Poles;RD normal street;Sidewalk;Signal corpus;Sky;Solid line;Traffic sign;Traffic signal
20181016_125231,assets/a2d2/camera/20181016_125231/20181016125231_camera_frontcenter_000004484.png,Bicycle;Buildings;Car;Curbstone;Dashed line;Irrelevant signs;Nature object;Obstacles / trash;Painted driv. instr.;Pedestrian;Poles;RD normal street;Sidewalk;Signal corpus;Sky;Solid line;Traffic sign;Traffic signal;Truck
20181016_125231,assets/a2d2/camera/20181016_125231/20181016125231_camera_frontcenter_000005666.png,Buildings;Car;Curbstone;Dashed line;Drivable cobblestone;Grid structure;Nature object;Obstacles / trash;Painted driv. instr.;Pedestrian;Poles;RD normal street;Sidewalk;Signal corpus;Sky;Solid line;Traffic sign;Truck
20181016_125231,assets/a2d2/camera/20181016_125231/20181016125231_camera_frontcenter_000007118.png,Buildings;Car;Curbstone;Dashed line;Irrelevant signs;Nature object;Obstacles / trash;Painted driv. instr.;Pedestrian;Poles;RD normal street;Sidewalk;Signal corpus;Sky;Solid line;Traffic sign;Traffic signal;Truck
20181016_125231,assets/a2d2/camera/20181016_125231/20181016125231_camera_frontcenter_000008540.png,Bicycle;Buildings;Car;Dashed line;Drivable cobblestone;Irrelevant signs;Pedestrian;Poles;RD normal street;Sidewalk;Signal corpus;Traffic sign
20181016_125231,assets/a2d2/camera/20181016_125231/20181016125231_camera_frontcenter_000010066.png,Bicycle;Buildings;Curbstone;Drivable cobblestone;Irrelevant signs;Nature object;Obstacles / trash;Parking area;Pedestrian;Poles;RD normal street;Sidewalk;Sky;Small vehicles;Traffic guide obj.;Traffic sign;Zebra crossing
20181016_125231,assets/a2d2/camera/20181016_125231/20181016125231_camera_frontcenter_000011150.png,Bicycle;Buildings;Car;Curbstone;Drivable cobblestone;Grid structure;Obstacles / trash;Pedestrian;Poles;Sidewalk;Sky;Traffic sign;Truck;Zebra crossing
20181016_125231,assets/a2d2/camera/20181016_125231/20181016125231_camera_frontcenter_000012303.png,Bicycle;Buildings;Car;Curbstone;Drivable cobblestone;Irrelevant signs;Nature object;Obstacles / trash;Pedestrian;Poles;Sidewalk;Sky;Traffic sign
20181016_125231,assets/a2d2/camera/20181016_125231/20181016125231_camera_frontcenter_000013706.png,Bicycle;Buildings;Car;Curbstone;Dashed line;Drivable cobblestone;Grid structure;Nature object;Obstacles / trash;Painted driv. instr.;Parking area;Pedestrian;Poles;RD normal street;Sidewalk;Signal corpus;Sky;Traffic sign;Truck
20181016_125231,assets/a2d2/camera/20181016_125231/20181016125231_camera_frontcenter_000014680.png,Bicycle;Buildings;Car;Curbstone;Dashed line;Drivable cobblestone;Grid structure;Irrelevant signs;Nature object;Obstacles / trash;Painted driv. instr.;Pedestrian;Poles;RD normal street;Sidewalk;Signal corpus;Sky;Small vehicles;Solid line;Traffic guide obj.;Traffic sign;Traffic signal;Truck
20181016_125231,assets/a2d2/camera/20181016_125231/20181016125231_camera_frontcenter_000015550.png,Bicycle;Buildings;Car;Curbstone;Dashed line;Drivable cobblestone;Grid structure;Irrelevant signs;Nature object;Obstacles / trash;Painted driv. instr.;Pedestrian;Poles;RD normal street;Sidewalk;Signal corpus;Sky;Solid line;Traffic guide obj.;Traffic sign;Traffic signal;Truck
20181016_125231,assets/a2d2/camera/20181016_125231/20181016125231_camera_frontcenter_000016855.png,Bicycle;Buildings;Car;Curbstone;Dashed line;Drivable cobblestone;Grid structure;Irrelevant signs;Nature object;Obstacles / trash;Poles;RD normal street;Sidewalk;Signal corpus;Sky;Traffic guide obj.;Traffic sign;Truck;Utility vehicle
20181016_125231,assets/a2d2/camera/20181016_125231/20181016125231_camera_frontcenter_000018040.png,Bicycle;Buildings;Car;Curbstone;Dashed line;Drivable cobblestone;Irrelevant signs;Nature object;Non-drivable street;Obstacles / trash;Painted driv. instr.;Pedestrian;Poles;RD normal street;Sidewalk;Signal corpus;Sky;Small vehicles;Solid line;Traffic sign;Traffic signal;Truck
20181016_125231,assets/a2d2/camera/20181016_125231/20181016125231_camera_frontcenter_000019351.png,Buildings;Curbstone;Dashed line;Drivable cobblestone;Nature object;Painted driv. instr.;Pedestrian;Poles;RD normal street;RD restricted area;Sidewalk;Sky;Small vehicles;Solid line;Traffic sign;Truck
20181016_125231,assets/a2d2/camera/20181016_125231/20181016125231_camera_frontcenter_000020200.png,Buildings;Car;Curbstone;Dashed line;Drivable cobblestone;Grid structure;Irrelevant signs;Nature object;Obstacles / trash;Parking area;Poles;RD normal street;Sidewalk;Signal corpus;Sky;Traffic guide obj.;Traffic sign
20181016_125231,assets/a2d2/camera/20181016_125231/20181016125231_camera_frontcenter_000021264.png,Buildings;Car;Curbstone;Dashed line;Drivable cobblestone;Grid structure;Irrelevant signs;Nature object;Obstacles / trash;Pedestrian;Poles;RD normal street;Sidewalk;Signal corpus;Sky;Solid line;Traffic sign;Traffic signal;Truck
20181016_125231,assets/a2d2/camera/20181016_125231/20181016125231_camera_frontcenter_000022522.png,Buildings;Car;Curbstone;Dashed line;Drivable cobblestone;Grid structure;Irrelevant signs;Nature object;Non-drivable street;Obstacles / trash;Pedestrian;Poles;RD normal street;Sidewalk;Signal corpus;Sky;Traffic guide obj.;Traffic sign;Traffic signal;Truck;Utility vehicle
20181016_125231,assets/a2d2/camera/20181016_125231/20181016125231_camera_frontcenter_000023900.png,Buildings;Car;Curbstone;Dashed line;Drivable cobblestone;Electronic traffic;Irrelevant signs;Nature object;Obstacles / trash;Painted driv. instr.;Pedestrian;Poles;RD normal street;RD restricted area;Sidewalk;Signal corpus;Sky;Solid line;Traffic sign
20181016_125231,assets/a2d2/camera/20181016_125231/20181016125231_camera_frontcenter_000024772.png,Buildings;Car;Curbstone;Dashed line;Drivable cobblestone;Grid structure;Nature object;Non-drivable street;Painted driv. instr.;Poles;RD normal street;Sidewalk;Signal corpus;Sky;Solid line;Traffic sign;Truck
20181016_125231,assets/a2d2/camera/20181016_125231/20181016125231_camera_frontcenter_000025736.png,Buildings;Car;Curbstone;Dashed line;Irrelevant signs;Nature object;Non-drivable street;Poles;RD normal street;Sidewalk;Signal corpus;Sky;Solid line;Truck
20181016_125231,assets/a2d2/camera/20181016_125231/20181016125231_camera_frontcenter_000027049.png,Buildings;Car;Curbstone;Dashed line;Drivable cobblestone;Grid structure;Irrelevant signs;Nature object;Obstacles / trash;Poles;RD normal street;Sidewalk;Signal corpus;Sky;Slow drive area;Traffic sign;Truck;Utility vehicle
20181016_125231,assets/a2d2/camera/20181016_125231/20181016125231_camera_frontcenter_000027923.png,Bicycle;Buildings;Car;Curbstone;Dashed line;Drivable cobblestone;Irrelevant signs;Nature object;Non-drivable street;Painted driv. instr.;Pedestrian;Poles;RD normal street;Sidewalk;Signal corpus;Sky;Solid line;Traffic sign;Traffic signal
20181016_125231,assets/a2d2/camera/20181016_125231/20181016125231_camera_frontcenter_000029032.png,Buildings;Car;Curbstone;Dashed line;Drivable cobblestone;Irrelevant signs;Nature object;Poles;RD normal street;Sidewalk;Signal corpus;Sky;Small vehicles;Traffic sign
20181016_125231,assets/a2d2/camera/20181016_125231/20181016125231_camera_frontcenter_000029982.png,Buildings;Car;Curbstone;Dashed line;Drivable cobblestone;Irrelevant signs;Nature object;Non-drivable street;Pedestrian;Poles;RD normal street;Sidewalk;Signal corpus;Sky;Traffic sign;Traffic signal
20181016_125231,assets/a2d2/camera/20181016_125231/20181016125231_camera_frontcenter_000031180.png,Buildings;Car;Curbstone;Dashed line;Irrelevant signs;Nature object;Painted driv. instr.;Poles;RD normal street;Sidewalk;Sky;Traffic sign
20181016_125231,assets/a2d2/camera/20181016_125231/20181016125231_camera_frontcenter_000032594.png,Buildings;Car;Curbstone;Dashed line;Drivable cobblestone;Grid structure;Irrelevant signs;Nature object;Obstacles / trash;Painted driv. instr.;Poles;RD normal street;Sidewalk;Signal corpus;Sky;Solid line;Utility vehicle
20181016_125231,assets/a2d2/camera/20181016_125231/20181016125231_camera_frontcenter_000033700.png,Buildings;Car;Curbstone;Dashed line;Drivable cobblestone;Grid structure;Irrelevant signs;Nature object;Non-drivable street;Obstacles / trash;Poles;RD normal street;Sidewalk;Signal corpus;Sky;Solid line;Traffic sign;Traffic signal
20181016_125231,assets/a2d2/camera/20181016_125231/20181016125231_camera_frontcenter_000034530.png,Buildings;Car;Curbstone;Dashed line;Drivable cobblestone;Grid structure;Irrelevant signs;Nature object;Obstacles / trash;Poles;RD normal street;Sidewalk;Signal corpus;Sky;Traffic sign;Traffic signal;Truck
20181016_125231,assets/a2d2/camera/20181016_125231/20181016125231_camera_frontcenter_000035804.png,Buildings;Car;Curbstone;Dashed line;Drivable cobblestone;Grid structure;Irrelevant signs;Nature object;Obstacles / trash;Poles;RD normal street;Sidewalk;Signal corpus;Sky;Traffic sign
20181016_125231,assets/a2d2/camera/20181016_125231/20181016125231_camera_frontcenter_000037353.png,Bicycle;Buildings;Car;Drivable cobblestone;Nature object;Obstacles / trash;Parking area;Pedestrian;Poles;RD normal street;RD restricted area;Sidewalk;Sky;Solid line;Traffic sign
20181016_125231,assets/a2d2/camera/20181016_125231/20181016125231_camera_frontcenter_000038207.png,Buildings;Car;Curbstone;Dashed line;Drivable cobblestone;Irrelevant signs;Nature object;Obstacles / trash;Painted driv. instr.;Poles;RD normal street;RD restricted area;Sidewalk;Signal corpus;Sky;Slow drive area;Solid line;Traffic sign;Traffic signal
20181016_125231,assets/a2d2/camera/20181016_125231/20181016125231_camera_frontcenter_000038969.png,Buildings;Car;Curbstone;Dashed line;Drivable cobblestone;Irrelevant signs;Nature object;Non-drivable street;Painted driv. instr.;Pedestrian;Poles;RD normal street;RD restricted area;Sidewalk;Signal corpus;Sky;Solid line;Traffic sign;Traffic signal
20181016_125231,assets/a2d2/camera/20181016_125231/20181016125231_camera_frontcenter_000040273.png,Bicycle;Buildings;Car;Curbstone;Dashed line;Drivable cobblestone;Irrelevant signs;Nature object;Non-drivable street;Obstacles / trash;Painted driv. instr.;Poles;RD normal street;Sidewalk;Signal corpus;Sky;Solid line;Traffic sign;Traffic signal
20181016_125231,assets/a2d2/camera/20181016_125231/20181016125231_camera_frontcenter_000042952.png,Buildings;Car;Curbstone;Dashed line;Drivable cobblestone;Irrelevant signs;Nature object;Painted driv. instr.;Poles;RD normal street;Sidewalk;Sky;Traffic sign;Truck
20181016_125231,assets/a2d2/camera/20181016_125231/20181016125231_camera_frontcenter_000045252.png,Buildings;Car;Curbstone;Dashed line;Irrelevant signs;Nature object;Obstacles / trash;Pedestrian;Poles;RD normal street;Sidewalk;Signal corpus;Sky;Solid line;Traffic guide obj.;Traffic sign;Traffic signal;Truck
20181016_125231,assets/a2d2/camera/20181016_125231/20181016125231_camera_frontcenter_000047616.png,Buildings;Car;Curbstone;Dashed line;Drivable cobblestone;Grid structure;Nature object;Non-drivable street;Poles;RD normal street;Sidewalk;Signal corpus;Sky;Solid line
20181016_125231,assets/a2d2/camera/20181016_125231/20181016125231_camera_frontcenter_000050504.png,Buildings;Car;Curbstone;Dashed line;Drivable cobblestone;Grid structure;Nature object;Poles;RD normal street;RD restricted area;Sidewalk;Signal corpus;Sky;Solid line;Traffic sign
20181016_125231,assets/a2d2/camera/20181016_125231/20181016125231_camera_frontcenter_000052845.png,Buildings;Car;Curbstone;Dashed line;Drivable cobblestone;Nature object;Obstacles / trash;Painted driv. instr.;Pedestrian;Poles;RD normal street;Sidewalk;Signal corpus;Sky;Solid line;Traffic sign;Traffic signal;Truck
20181016_125231,assets/a2d2/camera/20181016_125231/20181016125231_camera_frontcenter_000055993.png,Buildings;Car;Curbstone;Dashed line;Drivable cobblestone;Grid structure;Irrelevant signs;Nature object;Painted driv. instr.;Poles;RD normal street;Sidewalk;Signal corpus;Sky;Truck
20181016_125231,assets/a2d2/camera/20181016_125231/20181016125231_camera_frontcenter_000057525.png,Buildings;Car;Curbstone;Dashed line;Drivable cobblestone;Grid structure;Irrelevant signs;Nature object;Obstacles / trash;Poles;RD normal street;Sidewalk;Sky;Solid line;Traffic sign
20181016_125231,assets/a2d2/camera/20181016_125231/20181016125231_camera_frontcenter_000060776.png,Buildings;Car;Curbstone;Dashed line;Drivable cobblestone;Grid structure;Irrelevant signs;Nature object;Obstacles / trash;Pedestrian;Poles;RD normal street;Sidewalk;Signal corpus;Sky;Solid line;Traffic sign;Traffic signal;Truck;Utility vehicle
20181016_125231,assets/a2d2/camera/20181016_125231/20181016125231_camera_frontcenter_000064723.png,Car;Curbstone;Dashed line;Irrelevant signs;Nature object;Obstacles / trash;Painted driv. instr.;Poles;RD normal street;RD restricted area;Road blocks;Sidewalk;Signal corpus;Sky;Solid line;Traffic sign
20181016_125231,assets/a2d2/camera/20181016_125231/20181016125231_camera_frontcenter_000067280.png,Car;Curbstone;Dashed line;Grid structure;Irrelevant signs;Nature object;Non-drivable street;Painted driv. instr.;Poles;RD normal street;RD restricted area;Road blocks;Sidewalk;Signal corpus;Sky;Solid line;Traffic sign
20181016_125231,assets/a2d2/camera/20181016_125231/20181016125231_camera_frontcenter_000068907.png,Car;Curbstone;Dashed line;Drivable cobblestone;Irrelevant signs;Nature object;Obstacles / trash;Painted driv. instr.;Poles;RD normal street;Sidebars;Sidewalk;Signal corpus;Sky;Solid line;Traffic sign
20181016_125231,assets/a2d2/camera/20181016_125231/20181016125231_camera_frontcenter_000070982.png,Car;Curbstone;Dashed line;Nature object;Painted driv. instr.;Poles;RD normal street;Sidewalk;Sky;Solid line;Truck
20181016_125231,assets/a2d2/camera/20181016_125231/20181016125231_camera_frontcenter_000073672.png,Bicycle;Buildings;Car;Curbstone;Dashed line;Grid structure;Irrelevant signs;Nature object;Painted driv. instr.;Poles;RD normal street;Sidewalk;Signal corpus;Sky;Solid line;Traffic sign
20181016_125231,assets/a2d2/camera/20181016_125231/20181016125231_camera_frontcenter_000077039.png,Buildings;Car;Curbstone;Drivable cobblestone;Grid structure;Irrelevant signs;Nature object;Poles;RD normal street;Sidewalk;Sky
20181016_125231,assets/a2d2/camera/20181016_125231/20181016125231_camera_frontcenter_000080259.png,Car;Dashed line;Nature object;RD normal street;RD restricted area;Road blocks;Sky;Solid line;Traffic sign
20181016_125231,assets/a2d2/camera/20181016_125231/20181016125231_camera_frontcenter_000083172.png,Car;Drivable cobblestone;Nature object;RD normal street;RD restricted area;Road blocks;Sidebars;Sidewalk;Sky;Solid line
20181016_125231,assets/a2d2/camera/20181016_125231/20181016125231_camera_frontcenter_000085168.png,Buildings;Car;Nature object;Non-drivable street;RD normal street;Road blocks;Sky;Solid line
20181016_125231,assets/a2d2/camera/20181016_125231/20181016125231_camera_frontcenter_000087392.png,Buildings;Car;Curbstone;Drivable cobblestone;Nature object;Obstacles / trash;Poles;RD normal street;RD restricted area;Sidebars;Sidewalk;Sky;Solid line;Traffic sign
20181016_125231,assets/a2d2/camera/20181016_125231/20181016125231_camera_frontcenter_000090000.png,Buildings;Car;Dashed line;Nature object;RD normal street;Road blocks;Sidewalk;Sky;Solid line;Truck
20181016_125231,assets/a2d2/camera/20181016_125231/20181016125231_camera_frontcenter_000091825.png,Buildings;Car;Curbstone;Dashed line;Grid structure;Irrelevant signs;Nature object;Poles;RD normal street;Road blocks;Sidebars;Sidewalk;Sky;Solid line;Traffic sign;Truck
20181016_125231,assets/a2d2/camera/20181016_125231/20181016125231_camera_frontcenter_000094194.png,Car;Nature object;RD normal street;Road blocks;Sidebars;Sky;Solid line;Traffic sign;Truck
20181016_125231,assets/a2d2/camera/20181016_125231/20181016125231_camera_frontcenter_000096467.png,Car;Nature object;RD normal street;Road blocks;Sidebars;Sky;Solid line;Traffic sign;Truck
20181016_125231,assets/a2d2/camera/20181016_125231/20181016125231_camera_frontcenter_000098731.png,Buildings;Car;Dashed line;Grid structure;Nature object;RD normal street;Sky;Solid line;Traffic sign;Truck
20181016_125231,assets/a2d2/camera/20181016_125231/20181016125231_camera_frontcenter_000100403.png,Car;Nature object;RD normal street;Road blocks;Sky;Solid line;Truck
20181016_125231,assets/a2d2/camera/20181016_125231/20181016125231_camera_frontcenter_000105230.png,Car;Dashed line;Grid structure;Nature object;RD normal street;Sidebars;Sky;Solid line;Truck
20181016_125231,assets/a2d2/camera/20181016_125231/20181016125231_camera_frontcenter_000110135.png,Dashed line;Grid structure;Nature object;Non-drivable street;RD normal street;Sidebars;Sky;Solid line
20181016_125231,assets/a2d2/camera/20181016_125231/20181016125231_camera_frontcenter_000113173.png,Car;Dashed line;Nature object;RD normal street;Sidebars;Sidewalk;Sky;Solid line;Truck
20181016_125231,assets/a2d2/camera/20181016_125231/20181016125231_camera_frontcenter_000115592.png,Car;Dashed line;Irrelevant signs;Nature object;Poles;RD normal street;Sky;Solid line;Truck
20181016_125231,assets/a2d2/camera/20181016_125231/20181016125231_camera_frontcenter_000119805.png,Car;Dashed line;Grid structure;Nature object;Obstacles / trash;Poles;RD normal street;Road blocks;Sidebars;Sky;Solid line;Traffic guide obj.;Traffic signal;Utility vehicle
20181016_125231,assets/a2d2/camera/20181016_125231/20181016125231_camera_frontcenter_000122324.png,Car;Dashed line;Grid structure;Nature object;Painted driv. instr.;Poles;RD normal street;Road blocks;Sky;Solid line;Traffic sign
20181016_125231,assets/a2d2/camera/20181016_125231/20181016125231_camera_frontcenter_000126371.png,Car;Dashed line;Grid structure;Nature object;RD normal street;Sidebars;Sky;Solid line
20181016_125231,assets/a2d2/camera/20181016_125231/20181016125231_camera_frontcenter_000129778.png,Car;Dashed line;Grid structure;Nature object;RD normal street;RD restricted area;Sky;Solid line
20181016_125231,assets/a2d2/camera/20181016_125231/20181016125231_camera_frontcenter_000131899.png,Dashed line;Grid structure;Nature object;RD normal street;RD restricted area;Sidebars;Sidewalk;Sky;Solid line
20181016_125231,assets/a2d2/camera/20181016_125231/20181016125231_camera_frontcenter_000133493.png,Buildings;Car;Irrelevant signs;Nature object;Poles;RD normal street;Sidebars;Sky;Solid line;Traffic sign;Truck
20181016_125231,assets/a2d2/camera/20181016_125231/20181016125231_camera_frontcenter_000136694.png,Car;Dashed line;Irrelevant signs;Nature object;RD normal street;RD restricted area;Sidewalk;Sky;Solid line;Truck
20181016_125231,assets/a2d2/camera/20181016_125231/20181016125231_camera_frontcenter_000139754.png,Buildings;Car;Dashed line;Irrelevant signs;Nature object;Poles;RD normal street;Sidebars;Sky;Solid line;Traffic sign
20181016_125231,assets/a2d2/camera/20181016_125231/20181016125231_camera_frontcenter_000142464.png,Car;Nature object;Poles;RD normal street;RD restricted area;Road blocks;Sidebars;Sky;Solid line;Traffic sign
20181016_125231,assets/a2d2/camera/20181016_125231/20181016125231_camera_frontcenter_000145418.png,Buildings;Car;Dashed line;Nature object;RD normal street;RD restricted area;Road blocks;Sky;Solid line;Truck
20181016_125231,assets/a2d2/camera/20181016_125231/20181016125231_camera_frontcenter_000148518.png,Car;Dashed line;Grid structure;Nature object;RD normal street;Sidebars;Sky;Solid line;Truck
20181016_125231,assets/a2d2/camera/20181016_125231/20181016125231_camera_frontcenter_000150411.png,Car;Dashed line;Nature object;Painted driv. instr.;Poles;RD normal street;RD restricted area;Road blocks;Sky;Solid line;Traffic sign;Truck
20181016_125231,assets/a2d2/camera/20181016_125231/20181016125231_camera_frontcenter_000152440.png,Buildings;Car;Dashed line;Nature object;RD normal street;RD restricted area;Road blocks;Sidebars;Sky;Solid line;Truck
20181016_125231,assets/a2d2/camera/20181016_125231/20181016125231_camera_frontcenter_000154752.png,Car;Dashed line;Nature object;Poles;RD normal street;Road blocks;Sky;Solid line;Traffic sign
20181016_125231,assets/a2d2/camera/20181016_125231/20181016125231_camera_frontcenter_000157613.png,Buildings;Car;Grid structure;Nature object;Poles;RD normal street;RD restricted area;Sidebars;Sidewalk;Sky;Solid line;Traffic sign
20181016_125231,assets/a2d2/camera/20181016_125231/20181016125231_camera_frontcenter_000160220.png,Bicycle;Buildings;Car;Dashed line;Grid structure;Irrelevant signs;Nature object;Obstacles / trash;Poles;RD normal street;Sidewalk;Sky;Solid line;Traffic sign;Truck
20181016_125231,assets/a2d2/camera/20181016_125231/20181016125231_camera_frontcenter_000163066.png,Bicycle;Buildings;Car;Curbstone;Dashed line;Grid structure;Irrelevant signs;Nature object;Obstacles / trash;Poles;RD normal street;Sidewalk;Signal corpus;Sky;Solid line;Traffic sign;Traffic signal;Truck
20181016_125231,assets/a2d2/camera/20181016_125231/20181016125231_camera_frontcenter_000164978.png,Buildings;Car;Dashed line;Grid structure;Irrelevant signs;Nature object;Painted driv. instr.;Parking area;Poles;RD normal street;Road blocks;Sidewalk;Sky;Solid line
20181016_125231,assets/a2d2/camera/20181016_125231/20181016125231_camera_frontcenter_000168904.png,Bicycle;Buildings;Car;Curbstone;Dashed line;Grid structure;Irrelevant signs;Nature object;Parking area;Poles;RD normal street;Sidewalk;Sky;Solid line;Traffic sign;Truck;Utility vehicle
20181016_125231,assets/a2d2/camera/20181016_125231/20181016125231_camera_frontcenter_000173865.png,Buildings;Car;Curbstone;Dashed line;Drivable cobblestone;Grid structure;Irrelevant signs;Nature object;Obstacles / trash;Poles;RD normal street;RD restricted area;Road blocks;Sidewalk;Signal corpus;Sky;Solid line;Traffic sign
20181016_125231,assets/a2d2/camera/20181016_125231/20181016125231_camera_frontcenter_000177710.png,Buildings;Car;Curbstone;Dashed line;Drivable cobblestone;Grid structure;Irrelevant signs;Nature object;Poles;RD normal street;Sidewalk;Signal corpus;Sky;Solid line;Traffic sign;Traffic signal
20181016_125231,assets/a2d2/camera/20181016_125231/20181016125231_camera_frontcenter_000180649.png,Bicycle;Buildings;Car;Curbstone;Dashed line;Drivable cobblestone;Irrelevant signs;Nature object;Non-drivable street;Obstacles / trash;Painted driv. instr.;Parking area;Pedestrian;Poles;RD normal street;Sidewalk;Signal corpus;Sky;Slow drive area;Solid line;Traffic sign;Traffic signal;Utility vehicle
20181016_125231,assets/a2d2/camera/20181016_125231/20181016125231_camera_frontcenter_000183886.png,Car;Dashed line;Drivable cobblestone;Nature object;Poles;RD normal street;Sidebars;Sky;Solid line;Traffic sign
20181107_132300,assets/a2d2/camera/20181107_132300/20181107132300_camera_frontcenter_000000020.png,Buildings;Dashed line;Grid structure;Irrelevant signs;Nature object;Painted driv. instr.;Poles;RD normal street;Sidebars;Sidewalk;Sky;Solid line;Truck
20181107_132300,assets/a2d2/camera/20181107_132300/20181107132300_camera_frontcenter_000000057.png,Buildings;Dashed line;Grid structure;Irrelevant signs;Nature object;Poles;RD normal street;Sidewalk;Sky;Solid line;Truck
20181107_132300,assets/a2d2/camera/20181107_132300/20181107132300_camera_frontcenter_000000103.png,Buildings;Dashed line;Grid structure;Irrelevant signs;Nature object;Obstacles / trash;Painted driv. instr.;Poles;RD normal street;Sidebars;Sidewalk;Sky;Solid line;Truck
20181107_132300,assets/a2d2/camera/20181107_132300/20181107132300_camera_frontcenter_000000159.png,Buildings;Dashed line;Grid structure;Nature object;Poles;RD normal street;Sidewalk;Sky;Solid line;Truck
20181107_132300,assets/a2d2/camera/20181107_132300/20181107132300_camera_frontcenter_000000189.png,Buildings;Grid structure;Nature object;Painted driv. instr.;RD normal street;Sidebars;Sidewalk;Sky;Solid line;Truck
20181107_132300,assets/a2d2/camera/20181107_132300/20181107132300_camera_frontcenter_000000282.png,Buildings;Car;Dashed line;Grid structure;Nature object;RD normal street;Sidebars;Sidewalk;Sky;Solid line;Truck
20181107_132300,assets/a2d2/camera/20181107_132300/20181107132300_camera_frontcenter_000000320.png,Buildings;Grid structure;Irrelevant signs;Nature object;Painted driv. instr.;Poles;RD normal street;Sidewalk;Sky;Solid line;Truck
20181107_132300,assets/a2d2/camera/20181107_132300/20181107132300_camera_frontcenter_000000384.png,Buildings;Dashed line;Grid structure;Nature object;Obstacles / trash;Poles;RD normal street;Sidebars;Sidewalk;Sky;Solid line;Traffic sign;Truck
20181107_132300,assets/a2d2/camera/20181107_132300/20181107132300_camera_frontcenter_000000418.png,Buildings;Car;Dashed line;Grid structure;Irrelevant signs;Nature object;Non-drivable street;Obstacles / trash;Painted driv. instr.;Pedestrian;Poles;RD normal street;Sidewalk;Sky;Solid line;Truck
20181107_132300,assets/a2d2/camera/20181107_132300/20181107132300_camera_frontcenter_000000459.png,Buildings;Car;Dashed line;Grid structure;Irrelevant signs;Nature object;Non-drivable street;Pedestrian;Poles;RD normal street;Sidebars;Sidewalk;Sky;Solid line;Traffic sign;Truck
20181107_132300,assets/a2d2/camera/20181107_132300/20181107132300_camera_frontcenter_000000557.png,Buildings;Car;Grid structure;Irrelevant signs;Nature object;Obstacles / trash;Poles;RD normal street;RD restricted area;Sidebars;Sidewalk;Sky;Solid line;Truck;Utility vehicle
20181107_132300,assets/a2d2/camera/20181107_132300/20181107132300_camera_frontcenter_000000627.png,Buildings;Car;Grid structure;Nature object;Painted driv. instr.;Poles;RD normal street;RD restricted area;Sidewalk;Sky;Solid line;Traffic sign;Truck;Utility vehicle
20181107_132300,assets/a2d2/camera/20181107_132300/20181107132300_camera_frontcenter_000000682.png,Buildings;Car;Dashed line;Grid structure;Nature object;Poles;RD normal street;Sidebars;Sidewalk;Sky;Solid line;Truck;Utility vehicle
20181107_132300,assets/a2d2/camera/20181107_132300/20181107132300_camera_frontcenter_000000757.png,Buildings;Car;Dashed line;Grid structure;Nature object;Obstacles / trash;Poles;RD normal street;Sidebars;Sidewalk;Sky;Solid line;Traffic guide obj.;Truck
20181107_132300,assets/a2d2/camera/20181107_132300/20181107132300_camera_frontcenter_000000802.png,Buildings;Car;Dashed line;Grid structure;Nature object;Obstacles / trash;Poles;RD normal street;Sidewalk;Signal corpus;Sky;Solid line;Traffic guide obj.;Traffic sign;Traffic signal;Truck
20181107_132300,assets/a2d2/camera/20181107_132300/20181107132300_camera_frontcenter_000000833.png,Buildings;Car;Curbstone;Dashed line;Grid structure;Irrelevant signs;Nature object;Poles;RD normal street;Sidebars;Sidewalk;Signal corpus;Sky;Solid line;Traffic guide obj.;Traffic sign;Traffic signal;Truck
20181107_132300,assets/a2d2/camera/20181107_132300/20181107132300_camera_frontcenter_000000857.png,Buildings;Car;Curbstone;Dashed line;Drivable cobblestone;Grid structure;Irrelevant signs;Nature object;Non-drivable street;Painted driv. instr.;Poles;RD normal street;Sidebars;Sidewalk;Signal corpus;Sky;Solid line;Traffic sign;Traffic signal;Truck
20181107_132300,assets/a2d2/camera/20181107_132300/20181107132300_camera_frontcenter_000000937.png,Buildings;Curbstone;Dashed line;Drivable cobblestone;Grid structure;Irrelevant signs;Nature object;Non-drivable street;Painted driv. instr.;Poles;RD normal street;RD restricted area;Sidebars;Sidewalk;Signal corpus;Sky;Solid line;Traffic sign;Truck
20181107_132300,assets/a2d2/camera/20181107_132300/20181107132300_camera_frontcenter_000000978.png,Buildings;Dashed line;Grid structure;Nature object;Obstacles / trash;Painted driv. instr.;Poles;RD normal street;RD restricted area;Sidewalk;Sky;Solid line;Truck
20181107_132300,assets/a2d2/camera/20181107_132300/20181107132300_camera_frontcenter_000001006.png,Buildings;Car;Dashed line;Grid structure;Irrelevant signs;Nature object;Obstacles / trash;Painted driv. instr.;Poles;RD normal street;RD restricted area;Sidewalk;Sky;Solid line;Truck
20181107_132300,assets/a2d2/camera/20181107_132300/20181107132300_camera_frontcenter_000001080.png,Buildings;Car;Dashed line;Grid structure;Nature object;Poles;RD normal street;Sidebars;Sidewalk;Sky;Solid line;Traffic sign;Truck
20181107_132300,assets/a2d2/camera/20181107_132300/20181107132300_camera_frontcenter_000001140.png,Bicycle;Buildings;Car;Dashed line;Grid structure;Nature object;Pedestrian;Poles;RD normal street;Sidewalk;Sky;Solid line;Truck
20181107_132300,assets/a2d2/camera/20181107_132300/20181107132300_camera_frontcenter_000001266.png,Buildings;Car;Dashed line;Grid structure;Nature object;Poles;RD normal street;RD restricted area;Sidebars;Sidewalk;Signal corpus;Sky;Solid line;Truck
20181107_132300,assets/a2d2/camera/20181107_132300/20181107132300_camera_frontcenter_000001324.png,Buildings;Car;Dashed line;Grid structure;Nature object;Obstacles / trash;Painted driv. instr.;Poles;RD normal street;RD restricted area;Sidewalk;Signal corpus;Sky;Solid line;Truck
20181107_132300,assets/a2d2/camera/20181107_132300/20181107132300_camera_frontcenter_000001386.png,Buildings;Car;Curbstone;Dashed line;Drivable cobblestone;Grid structure;Nature object;Obstacles / trash;Painted driv. instr.;Poles;RD normal street;Sidewalk;Signal corpus;Sky;Solid line;Traffic sign;Traffic signal;Truck
20181107_132300,assets/a2d2/camera/20181107_132300/20181107132300_camera_frontcenter_000001440.png,Buildings;Car;Curbstone;Dashed line;Drivable cobblestone;Grid structure;Nature object;Non-drivable street;Obstacles / trash;Poles;RD normal street;Sidewalk;Signal corpus;Sky;Solid line;Traffic sign;Truck
20181107_132300,assets/a2d2/camera/20181107_132300/20181107132300_camera_frontcenter_000001604.png,Bicycle;Buildings;Car;Curbstone;Dashed line;Irrelevant signs;Nature object;Obstacles / trash;Painted driv. instr.;Poles;RD normal street;Sidewalk;Signal corpus;Sky;Truck
20181107_132300,assets/a2d2/camera/20181107_132300/20181107132300_camera_frontcenter_000001631.png,Bicycle;Buildings;Car;Curbstone;Dashed line;Irrelevant signs;Nature object;Obstacles / trash;Painted driv. instr.;Poles;RD normal street;Sidewalk;Signal corpus;Sky;Truck
20181107_132300,assets/a2d2/camera/20181107_132300/20181107132300_camera_frontcenter_000001727.png,Buildings;Car;Curbstone;Dashed line;Drivable cobblestone;Irrelevant signs;Nature object;Non-drivable street;Obstacles / trash;Painted driv. instr.;Poles;RD normal street;Sidewalk;Signal corpus;Sky;Solid line;Traffic sign;Traffic signal
20181107_132300,assets/a2d2/camera/20181107_132300/20181107132300_camera_frontcenter_000001820.png,Bicycle;Buildings;Car;Curbstone;Dashed line;Drivable cobblestone;Irrelevant signs;Nature object;Non-drivable street;Obstacles / trash;Painted driv. instr.;Parking area;Poles;RD normal street;Sidewalk;Signal corpus;Sky;Solid line;Traffic sign;Traffic signal
20181107_132300,assets/a2d2/camera/20181107_132300/20181107132300_camera_frontcenter_000001866.png,Bicycle;Buildings;Car;Curbstone;Dashed line;Drivable cobblestone;Irrelevant signs;Nature object;Non-drivable street;Obstacles / trash;Painted driv. instr.;Parking area;Poles;RD normal street;Sidewalk;Signal corpus;Sky;Solid line;Traffic sign;Traffic signal
20181107_132300,assets/a2d2/camera/20181107_132300/20181107132300_camera_frontcenter_000001920.png,Bicycle;Buildings;Car;Curbstone;Dashed line;Drivable cobblestone;Irrelevant signs;Nature object;Non-drivable street;Obstacles / trash;Painted driv. instr.;Parking area;Poles;RD normal street;Sidewalk;Signal corpus;Sky;Solid line;Traffic sign;Traffic signal
20181107_132300,assets/a2d2/camera/20181107_132300/20181107132300_camera_frontcenter_000001976.png,Bicycle;Buildings;Car;Curbstone;Dashed line;Drivable cobblestone;Irrelevant signs;Nature object;Non-drivable street;Obstacles / trash;Painted driv. instr.;Parking area;Poles;RD normal street;Sidewalk;Signal corpus;Sky;Solid line;Traffic sign;Traffic signal
20181107_132300,assets/a2d2/camera/20181107_132300/20181107132300_camera_frontcenter_000002026.png,Bicycle;Buildings;Car;Curbstone;Dashed line;Drivable cobblestone;Irrelevant signs;Nature object;Non-drivable street;Obstacles / trash;Painted driv. instr.;Parking area;Poles;RD normal street;Sidewalk;Signal corpus;Sky;Solid line;Traffic sign;Traffic signal
20181107_132300,assets/a2d2/camera/20181107_132300/20181107132300_camera_frontcenter_000002063.png,Buildings;Car;Curbstone;Dashed line;Drivable cobblestone;Irrelevant signs;Nature object;Non-drivable street;Obstacles / trash;Painted driv. instr.;Parking area;Poles;RD normal street;Sidewalk;Signal corpus;Sky;Solid line;Traffic sign;Traffic signal
20181107_132300,assets/a2d2/camera/20181107_132300/20181107132300_camera_frontcenter_000002140.png,Bicycle;Buildings;Car;Curbstone;Dashed line;Drivable cobblestone;Irrelevant signs;Nature object;Non-drivable street;Obstacles / trash;Painted driv. instr.;Parking area;Poles;RD normal street;Sidewalk;Signal corpus;Sky;Solid line;Traffic sign;Traffic signal
20181107_132300,assets/a2d2/camera/20181107_132300/20181107132300_camera_frontcenter_000002177.png,Bicycle;Buildings;Car;Curbstone;Dashed line;Drivable cobblestone;Irrelevant signs;Nature object;Non-drivable street;Obstacles / trash;Painted driv. instr.;Parking area;Poles;RD normal street;Sidewalk;Signal corpus;Sky;Solid line;Traffic sign;Traffic signal
20181107_132300,assets/a2d2/camera/20181107_132300/20181107132300_camera_frontcenter_000002212.png,Bicycle;Buildings;Car;Curbstone;Dashed line;Drivable cobblestone;Irrelevant signs;Nature object;Non-drivable street;Obstacles / trash;Painted driv. instr.;Parking area;Poles;RD normal street;Sidewalk;Signal corpus;Sky;Solid line;Traffic sign;Traffic signal
20181107_132300,assets/a2d2/camera/20181107_132300/20181107132300_camera_frontcenter_000002251.png,Bicycle;Buildings;Car;Curbstone;Dashed line;Drivable cobblestone;Irrelevant signs;Nature object;Non-drivable street;Obstacles / trash;Painted driv. instr.;Parking area;Poles;RD normal street;Sidewalk;Signal corpus;Sky;Solid line;Traffic sign;Traffic signal
20181107_132300,assets/a2d2/camera/20181107_132300/20181107132300_camera_frontcenter_000002341.png,Bicycle;Buildings;Car;Curbstone;Dashed line;Drivable cobblestone;Irrelevant signs;Nature object;Non-drivable street;Obstacles / trash;Painted driv. instr.;Parking area;Poles;RD normal street;Sidewalk;Signal corpus;Sky;Solid line;Traffic sign;Traffic signal
20181107_132300,assets/a2d2/camera/20181107_132300/20181107132300_camera_frontcenter_000002427.png,Bicycle;Buildings;Car;Curbstone;Dashed line;Drivable cobblestone;Irrelevant signs;Nature object;Non-drivable street;Obstacles / trash;Painted driv. instr.;Parking area;Poles;RD normal street;Sidewalk;Signal corpus;Sky;Solid line;Traffic sign;Traffic signal
20181107_132300,assets/a2d2/camera/20181107_132300/20181107132300_camera_frontcenter_000002476.png,Bicycle;Buildings;Car;Curbstone;Dashed line;Drivable cobblestone;Irrelevant signs;Nature object;Non-drivable street;Obstacles / trash;Painted driv. instr.;Parking area;Poles;RD normal street;Sidewalk;Signal corpus;Sky;Solid line;Traffic sign;Traffic signal
20181107_132300,assets/a2d2/camera/20181107_132300/20181107132300_camera_frontcenter_000002508.png,Bicycle;Buildings;Car;Curbstone;Dashed line;Drivable cobblestone;Irrelevant signs;Nature object;Non-drivable street;Obstacles / trash;Painted driv. instr.;Parking area;Poles;RD normal street;Sidewalk;Signal corpus;Sky;Solid line;Traffic sign;Traffic signal
20181107_132300,assets/a2d2/camera/20181107_132300/20181107132300_camera_frontcenter_000002541.png,Bicycle;Buildings;Car;Curbstone;Dashed line;Drivable cobblestone;Irrelevant signs;Nature object;Non-drivable street;Obstacles / trash;Painted driv. instr.;Poles;RD normal street;Sidewalk;Signal corpus;Sky;Solid line;Traffic sign;Traffic signal
20181107_132300,assets/a2d2/camera/20181107_132300/20181107132300_camera_frontcenter_000002629.png,Bicycle;Buildings;Car;Curbstone;Dashed line;Drivable cobblestone;Irrelevant signs;Nature object;Non-drivable street;Obstacles / trash;Painted driv. instr.;Parking area;Poles;RD normal street;Sidewalk;Signal corpus;Sky;Solid line;Traffic sign;Traffic signal
20181107_132300,assets/a2d2/camera/20181107_132300/20181107132300_camera_frontcenter_000002653.png,Bicycle;Buildings;Car;Curbstone;Dashed line;Drivable cobblestone;Irrelevant signs;Nature object;Non-drivable street;Obstacles / trash;Painted driv. instr.;Parking area;Poles;RD normal street;Sidewalk;Signal corpus;Sky;Solid line;Traffic sign;Traffic signal
20181107_132300,assets/a2d2/camera/20181107_132300/20181107132300_camera_frontcenter_000002718.png,Bicycle;Buildings;Car;Curbstone;Dashed line;Drivable cobblestone;Irrelevant signs;Nature object;Non-drivable street;Obstacles / trash;Parking area;Poles;RD normal street;Sidewalk;Signal corpus;Sky;Solid line;Traffic sign;Traffic signal
20181107_132300,assets/a2d2/camera/20181107_132300/20181107132300_camera_frontcenter_000002769.png,Bicycle;Buildings;Car;Curbstone;Dashed line;Drivable cobblestone;Irrelevant signs;Nature object;Non-drivable street;Obstacles / trash;Parking area;Poles;RD normal street;RD restricted area;Sidewalk;Signal corpus;Sky;Solid line;Traffic sign
20181107_132300,assets/a2d2/camera/20181107_132300/20181107132300_camera_frontcenter_000002832.png,Bicycle;Buildings;Car;Curbstone;Dashed line;Drivable cobblestone;Irrelevant signs;Nature object;Parking area;Poles;RD normal street;Sidewalk;Signal corpus;Sky;Traffic sign
20181107_132300,assets/a2d2/camera/20181107_132300/20181107132300_camera_frontcenter_000002884.png,Buildings;Car;Curbstone;Dashed line;Drivable cobblestone;Irrelevant signs;Nature object;Obstacles / trash;Poles;RD normal street;Sidewalk;Signal corpus;Sky
20181107_132300,assets/a2d2/camera/20181107_132300/20181107132300_camera_frontcenter_000002941.png,Buildings;Car;Curbstone;Dashed line;Drivable cobblestone;Irrelevant signs;Nature object;Non-drivable street;Obstacles / trash;Poles;RD normal street;Sidewalk;Signal corpus;Sky;Small vehicles;Traffic sign
20181107_132300,assets/a2d2/camera/20181107_132300/20181107132300_camera_frontcenter_000002996.png,Buildings;Car;Curbstone;Dashed line;Grid structure;Irrelevant signs;Nature object;Poles;RD normal street;Sidewalk;Signal corpus;Sky
20181107_132300,assets/a2d2/camera/20181107_132300/20181107132300_camera_frontcenter_000003044.png,Buildings;Car;Curbstone;Dashed line;Grid structure;Irrelevant signs;Nature object;Poles;RD normal street;Sidewalk;Sky
20181107_132300,assets/a2d2/camera/20181107_132300/20181107132300_camera_frontcenter_000003094.png,Buildings;Car;Curbstone;Dashed line;Grid structure;Irrelevant signs;Nature object;Obstacles / trash;Painted driv. instr.;Poles;RD normal street;Sidewalk;Signal corpus;Sky
20181107_132300,assets/a2d2/camera/20181107_132300/20181107132300_camera_frontcenter_000003149.png,Buildings;Car;Curbstone;Dashed line;Grid structure;Irrelevant signs;Nature object;Poles;RD normal street;Sidewalk;Sky
20181107_132300,assets/a2d2/camera/20181107_132300/20181107132300_camera_frontcenter_000003242.png,Buildings;Car;Curbstone;Dashed line;Irrelevant signs;Nature object;Poles;RD normal street;Sidewalk;Signal corpus;Sky;Slow drive area;Traffic sign
20181107_132300,assets/a2d2/camera/20181107_132300/20181107132300_camera_frontcenter_000003325.png,Buildings;Car;Curbstone;Dashed line;Nature object;Parking area;Poles;RD normal street;Sidewalk;Sky;Slow drive area;Traffic sign
20181107_132300,assets/a2d2/camera/20181107_132300/20181107132300_camera_frontcenter_000003419.png,Buildings;Car;Curbstone;Dashed line;Nature object;Obstacles / trash;Poles;RD normal street;Sidewalk;Sky
20181107_132300,assets/a2d2/camera/20181107_132300/20181107132300_camera_frontcenter_000003526.png,Bicycle;Buildings;Car;Curbstone;Dashed line;Nature object;Obstacles / trash;Pedestrian;Poles;RD normal street;Sidewalk;Signal corpus;Sky
20181107_132300,assets/a2d2/camera/20181107_132300/20181107132300_camera_frontcenter_000003584.png,Bicycle;Buildings;Car;Curbstone;Dashed line;Drivable cobblestone;Nature object;Poles;RD normal street;Sidewalk;Signal corpus;Sky;Traffic sign
20181107_132300,assets/a2d2/camera/20181107_132300/20181107132300_camera_frontcenter_000003612.png,Buildings;Car;Curbstone;Dashed line;Drivable cobblestone;Irrelevant signs;Nature object;Obstacles / trash;Poles;RD normal street;Sidewalk;Signal corpus;Sky;Traffic sign
20181107_132300,assets/a2d2/camera/20181107_132300/20181107132300_camera_frontcenter_000003683.png,Buildings;Car;Curbstone;Dashed line;Drivable cobblestone;Nature object;Non-drivable street;Obstacles / trash;Poles;RD normal street;Sidewalk;Signal corpus;Sky;Solid line;Traffic signal
20181107_132300,assets/a2d2/camera/20181107_132300/20181107132300_camera_frontcenter_000003773.png,Buildings;Car;Curbstone;Dashed line;Irrelevant signs;Nature object;Pedestrian;Poles;RD normal street;Sidewalk;Sky;Traffic sign
20181107_132300,assets/a2d2/camera/20181107_132300/20181107132300_camera_frontcenter_000003858.png,Buildings;Car;Curbstone;Dashed line;Irrelevant signs;Nature object;Painted driv. instr.;Parking area;Poles;RD normal street;Sidewalk;Sky;Traffic sign
20181107_132300,assets/a2d2/camera/20181107_132300/20181107132300_camera_frontcenter_000003896.png,Buildings;Car;Curbstone;Dashed line;Irrelevant signs;Nature object;Parking area;Poles;RD normal street;Sidewalk;Sky
20181107_132300,assets/a2d2/camera/20181107_132300/20181107132300_camera_frontcenter_000003964.png,Buildings;Car;Curbstone;Dashed line;Nature object;Parking area;Poles;RD normal street;Sidewalk;Sky;Traffic sign
20181107_132300,assets/a2d2/camera/20181107_132300/20181107132300_camera_frontcenter_000004043.png,Buildings;Car;Curbstone;Dashed line;Drivable cobblestone;Grid structure;Irrelevant signs;Nature object;Obstacles / trash;Poles;RD normal street;Sidewalk;Sky;Traffic sign
20181107_132300,assets/a2d2/camera/20181107_132300/20181107132300_camera_frontcenter_000004091.png,Bicycle;Buildings;Car;Curbstone;Dashed line;Grid structure;Nature object;Parking area;Poles;RD normal street;Sidewalk;Sky
20181107_132300,assets/a2d2/camera/20181107_132300/20181107132300_camera_frontcenter_000004134.png,Bicycle;Buildings;Car;Curbstone;Dashed line;Grid structure;Nature object;Parking area;Poles;RD normal street;Sidewalk;Sky;Traffic sign
20181107_132300,assets/a2d2/camera/20181107_132300/20181107132300_camera_frontcenter_000004189.png,Buildings;Car;Curbstone;Dashed line;Grid structure;Irrelevant signs;Nature object;Parking area;Poles;RD normal street;Sidewalk;Sky
20181107_132300,assets/a2d2/camera/20181107_132300/20181107132300_camera_frontcenter_000004269.png,Buildings;Car;Curbstone;Dashed line;Grid structure;Irrelevant signs;Nature object;Obstacles / trash;Parking area;Poles;RD normal street;Sidewalk;Sky
20181107_132300,assets/a2d2/camera/20181107_132300/20181107132300_camera_frontcenter_000004334.png,Buildings;Car;Curbstone;Dashed line;Grid structure;Irrelevant signs;Nature object;Parking area;Poles;RD normal street;Sidewalk;Sky
20181107_132300,assets/a2d2/camera/20181107_132300/20181107132300_camera_frontcenter_000004393.png,Buildings;Car;Curbstone;Dashed line;Grid structure;Irrelevant signs;Nature object;Parking area;Poles;RD normal street;Sky
20181107_132300,assets/a2d2/camera/20181107_132300/20181107132300_camera_frontcenter_000004502.png,Buildings;Car;Curbstone;Dashed line;Drivable cobblestone;Grid structure;Irrelevant signs;Nature object;Obstacles / trash;Pedestrian;Poles;RD normal street;Sidewalk;Signal corpus;Sky;Solid line;Traffic sign;Traffic signal
20181107_132300,assets/a2d2/camera/20181107_132300/20181107132300_camera_frontcenter_000004577.png,Buildings;Car;Curbstone;Dashed line;Drivable cobblestone;Irrelevant signs;Nature object;Painted driv. instr.;Poles;RD normal street;Sidewalk;Signal corpus;Sky
20181107_132300,assets/a2d2/camera/20181107_132300/20181107132300_camera_frontcenter_000004613.png,Buildings;Car;Curbstone;Dashed line;Nature object;Parking area;Poles;RD normal street;Sidewalk;Sky;Solid line
20181107_132300,assets/a2d2/camera/20181107_132300/20181107132300_camera_frontcenter_000004674.png,Buildings;Car;Curbstone;Dashed line;Grid structure;Nature object;Parking area;Poles;RD normal street;Sidewalk;Sky;Truck
20181107_132300,assets/a2d2/camera/20181107_132300/20181107132300_camera_frontcenter_000004699.png,Buildings;Car;Curbstone;Dashed line;Grid structure;Nature object;Parking area;Pedestrian;Poles;RD normal street;Sidewalk;Sky;Truck
20181107_132300,assets/a2d2/camera/20181107_132300/20181107132300_camera_frontcenter_000004764.png,Buildings;Car;Curbstone;Dashed line;Irrelevant signs;Nature object;Parking area;Poles;RD normal street;Sky;Truck
20181107_132300,assets/a2d2/camera/20181107_132300/20181107132300_camera_frontcenter_000004799.png,Buildings;Car;Curbstone;Dashed line;Irrelevant signs;Nature object;Parking area;Poles;RD normal street;Sidewalk;Sky;Truck
20181107_132300,assets/a2d2/camera/20181107_132300/20181107132300_camera_frontcenter_000004866.png,Buildings;Car;Curbstone;Dashed line;Irrelevant signs;Nature object;Obstacles / trash;Parking area;Poles;RD normal street;Sidewalk;Sky
20181107_132300,assets/a2d2/camera/20181107_132300/20181107132300_camera_frontcenter_000004989.png,Buildings;Car;Curbstone;Dashed line;Grid structure;Irrelevant signs;Nature object;Parking area;Poles;RD normal street;Sidewalk;Signal corpus;Sky;Traffic signal
20181107_132300,assets/a2d2/camera/20181107_132300/20181107132300_camera_frontcenter_000005051.png,Bicycle;Buildings;Car;Curbstone;Dashed line;Drivable cobblestone;Grid structure;Irrelevant signs;Nature object;Obstacles / trash;Poles;RD normal street;Sidewalk;Signal corpus;Sky;Solid line;Traffic sign;Traffic signal;Truck
20181107_132300,assets/a2d2/camera/20181107_132300/20181107132300_camera_frontcenter_000005184.png,Buildings;Car;Curbstone;Dashed line;Irrelevant signs;Nature object;Parking area;Poles;RD normal street;Sidewalk;Sky;Solid line;Traffic sign
20181107_132300,assets/a2d2/camera/20181107_132300/20181107132300_camera_frontcenter_000005218.png,Buildings;Car;Curbstone;Dashed line;Irrelevant signs;Nature object;Non-drivable street;Obstacles / trash;Parking area;Poles;RD normal street;Sidewalk;Sky;Solid line;Traffic sign
20181107_132300,assets/a2d2/camera/20181107_132300/20181107132300_camera_frontcenter_000005292.png,Bicycle;Buildings;Car;Curbstone;Dashed line;Drivable cobblestone;Nature object;Parking area;Poles;RD normal street;Sidewalk;Sky;Solid line
20181107_132730,assets/a2d2/camera/20181107_132730/20181107132730_camera_frontcenter_000000035.png,Bicycle;Buildings;Car;Curbstone;Dashed line;Drivable cobblestone;Grid structure;Irrelevant signs;Nature object;Non-drivable street;Obstacles / trash;Pedestrian;Poles;RD normal street;Sidewalk;Signal corpus;Sky;Solid line;Traffic guide obj.;Traffic sign;Traffic signal
20181107_132730,assets/a2d2/camera/20181107_132730/20181107132730_camera_frontcenter_000000155.png,Bicycle;Buildings;Car;Curbstone;Dashed line;Drivable cobblestone;Grid structure;Irrelevant signs;Nature object;Non-drivable street;Obstacles / trash;Poles;RD normal street;Sidewalk;Signal corpus;Sky;Solid line;Traffic guide obj.;Traffic sign;Traffic signal;Truck
20181107_132730,assets/a2d2/camera/20181107_132730/20181107132730_camera_frontcenter_000000254.png,Bicycle;Buildings;Car;Curbstone;Dashed line;Drivable cobblestone;Grid structure;Irrelevant signs;Nature object;Non-drivable street;Obstacles / trash;Poles;RD normal street;Sidewalk;Signal corpus;Sky;Solid line;Traffic guide obj.;Traffic sign;Traffic signal;Truck
20181107_132730,assets/a2d2/camera/20181107_132730/20181107132730_camera_frontcenter_000000336.png,Bicycle;Buildings;Car;Curbstone;Dashed line;Drivable cobblestone;Grid structure;Irrelevant signs;Nature object;Non-drivable street;Obstacles / trash;Poles;RD normal street;Sidewalk;Signal corpus;Sky;Solid line;Traffic guide obj.;Traffic sign;Traffic signal;Truck
20181107_132730,assets/a2d2/camera/20181107_132730/20181107132730_camera_frontcenter_000000448.png,Bicycle;Buildings;Car;Curbstone;Dashed line;Drivable cobblestone;Grid structure;Irrelevant signs;Nature object;Non-drivable street;Obstacles / trash;Poles;RD normal street;Sidewalk;Signal corpus;Sky;Traffic guide obj.;Traffic sign;Traffic signal;Truck
20181107_132730,assets/a2d2/camera/20181107_132730/20181107132730_camera_frontcenter_000000580.png,Buildings;Car;Curbstone;Dashed line;Drivable cobblestone;Grid structure;Irrelevant signs;Nature object;Non-drivable street;Painted driv. instr.;Pedestrian;Poles;RD normal street;RD restricted area;Sidewalk;Signal corpus;Sky;Solid line;Traffic sign;Truck
20181107_132730,assets/a2d2/camera/20181107_132730/20181107132730_camera_frontcenter_000000706.png,Bicycle;Buildings;Car;Curbstone;Dashed line;Irrelevant signs;Nature object;Painted driv. instr.;Pedestrian;Poles;RD normal street;Sidewalk;Signal corpus;Sky;Solid line;Traffic sign;Truck
20181107_132730,assets/a2d2/camera/20181107_132730/20181107132730_camera_frontcenter_000000770.png,Bicycle;Buildings;Car;Curbstone;Dashed line;Drivable cobblestone;Irrelevant signs;Nature object;Obstacles / trash;Poles;RD normal street;RD restricted area;Sidewalk;Signal corpus;Sky;Solid line;Traffic sign;Traffic signal;Truck
20181107_132730,assets/a2d2/camera/20181107_132730/20181107132730_camera_frontcenter_000000934.png,Buildings;Car;Curbstone;Dashed line;Drivable cobblestone;Irrelevant signs;Nature object;Painted driv. instr.;Poles;RD normal street;Sidewalk;Signal corpus;Sky;Solid line;Traffic sign;Truck
20181107_132730,assets/a2d2/camera/20181107_132730/20181107132730_camera_frontcenter_000001046.png,Bicycle;Car;Curbstone;Dashed line;Grid structure;Irrelevant signs;Nature object;Painted driv. instr.;Poles;RD normal street;Road blocks;Sidewalk;Sky;Truck
20181107_132730,assets/a2d2/camera/20181107_132730/20181107132730_camera_frontcenter_000001160.png,Bicycle;Car;Curbstone;Dashed line;Grid structure;Irrelevant signs;Nature object;Non-drivable street;Poles;RD normal street;Road blocks;Sidewalk;Signal corpus;Sky;Truck
20181107_132730,assets/a2d2/camera/20181107_132730/20181107132730_camera_frontcenter_000001245.png,Bicycle;Buildings;Car;Curbstone;Dashed line;Grid structure;Irrelevant signs;Nature object;Non-drivable street;Poles;RD normal street;Road blocks;Sidewalk;Signal corpus;Sky;Truck
20181107_132730,assets/a2d2/camera/20181107_132730/20181107132730_camera_frontcenter_000001311.png,Bicycle;Buildings;Car;Curbstone;Dashed line;Grid structure;Irrelevant signs;Nature object;Non-drivable street;Pedestrian;Poles;RD normal street;Road blocks;Sidewalk;Signal corpus;Sky;Truck
20181107_132730,assets/a2d2/camera/20181107_132730/20181107132730_camera_frontcenter_000001402.png,Buildings;Car;Curbstone;Dashed line;Grid structure;Irrelevant signs;Nature object;Non-drivable street;Pedestrian;Poles;RD normal street;Road blocks;Sidewalk;Sky;Truck
20181107_132730,assets/a2d2/camera/20181107_132730/20181107132730_camera_frontcenter_000001498.png,Buildings;Car;Curbstone;Dashed line;Grid structure;Irrelevant signs;Nature object;Non-drivable street;Poles;RD normal street;Road blocks;Sidewalk;Signal corpus;Sky;Truck
20181107_132730,assets/a2d2/camera/20181107_132730/20181107132730_camera_frontcenter_000001555.png,Buildings;Car;Curbstone;Dashed line;Drivable cobblestone;Grid structure;Irrelevant signs;Nature object;Obstacles / trash;Poles;RD normal street;Road blocks;Sidewalk;Signal corpus;Sky;Truck
20181107_132730,assets/a2d2/camera/20181107_132730/20181107132730_camera_frontcenter_000001684.png,Buildings;Car;Curbstone;Dashed line;Drivable cobblestone;Grid structure;Irrelevant signs;Nature object;Poles;RD normal street;Sidewalk;Signal corpus;Sky;Truck
20181107_132730,assets/a2d2/camera/20181107_132730/20181107132730_camera_frontcenter_000001760.png,Bicycle;Buildings;Car;Curbstone;Dashed line;Drivable cobblestone;Grid structure;Irrelevant signs;Nature object;Poles;RD normal street;Sidewalk;Signal corpus;Sky;Traffic guide obj.;Truck
20181107_132730,assets/a2d2/camera/20181107_132730/20181107132730_camera_frontcenter_000001863.png,Bicycle;Buildings;Car;Curbstone;Dashed line;Drivable cobblestone;Grid structure;Irrelevant signs;Nature object;Poles;RD normal street;Sidewalk;Signal corpus;Sky;Solid line;Traffic guide obj.;Traffic sign;Truck
20181107_132730,assets/a2d2/camera/20181107_132730/20181107132730_camera_frontcenter_000001932.png,Bicycle;Buildings;Car;Curbstone;Dashed line;Drivable cobblestone;Grid structure;Irrelevant signs;Nature object;Obstacles / trash;Poles;RD normal street;Sidewalk;Signal corpus;Sky;Solid line;Traffic guide obj.;Traffic sign;Truck
20181107_132730,assets/a2d2/camera/20181107_132730/20181107132730_camera_frontcenter_000002032.png,Bicycle;Buildings;Car;Curbstone;Dashed line;Grid structure;Irrelevant signs;Nature object;Obstacles / trash;Poles;RD normal street;Sidewalk;Signal corpus;Sky;Solid line;Traffic guide obj.;Traffic sign;Traffic signal;Truck
20181107_132730,assets/a2d2/camera/20181107_132730/20181107132730_camera_frontcenter_000002102.png,Buildings;Car;Curbstone;Dashed line;Drivable cobblestone;Grid structure;Irrelevant signs;Nature object;Obstacles / trash;Painted driv. instr.;Poles;RD normal street;Sidewalk;Signal corpus;Sky;Solid line;Traffic guide obj.;Traffic sign;Traffic signal;Truck
20181107_132730,assets/a2d2/camera/20181107_132730/20181107132730_camera_frontcenter_000002202.png,Buildings;Car;Curbstone;Dashed line;Drivable cobblestone;Grid structure;Irrelevant signs;Nature object;Non-drivable street;Obstacles / trash;Painted driv. instr.;Poles;RD normal street;Sidewalk;Signal corpus;Sky;Solid line;Traffic guide obj.;Traffic sign;Traffic signal;Truck
20181107_132730,assets/a2d2/camera/20181107_132730/20181107132730_camera_frontcenter_000002278.png,Bicycle;Buildings;Car;Curbstone;Dashed line;Drivable cobblestone;Grid structure;Irrelevant signs;Nature object;Non-drivable street;Obstacles / trash;Pedestrian;Poles;RD normal street;Sidewalk;Signal corpus;Sky;Traffic guide obj.;Traffic sign;Truck;Utility vehicle
20181107_132730,assets/a2d2/camera/20181107_132730/20181107132730_camera_frontcenter_000002374.png,Buildings;Car;Curbstone;Dashed line;Grid structure;Irrelevant signs;Nature object;Obstacles / trash;Poles;RD normal street;Sidewalk;Sky;Traffic guide obj.;Traffic sign;Truck
20181107_132730,assets/a2d2/camera/20181107_132730/20181107132730_camera_frontcenter_000002465.png,Bicycle;Buildings;Car;Curbstone;Dashed line;Grid structure;Irrelevant signs;Nature object;Obstacles / trash;Pedestrian;Poles;RD normal street;Road blocks;Sidewalk;Signal corpus;Sky;Truck
20181107_132730,assets/a2d2/camera/20181107_132730/20181107132730_camera_frontcenter_000002567.png,Buildings;Car;Curbstone;Dashed line;Grid structure;Irrelevant signs;Nature object;Obstacles / trash;Painted driv. instr.;Poles;RD normal street;Road blocks;Sidewalk;Signal corpus;Sky;Traffic sign;Traffic signal;Truck
20181107_132730,assets/a2d2/camera/20181107_132730/20181107132730_camera_frontcenter_000002642.png,Bicycle;Buildings;Car;Curbstone;Dashed line;Drivable cobblestone;Grid structure;Irrelevant signs;Nature object;Obstacles / trash;Painted driv. instr.;Poles;RD normal street;Sidewalk;Signal corpus;Sky;Solid line;Traffic guide obj.;Traffic sign;Traffic signal;Truck
20181107_132730,assets/a2d2/camera/20181107_132730/20181107132730_camera_frontcenter_000002752.png,Bicycle;Buildings;Car;Curbstone;Dashed line;Drivable cobblestone;Irrelevant signs;Nature object;Obstacles / trash;Painted driv. instr.;Parking area;Pedestrian;Poles;RD normal street;Road blocks;Sidewalk;Signal corpus;Sky;Traffic sign;Traffic signal;Truck
20181107_132730,assets/a2d2/camera/20181107_132730/20181107132730_camera_frontcenter_000002873.png,Buildings;Car;Curbstone;Dashed line;Drivable cobblestone;Irrelevant signs;Nature object;Pedestrian;Poles;RD normal street;Road blocks;Sidewalk;Sky;Traffic sign;Truck
20181107_132730,assets/a2d2/camera/20181107_132730/20181107132730_camera_frontcenter_000002934.png,Buildings;Car;Curbstone;Dashed line;Drivable cobblestone;Grid structure;Irrelevant signs;Nature object;Poles;RD normal street;Road blocks;Sidewalk;Sky;Truck
20181107_132730,assets/a2d2/camera/20181107_132730/20181107132730_camera_frontcenter_000003067.png,Buildings;Car;Curbstone;Dashed line;Drivable cobblestone;Grid structure;Irrelevant signs;Nature object;Parking area;Pedestrian;Poles;RD normal street;Road blocks;Sidewalk;Sky;Truck
20181107_132730,assets/a2d2/camera/20181107_132730/20181107132730_camera_frontcenter_000003118.png,Buildings;Car;Curbstone;Dashed line;Drivable cobblestone;Irrelevant signs;Nature object;Obstacles / trash;Parking area;Pedestrian;Poles;RD normal street;Road blocks;Sidewalk;Sky;Traffic sign;Truck
20181107_132730,assets/a2d2/camera/20181107_132730/20181107132730_camera_frontcenter_000003168.png,Buildings;Car;Curbstone;Dashed line;Drivable cobblestone;Irrelevant signs;Nature object;Obstacles / trash;Poles;RD normal street;Road blocks;Sidewalk;Sky;Truck
20181107_132730,assets/a2d2/camera/20181107_132730/20181107132730_camera_frontcenter_000003248.png,Buildings;Car;Curbstone;Dashed line;Irrelevant signs;Nature object;Obstacles / trash;Poles;RD normal street;Road blocks;Sidewalk;Sky;Slow drive area;Traffic sign;Truck
20181107_132730,assets/a2d2/camera/20181107_132730/20181107132730_camera_frontcenter_000003384.png,Buildings;Car;Curbstone;Dashed line;Grid structure;Irrelevant signs;Nature object;Obstacles / trash;Painted driv. instr.;Poles;RD normal street;Road blocks;Sidewalk;Signal corpus;Sky;Truck
20181107_132730,assets/a2d2/camera/20181107_132730/20181107132730_camera_frontcenter_000003524.png,Buildings;Car;Curbstone;Dashed line;Irrelevant signs;Nature object;Obstacles / trash;Painted driv. instr.;Poles;RD normal street;Road blocks;Sidewalk;Signal corpus;Sky;Truck
20181107_132730,assets/a2d2/camera/20181107_132730/20181107132730_camera_frontcenter_000003610.png,Buildings;Car;Curbstone;Dashed line;Nature object;Obstacles / trash;Painted driv. instr.;Poles;RD normal street;Road blocks;Sidewalk;Signal corpus;Sky;Truck
20181107_132730,assets/a2d2/camera/20181107_132730/20181107132730_camera_frontcenter_000003710.png,Buildings;Car;Curbstone;Dashed line;Nature object;Obstacles / trash;Painted driv. instr.;Poles;RD normal street;Road blocks;Sidewalk;Signal corpus;Sky;Truck
20181107_132730,assets/a2d2/camera/20181107_132730/20181107132730_camera_frontcenter_000003774.png,Buildings;Car;Curbstone;Dashed line;Irrelevant signs;Nature object;Obstacles / trash;Painted driv. instr.;Poles;RD normal street;Road blocks;Sidewalk;Signal corpus;Sky;Truck
20181107_132730,assets/a2d2/camera/20181107_132730/20181107132730_camera_frontcenter_000003899.png,Buildings;Car;Curbstone;Dashed line;Irrelevant signs;Nature object;Obstacles / trash;Painted driv. instr.;Poles;RD normal street;Road blocks;Sidewalk;Signal corpus;Sky;Truck
20181107_132730,assets/a2d2/camera/20181107_132730/20181107132730_camera_frontcenter_000003974.png,Buildings;Car;Curbstone;Dashed line;Irrelevant signs;Nature object;Obstacles / trash;Painted driv. instr.;Poles;RD normal street;Road blocks;Sidewalk;Signal corpus;Sky;Truck
20181107_132730,assets/a2d2/camera/20181107_132730/20181107132730_camera_frontcenter_000004136.png,Buildings;Car;Curbstone;Dashed line;Drivable cobblestone;Irrelevant signs;Nature object;Non-drivable street;Obstacles / trash;Painted driv. instr.;Poles;RD normal street;Sidewalk;Signal corpus;Sky;Solid line;Traffic sign;Traffic signal;Truck
20181107_132730,assets/a2d2/camera/20181107_132730/20181107132730_camera_frontcenter_000004232.png,Buildings;Car;Curbstone;Dashed line;Drivable cobblestone;Irrelevant signs;Nature object;Non-drivable street;Obstacles / trash;Poles;RD normal street;Sidewalk;Signal corpus;Sky;Traffic sign;Truck
20181107_132730,assets/a2d2/camera/20181107_132730/20181107132730_camera_frontcenter_000004307.png,Buildings;Car;Curbstone;Dashed line;Drivable cobblestone;Irrelevant signs;Nature object;Non-drivable street;Poles;RD normal street;Sidewalk;Signal corpus;Sky;Solid line;Truck
20181107_132730,assets/a2d2/camera/20181107_132730/20181107132730_camera_frontcenter_000004450.png,Buildings;Car;Curbstone;Dashed line;Drivable cobblestone;Grid structure;Irrelevant signs;Nature object;Obstacles / trash;Pedestrian;Poles;RD normal street;Sidewalk;Sky;Traffic sign;Truck
20181107_132730,assets/a2d2/camera/20181107_132730/20181107132730_camera_frontcenter_000004548.png,Buildings;Car;Curbstone;Dashed line;Grid structure;Irrelevant signs;Nature object;Poles;RD normal street;Sidewalk;Sky;Solid line;Truck
20181107_132730,assets/a2d2/camera/20181107_132730/20181107132730_camera_frontcenter_000004649.png,Buildings;Car;Curbstone;Dashed line;Drivable cobblestone;Grid structure;Irrelevant signs;Nature object;Poles;RD normal street;Sidewalk;Sky;Solid line;Traffic sign;Truck
20181107_132730,assets/a2d2/camera/20181107_132730/20181107132730_camera_frontcenter_000004807.png,Buildings;Car;Curbstone;Dashed line;Drivable cobblestone;Grid structure;Irrelevant signs;Nature object;Obstacles / trash;Poles;RD normal street;Sidewalk;Sky;Slow drive area;Truck
20181107_132730,assets/a2d2/camera/20181107_132730/20181107132730_camera_frontcenter_000004903.png,Bicycle;Buildings;Car;Curbstone;Dashed line;Drivable cobblestone;Grid structure;Irrelevant signs;Nature object;Obstacles / trash;Parking area;Poles;RD normal street;Sidewalk;Signal corpus;Sky;Slow drive area;Truck
20181107_132730,assets/a2d2/camera/20181107_132730/20181107132730_camera_frontcenter_000005008.png,Buildings;Car;Curbstone;Dashed line;Drivable cobblestone;Grid structure;Irrelevant signs;Nature object;Obstacles / trash;Parking area;Pedestrian;Poles;RD normal street;Sidewalk;Signal corpus;Sky;Truck
20181107_132730,assets/a2d2/camera/20181107_132730/20181107132730_camera_frontcenter_000005290.png,Buildings;Car;Curbstone;Dashed line;Drivable cobblestone;Irrelevant signs;Nature object;Parking area;Pedestrian;Poles;RD normal street;Sidewalk;Signal corpus;Sky;Slow drive area;Truck
20181107_132730,assets/a2d2/camera/20181107_132730/20181107132730_camera_frontcenter_000005406.png,Buildings;Car;Curbstone;Dashed line;Drivable cobblestone;Grid structure;Irrelevant signs;Nature object;Obstacles / trash;Parking area;Pedestrian;Poles;RD normal street;Sidewalk;Signal corpus;Sky;Slow drive area;Solid line;Traffic signal;Truck
20181107_132730,assets/a2d2/camera/20181107_132730/20181107132730_camera_frontcenter_000005440.png,Buildings;Car;Curbstone;Dashed line;Drivable cobblestone;Grid structure;Irrelevant signs;Nature object;Obstacles / trash;Parking area;Pedestrian;Poles;RD normal street;Sidewalk;Signal corpus;Sky;Slow drive area;Solid line;Traffic signal;Truck
20181107_132730,assets/a2d2/camera/20181107_132730/20181107132730_camera_frontcenter_000005564.png,Buildings;Car;Curbstone;Dashed line;Grid structure;Irrelevant signs;Nature object;Parking area;Poles;RD normal street;Sidewalk;Sky;Truck
20181107_132730,assets/a2d2/camera/20181107_132730/20181107132730_camera_frontcenter_000005658.png,Buildings;Car;Curbstone;Dashed line;Drivable cobblestone;Irrelevant signs;Nature object;Parking area;Poles;RD normal street;Sidewalk;Signal corpus;Sky;Traffic sign;Truck
20181107_132730,assets/a2d2/camera/20181107_132730/20181107132730_camera_frontcenter_000005821.png,Buildings;Car;Curbstone;Dashed line;Grid structure;Irrelevant signs;Nature object;Obstacles / trash;Painted driv. instr.;Pedestrian;Poles;RD normal street;Sidewalk;Sky;Traffic sign;Truck
20181107_132730,assets/a2d2/camera/20181107_132730/20181107132730_camera_frontcenter_000005880.png,Buildings;Car;Curbstone;Dashed line;Drivable cobblestone;Grid structure;Irrelevant signs;Nature object;Non-drivable street;Obstacles / trash;Painted driv. instr.;Poles;RD normal street;Sidewalk;Signal corpus;Sky;Slow drive area;Solid line;Traffic sign;Truck
20181107_132730,assets/a2d2/camera/20181107_132730/20181107132730_camera_frontcenter_000005984.png,Buildings;Car;Curbstone;Dashed line;Drivable cobblestone;Irrelevant signs;Nature object;Non-drivable street;Painted driv. instr.;Poles;RD normal street;Sidewalk;Signal corpus;Sky;Truck
20181107_132730,assets/a2d2/camera/20181107_132730/20181107132730_camera_frontcenter_000006065.png,Bicycle;Buildings;Car;Curbstone;Dashed line;Drivable cobblestone;Irrelevant signs;Nature object;Non-drivable street;Obstacles / trash;Painted driv. instr.;Poles;RD normal street;Sidewalk;Signal corpus;Sky;Solid line;Traffic sign;Traffic signal;Truck
20181107_132730,assets/a2d2/camera/20181107_132730/20181107132730_camera_frontcenter_000006280.png,Buildings;Car;Curbstone;Dashed line;Grid structure;Irrelevant signs;Nature object;Non-drivable street;Obstacles / trash;Painted driv. instr.;Poles;RD normal street;Sidewalk;Sky;Solid line;Truck
20181107_132730,assets/a2d2/camera/20181107_132730/20181107132730_camera_frontcenter_000006381.png,Buildings;Car;Curbstone;Dashed line;Irrelevant signs;Nature object;Non-drivable street;Painted driv. instr.;Parking area;Poles;RD normal street;Sidewalk;Sky;Truck
20181107_132730,assets/a2d2/camera/20181107_132730/20181107132730_camera_frontcenter_000006464.png,Buildings;Car;Curbstone;Dashed line;Irrelevant signs;Nature object;Painted driv. instr.;Parking area;Poles;RD normal street;Sidewalk;Sky;Truck
20181107_132730,assets/a2d2/camera/20181107_132730/20181107132730_camera_frontcenter_000006583.png,Buildings;Car;Curbstone;Dashed line;Irrelevant signs;Nature object;Parking area;Poles;RD normal street;Sidewalk;Sky;Traffic sign;Truck
20181107_132730,assets/a2d2/camera/20181107_132730/20181107132730_camera_frontcenter_000006660.png,Buildings;Car;Curbstone;Dashed line;Grid structure;Irrelevant signs;Nature object;Poles;RD normal street;Sidewalk;Sky;Truck
20181107_132730,assets/a2d2/camera/20181107_132730/20181107132730_camera_frontcenter_000006787.png,Buildings;Car;Curbstone;Dashed line;Drivable cobblestone;Grid structure;Irrelevant signs;Nature object;Non-drivable street;Poles;RD normal street;Sidewalk;Sky;Truck
20181107_132730,assets/a2d2/camera/20181107_132730/20181107132730_camera_frontcenter_000006864.png,Buildings;Car;Curbstone;Dashed line;Grid structure;Irrelevant signs;Nature object;Non-drivable street;Poles;RD normal street;Sidewalk;Sky;Truck
20181107_132730,assets/a2d2/camera/20181107_132730/20181107132730_camera_frontcenter_000006966.png,Buildings;Car;Curbstone;Dashed line;Drivable cobblestone;Grid structure;Irrelevant signs;Nature object;Non-drivable street;Obstacles / trash;Poles;RD normal street;Sidewalk;Sky;Traffic sign;Truck
20181107_132730,assets/a2d2/camera/20181107_132730/20181107132730_camera_frontcenter_000007038.png,Buildings;Car;Curbstone;Dashed line;Drivable cobblestone;Grid structure;Irrelevant signs;Nature object;Poles;RD normal street;Sidewalk;Signal corpus;Sky;Truck
20181107_132730,assets/a2d2/camera/20181107_132730/20181107132730_camera_frontcenter_000007093.png,Buildings;Car;Curbstone;Dashed line;Drivable cobblestone;Grid structure;Irrelevant signs;Nature object;Painted driv. instr.;Poles;RD normal street;Sidewalk;Signal corpus;Sky;Truck
20181107_132730,assets/a2d2/camera/20181107_132730/20181107132730_camera_frontcenter_000007234.png,Buildings;Car;Curbstone;Dashed line;Drivable cobblestone;Irrelevant signs;Nature object;Obstacles / trash;Painted driv. instr.;Parking area;Pedestrian;Poles;RD normal street;Sidewalk;Signal corpus;Sky;Solid line;Traffic sign;Traffic signal;Truck
20181107_132730,assets/a2d2/camera/20181107_132730/20181107132730_camera_frontcenter_000007314.png,Buildings;Car;Curbstone;Dashed line;Drivable cobblestone;Grid structure;Irrelevant signs;Nature object;Parking area;Poles;RD normal street;Sidewalk;Signal corpus;Sky;Traffic sign;Truck
20181107_132730,assets/a2d2/camera/20181107_132730/20181107132730_camera_frontcenter_000007427.png,Buildings;Car;Curbstone;Dashed line;Grid structure;Irrelevant signs;Nature object;Obstacles / trash;Painted driv. instr.;Poles;RD normal street;Sidewalk;Sky;Truck;Utility vehicle
20181107_132730,assets/a2d2/camera/20181107_132730/20181107132730_camera_frontcenter_000007532.png,Buildings;Car;Curbstone;Dashed line;Irrelevant signs;Nature object;Poles;RD normal street;Sidewalk;Sky;Truck
20181107_132730,assets/a2d2/camera/20181107_132730/20181107132730_camera_frontcenter_000007614.png,Buildings;Car;Curbstone;Dashed line;Drivable cobblestone;Grid structure;Irrelevant signs;Nature object;Obstacles / trash;Poles;RD normal street;Sidewalk;Sky;Truck
20181107_132730,assets/a2d2/camera/20181107_132730/20181107132730_camera_frontcenter_000007742.png,Buildings;Car;Curbstone;Dashed line;Drivable cobblestone;Grid structure;Irrelevant signs;Nature object;Non-drivable street;Obstacles / trash;Painted driv. instr.;Poles;RD normal street;Sidewalk;Signal corpus;Sky;Slow drive area;Traffic sign;Truck
20181107_132730,assets/a2d2/camera/20181107_132730/20181107132730_camera_frontcenter_000007845.png,Buildings;Car;Curbstone;Dashed line;Grid structure;Irrelevant signs;Nature object;Obstacles / trash;Poles;RD normal street;Sidewalk;Signal corpus;Sky;Solid line;Traffic sign;Truck
20181107_132730,assets/a2d2/camera/20181107_132730/20181107132730_camera_frontcenter_000007915.png,Buildings;Car;Curbstone;Dashed line;Irrelevant signs;Nature object;Poles;RD normal street;Sidewalk;Sky;Traffic sign;Truck
20181107_132730,assets/a2d2/camera/20181107_132730/20181107132730_camera_frontcenter_000008111.png,Buildings;Car;Curbstone;Dashed line;Grid structure;Irrelevant signs;Nature object;Poles;RD normal street;Sidewalk;Signal corpus;Sky;Truck;Utility vehicle
20181107_132730,assets/a2d2/camera/20181107_132730/20181107132730_camera_frontcenter_000008228.png,Buildings;Car;Curbstone;Dashed line;Grid structure;Irrelevant signs;Nature object;Poles;RD normal street;Sidewalk;Signal corpus;Sky;Truck;Utility vehicle
20181107_132730,assets/a2d2/camera/20181107_132730/20181107132730_camera_frontcenter_000008405.png,Buildings;Car;Curbstone;Dashed line;Drivable cobblestone;Irrelevant signs;Nature object;Poles;RD normal street;Road blocks;Sidewalk;Sky;Traffic sign;Truck
20181107_132730,assets/a2d2/camera/20181107_132730/20181107132730_camera_frontcenter_000008518.png,Buildings;Car;Curbstone;Dashed line;Drivable cobblestone;Irrelevant signs;Nature object;Non-drivable street;Painted driv. instr.;Poles;RD normal street;Road blocks;Sidewalk;Signal corpus;Sky;Traffic sign;Truck
20181107_132730,assets/a2d2/camera/20181107_132730/20181107132730_camera_frontcenter_000008562.png,Buildings;Car;Curbstone;Dashed line;Irrelevant signs;Nature object;Non-drivable street;Painted driv. instr.;Poles;RD normal street;Road blocks;Sidewalk;Signal corpus;Sky;Traffic sign;Truck
20181107_132730,assets/a2d2/camera/20181107_132730/20181107132730_camera_frontcenter_000008626.png,Buildings;Car;Curbstone;Dashed line;Irrelevant signs;Nature object;Non-drivable street;Obstacles / trash;Poles;RD normal street;Sidewalk;Signal corpus;Sky;Traffic sign;Traffic signal;Truck
20181107_132730,assets/a2d2/camera/20181107_132730/20181107132730_camera_frontcenter_000008702.png,Buildings;Car;Curbstone;Dashed line;Irrelevant signs;Nature object;Non-drivable street;Obstacles / trash;Painted driv. instr.;Poles;RD normal street;Sidewalk;Signal corpus;Sky;Solid line;Traffic sign;Traffic signal;Truck
20181107_132730,assets/a2d2/camera/20181107_132730/20181107132730_camera_frontcenter_000008817.png,Buildings;Car;Curbstone;Dashed line;Irrelevant signs;Nature object;Poles;RD normal street;Sidewalk;Signal corpus;Sky;Traffic sign;Truck
20181107_133258,assets/a2d2/camera/20181107_133258/20181107133258_camera_frontcenter_000000250.png,Car;Dashed line;Drivable cobblestone;Nature object;Poles;RD normal street;Sidebars;Signal corpus;Sky;Solid line;Traffic sign;Truck
20181107_133258,assets/a2d2/camera/20181107_133258/20181107133258_camera_frontcenter_000000304.png,Car;Dashed line;Drivable cobblestone;Irrelevant signs;Nature object;Poles;RD normal street;Road blocks;Sidebars;Signal corpus;Sky;Solid line;Traffic sign;Truck
20181107_133258,assets/a2d2/camera/20181107_133258/20181107133258_camera_frontcenter_000000361.png,Car;Dashed line;Drivable cobblestone;Irrelevant signs;Nature object;Poles;RD normal street;Sidebars;Signal corpus;Sky;Solid line;Traffic sign;Truck
20181107_133258,assets/a2d2/camera/20181107_133258/20181107133258_camera_frontcenter_000000391.png,Car;Dashed line;Drivable cobblestone;Irrelevant signs;Nature object;Poles;RD normal street;Sidebars;Signal corpus;Sky;Solid line;Traffic sign;Truck
20181107_133258,assets/a2d2/camera/20181107_133258/20181107133258_camera_frontcenter_000000411.png,Car;Dashed line;Drivable cobblestone;Irrelevant signs;Nature object;Poles;RD normal street;Sidebars;Signal corpus;Sky;Solid line;Traffic sign;Truck
20181107_133258,assets/a2d2/camera/20181107_133258/20181107133258_camera_frontcenter_000000441.png,Car;Dashed line;Drivable cobblestone;Irrelevant signs;Nature object;Poles;RD normal street;Sidebars;Signal corpus;Sky;Solid line;Traffic sign;Truck
20181107_133258,assets/a2d2/camera/20181107_133258/20181107133258_camera_frontcenter_000000455.png,Car;Dashed line;Drivable cobblestone;Irrelevant signs;Nature object;Poles;RD normal street;Sidebars;Signal corpus;Sky;Solid line;Traffic sign;Truck
20181107_133258,assets/a2d2/camera/20181107_133258/20181107133258_camera_frontcenter_000000467.png,Car;Dashed line;Drivable cobblestone;Irrelevant signs;Nature object;Poles;RD normal street;Sidebars;Sky;Solid line;Traffic sign;Truck
20181107_133258,assets/a2d2/camera/20181107_133258/20181107133258_camera_frontcenter_000000484.png,Car;Dashed line;Drivable cobblestone;Irrelevant signs;Nature object;Poles;RD normal street;Road blocks;Sky;Solid line;Traffic sign;Truck
20181107_133258,assets/a2d2/camera/20181107_133258/20181107133258_camera_frontcenter_000000510.png,Car;Curbstone;Dashed line;Drivable cobblestone;Nature object;Poles;RD normal street;Road blocks;Sky;Solid line;Traffic sign;Truck
20181107_133258,assets/a2d2/camera/20181107_133258/20181107133258_camera_frontcenter_000000539.png,Car;Curbstone;Dashed line;Drivable cobblestone;Irrelevant signs;Nature object;Poles;RD normal street;Sidewalk;Sky;Solid line;Traffic sign;Truck
20181107_133258,assets/a2d2/camera/20181107_133258/20181107133258_camera_frontcenter_000000551.png,Car;Dashed line;Drivable cobblestone;Irrelevant signs;Nature object;Poles;RD normal street;Road blocks;Sky;Solid line;Traffic sign;Truck
20181107_133258,assets/a2d2/camera/20181107_133258/20181107133258_camera_frontcenter_000000561.png,Car;Curbstone;Dashed line;Drivable cobblestone;Irrelevant signs;Nature object;Poles;RD normal street;Road blocks;Sky;Solid line;Traffic sign;Truck
20181107_133258,assets/a2d2/camera/20181107_133258/20181107133258_camera_frontcenter_000000583.png,Car;Curbstone;Dashed line;Drivable cobblestone;Irrelevant signs;Nature object;Poles;RD normal street;Road blocks;Sidewalk;Sky;Solid line;Traffic sign;Truck
20181107_133258,assets/a2d2/camera/20181107_133258/20181107133258_camera_frontcenter_000000603.png,Car;Dashed line;Drivable cobblestone;Irrelevant signs;Nature object;Poles;RD normal street;Road blocks;Sky;Solid line;Traffic sign;Truck
20181107_133258,assets/a2d2/camera/20181107_133258/20181107133258_camera_frontcenter_000000608.png,Car;Curbstone;Dashed line;Drivable cobblestone;Irrelevant signs;Nature object;Poles;RD normal street;Road blocks;Sky;Solid line;Traffic sign;Truck
20181107_133258,assets/a2d2/camera/20181107_133258/20181107133258_camera_frontcenter_000000618.png,Car;Curbstone;Dashed line;Drivable cobblestone;Irrelevant signs;Nature object;Poles;RD normal street;Road blocks;Sky;Solid line;Traffic sign;Truck
20181107_133258,assets/a2d2/camera/20181107_133258/20181107133258_camera_frontcenter_000000629.png,Car;Curbstone;Dashed line;Drivable cobblestone;Irrelevant signs;Nature object;Poles;RD normal street;Road blocks;Sky;Solid line;Traffic sign;Truck
20181107_133258,assets/a2d2/camera/20181107_133258/20181107133258_camera_frontcenter_000000667.png,Car;Curbstone;Dashed line;Drivable cobblestone;Irrelevant signs;Nature object;Poles;RD normal street;Road blocks;Sky;Solid line;Traffic sign;Truck
20181107_133258,assets/a2d2/camera/20181107_133258/20181107133258_camera_frontcenter_000000690.png,Car;Curbstone;Dashed line;Drivable cobblestone;Irrelevant signs;Nature object;Poles;RD normal street;Road blocks;Sidebars;Sidewalk;Sky;Solid line;Traffic sign;Truck
20181107_133258,assets/a2d2/camera/20181107_133258/20181107133258_camera_frontcenter_000000953.png,Buildings;Car;Curbstone;Dashed line;Nature object;Non-drivable street;Poles;RD normal street;Sidebars;Signal corpus;Sky;Solid line;Traffic sign;Traffic signal;Truck
20181107_133258,assets/a2d2/camera/20181107_133258/20181107133258_camera_frontcenter_000001001.png,Buildings;Car;Curbstone;Dashed line;Nature object;Non-drivable street;Poles;RD normal street;Sidebars;Signal corpus;Sky;Solid line;Traffic sign;Traffic signal;Truck
20181107_133258,assets/a2d2/camera/20181107_133258/20181107133258_camera_frontcenter_000001095.png,Buildings;Car;Curbstone;Dashed line;Nature object;Non-drivable street;Poles;RD normal street;Sidebars;Signal corpus;Sky;Solid line;Traffic sign;Traffic signal
20181107_133258,assets/a2d2/camera/20181107_133258/20181107133258_camera_frontcenter_000001103.png,Buildings;Car;Curbstone;Dashed line;Nature object;Non-drivable street;Poles;RD normal street;Sidebars;Signal corpus;Sky;Solid line;Traffic sign;Traffic signal
20181107_133258,assets/a2d2/camera/20181107_133258/20181107133258_camera_frontcenter_000001110.png,Buildings;Car;Curbstone;Dashed line;Nature object;Non-drivable street;Poles;RD normal street;Sidebars;Signal corpus;Sky;Solid line;Traffic sign;Traffic signal
20181107_133258,assets/a2d2/camera/20181107_133258/20181107133258_camera_frontcenter_000001116.png,Buildings;Car;Curbstone;Dashed line;Nature object;Non-drivable street;Poles;RD normal street;Sidebars;Signal corpus;Sky;Solid line;Traffic sign;Traffic signal
20181107_133258,assets/a2d2/camera/20181107_133258/20181107133258_camera_frontcenter_000001142.png,Car;Curbstone;Dashed line;Nature object;Non-drivable street;Poles;RD normal street;Sidebars;Signal corpus;Sky;Solid line;Traffic sign;Traffic signal
20181107_133258,assets/a2d2/camera/20181107_133258/20181107133258_camera_frontcenter_000001153.png,Buildings;Car;Curbstone;Dashed line;Nature object;Non-drivable street;Poles;RD normal street;Sidebars;Signal corpus;Sky;Solid line;Traffic sign;Traffic signal
20181107_133258,assets/a2d2/camera/20181107_133258/20181107133258_camera_frontcenter_000001167.png,Buildings;Car;Curbstone;Dashed line;Nature object;Non-drivable street;Poles;RD normal street;Signal corpus;Sky;Solid line;Traffic sign;Traffic signal
20181107_133258,assets/a2d2/camera/20181107_133258/20181107133258_camera_frontcenter_000001177.png,Buildings;Car;Curbstone;Dashed line;Nature object;Non-drivable street;Poles;RD normal street;Sidebars;Signal corpus;Sky;Solid line;Traffic sign;Traffic signal
20181107_133258,assets/a2d2/camera/20181107_133258/20181107133258_camera_frontcenter_000001194.png,Buildings;Car;Curbstone;Dashed line;Nature object;Non-drivable street;Poles;RD normal street;Sidebars;Signal corpus;Sky;Solid line;Traffic sign;Traffic signal
20181107_133258,assets/a2d2/camera/20181107_133258/20181107133258_camera_frontcenter_000001209.png,Buildings;Car;Curbstone;Dashed line;Nature object;Non-drivable street;Poles;RD normal street;Sidebars;Signal corpus;Sky;Solid line;Traffic sign;Traffic signal
20181107_133258,assets/a2d2/camera/20181107_133258/20181107133258_camera_frontcenter_000001217.png,Buildings;Car;Curbstone;Dashed line;Nature object;Non-drivable street;Poles;RD normal street;Sidebars;Signal corpus;Sky;Solid line;Traffic sign;Traffic signal
20181107_133258,assets/a2d2/camera/20181107_133258/20181107133258_camera_frontcenter_000001230.png,Buildings;Car;Curbstone;Dashed line;Nature object;Non-drivable street;Poles;RD normal street;Sidebars;Signal corpus;Sky;Solid line;Traffic sign;Traffic signal
20181107_133258,assets/a2d2/camera/20181107_133258/20181107133258_camera_frontcenter_000001246.png,Buildings;Car;Curbstone;Dashed line;Nature object;Non-drivable street;Poles;RD normal street;Sidebars;Signal corpus;Sky;Solid line;Traffic sign;Traffic signal;Truck
20181107_133258,assets/a2d2/camera/20181107_133258/20181107133258_camera_frontcenter_000001303.png,Car;Curbstone;Dashed line;Nature object;Non-drivable street;Poles;RD normal street;Signal corpus;Sky;Solid line;Traffic sign;Traffic signal;Truck
20181107_133258,assets/a2d2/camera/20181107_133258/20181107133258_camera_frontcenter_000001305.png,Car;Curbstone;Dashed line;Nature object;Non-drivable street;Poles;RD normal street;Signal corpus;Sky;Solid line;Traffic sign;Traffic signal;Truck
20181107_133258,assets/a2d2/camera/20181107_133258/20181107133258_camera_frontcenter_000001336.png,Curbstone;Dashed line;Nature object;Poles;RD normal street;Sky;Solid line;Traffic sign;Traffic signal;Truck
20181107_133258,assets/a2d2/camera/20181107_133258/20181107133258_camera_frontcenter_000001353.png,Curbstone;Dashed line;Nature object;Poles;RD normal street;Sky;Solid line;Traffic sign;Traffic signal;Truck
20181107_133258,assets/a2d2/camera/20181107_133258/20181107133258_camera_frontcenter_000001367.png,Curbstone;Dashed line;Nature object;Poles;RD normal street;Sky;Solid line;Traffic sign;Traffic signal;Truck
20181107_133258,assets/a2d2/camera/20181107_133258/20181107133258_camera_frontcenter_000001436.png,Car;Curbstone;Dashed line;Nature object;Poles;RD normal street;Sidebars;Signal corpus;Sky;Solid line;Traffic sign;Traffic signal
20181107_133258,assets/a2d2/camera/20181107_133258/20181107133258_camera_frontcenter_000001447.png,Buildings;Car;Curbstone;Dashed line;Nature object;Non-drivable street;Poles;RD normal street;Sidebars;Signal corpus;Sky;Solid line;Traffic sign;Traffic signal
20181107_133258,assets/a2d2/camera/20181107_133258/20181107133258_camera_frontcenter_000001463.png,Buildings;Car;Curbstone;Dashed line;Nature object;Non-drivable street;Poles;RD normal street;Sidebars;Signal corpus;Sky;Solid line;Traffic sign;Traffic signal
20181107_133258,assets/a2d2/camera/20181107_133258/20181107133258_camera_frontcenter_000001476.png,Buildings;Car;Curbstone;Dashed line;Nature object;Non-drivable street;Poles;RD normal street;Signal corpus;Sky;Solid line;Traffic sign;Traffic signal
20181107_133258,assets/a2d2/camera/20181107_133258/20181107133258_camera_frontcenter_000001481.png,Car;Curbstone;Dashed line;Nature object;Poles;RD normal street;Signal corpus;Sky;Solid line;Traffic sign;Traffic signal
20181107_133258,assets/a2d2/camera/20181107_133258/20181107133258_camera_frontcenter_000001486.png,Car;Curbstone;Dashed line;Nature object;Poles;RD normal street;Sidebars;Signal corpus;Sky;Solid line;Traffic sign;Traffic signal
20181107_133258,assets/a2d2/camera/20181107_133258/20181107133258_camera_frontcenter_000001526.png,Buildings;Car;Curbstone;Dashed line;Nature object;Non-drivable street;Poles;RD normal street;Sidebars;Signal corpus;Sky;Solid line;Traffic sign;Traffic signal
20181107_133258,assets/a2d2/camera/20181107_133258/20181107133258_camera_frontcenter_000001530.png,Buildings;Car;Curbstone;Dashed line;Nature object;Non-drivable street;Poles;RD normal street;Sidebars;Signal corpus;Sky;Solid line;Traffic sign;Traffic signal
20181107_133258,assets/a2d2/camera/20181107_133258/20181107133258_camera_frontcenter_000001552.png,Buildings;Car;Curbstone;Dashed line;Nature object;Non-drivable street;Poles;RD normal street;Sidebars;Signal corpus;Sky;Solid line;Traffic sign;Traffic signal
20181107_133258,assets/a2d2/camera/20181107_133258/20181107133258_camera_frontcenter_000001569.png,Buildings;Car;Curbstone;Dashed line;Nature object;Non-drivable street;Poles;RD normal street;Sidebars;Signal corpus;Sky;Solid line;Traffic sign;Traffic signal
20181107_133258,assets/a2d2/camera/20181107_133258/20181107133258_camera_frontcenter_000001578.png,Buildings;Curbstone;Dashed line;Nature object;Non-drivable street;Poles;RD normal street;Sidebars;Signal corpus;Sky;Solid line;Traffic sign;Traffic signal
20181107_133258,assets/a2d2/camera/20181107_133258/20181107133258_camera_frontcenter_000001593.png,Buildings;Curbstone;Dashed line;Nature object;Non-drivable street;Poles;RD normal street;Sidebars;Signal corpus;Sky;Solid line;Traffic sign;Traffic signal
20181107_133258,assets/a2d2/camera/20181107_133258/20181107133258_camera_frontcenter_000001620.png,Buildings;Curbstone;Dashed line;Nature object;Non-drivable street;Poles;RD normal street;Sidebars;Signal corpus;Sky;Solid line;Traffic sign;Traffic signal
20181107_133258,assets/a2d2/camera/20181107_133258/20181107133258_camera_frontcenter_000001637.png,Buildings;Car;Curbstone;Dashed line;Nature object;Non-drivable street;Poles;RD normal street;Sidebars;Signal corpus;Sky;Solid line;Traffic sign;Traffic signal
20181107_133258,assets/a2d2/camera/20181107_133258/20181107133258_camera_frontcenter_000001657.png,Buildings;Car;Curbstone;Dashed line;Nature object;Non-drivable street;Poles;RD normal street;Sidebars;Signal corpus;Sky;Solid line;Traffic sign;Traffic signal
20181107_133258,assets/a2d2/camera/20181107_133258/20181107133258_camera_frontcenter_000001664.png,Buildings;Car;Curbstone;Dashed line;Nature object;Non-drivable street;Poles;RD normal street;Sidebars;Signal corpus;Sky;Solid line;Traffic sign;Traffic signal
20181107_133258,assets/a2d2/camera/20181107_133258/20181107133258_camera_frontcenter_000001688.png,Car;Curbstone;Dashed line;Nature object;Non-drivable street;Poles;RD normal street;Sidebars;Signal corpus;Sky;Solid line;Traffic sign;Traffic signal
20181107_133258,assets/a2d2/camera/20181107_133258/20181107133258_camera_frontcenter_000001705.png,Buildings;Car;Curbstone;Dashed line;Nature object;Non-drivable street;Poles;RD normal street;Sidebars;Signal corpus;Sky;Solid line;Traffic sign;Traffic signal
20181107_133258,assets/a2d2/camera/20181107_133258/20181107133258_camera_frontcenter_000001728.png,Buildings;Car;Curbstone;Dashed line;Nature object;Non-drivable street;Poles;RD normal street;Sidebars;Signal corpus;Sky;Solid line;Traffic sign;Traffic signal
20181107_133258,assets/a2d2/camera/20181107_133258/20181107133258_camera_frontcenter_000001757.png,Buildings;Curbstone;Dashed line;Nature object;Non-drivable street;Poles;RD normal street;Sidebars;Signal corpus;Sky;Solid line;Traffic sign;Traffic signal
20181107_133258,assets/a2d2/camera/20181107_133258/20181107133258_camera_frontcenter_000001767.png,Buildings;Curbstone;Dashed line;Nature object;Non-drivable street;Poles;RD normal street;Sidebars;Signal corpus;Sky;Solid line;Traffic sign;Traffic signal
20181107_133258,assets/a2d2/camera/20181107_133258/20181107133258_camera_frontcenter_000001778.png,Buildings;Car;Curbstone;Dashed line;Nature object;Non-drivable street;Poles;RD normal street;Sidebars;Signal corpus;Sky;Solid line;Traffic sign;Traffic signal
20181107_133258,assets/a2d2/camera/20181107_133258/20181107133258_camera_frontcenter_000001789.png,Buildings;Car;Curbstone;Dashed line;Nature object;Non-drivable street;Poles;RD normal street;Sidebars;Signal corpus;Sky;Solid line;Traffic sign;Traffic signal
20181107_133258,assets/a2d2/camera/20181107_133258/20181107133258_camera_frontcenter_000001818.png,Buildings;Car;Curbstone;Dashed line;Nature object;Non-drivable street;Poles;RD normal street;Sidebars;Signal corpus;Sky;Solid line;Traffic sign;Traffic signal
20181107_133258,assets/a2d2/camera/20181107_133258/20181107133258_camera_frontcenter_000001849.png,Buildings;Curbstone;Dashed line;Nature object;Non-drivable street;Poles;RD normal street;Sidebars;Signal corpus;Sky;Solid line;Traffic sign;Traffic signal
20181107_133258,assets/a2d2/camera/20181107_133258/20181107133258_camera_frontcenter_000001861.png,Buildings;Curbstone;Dashed line;Nature object;Non-drivable street;Poles;RD normal street;Sidebars;Signal corpus;Sky;Solid line;Traffic sign;Traffic signal
20181107_133258,assets/a2d2/camera/20181107_133258/20181107133258_camera_frontcenter_000001864.png,Buildings;Curbstone;Dashed line;Nature object;Non-drivable street;Poles;RD normal street;Sidebars;Signal corpus;Sky;Solid line;Traffic sign;Traffic signal
20181107_133258,assets/a2d2/camera/20181107_133258/20181107133258_camera_frontcenter_000001867.png,Buildings;Curbstone;Dashed line;Nature object;Non-drivable street;Poles;RD normal street;Sidebars;Signal corpus;Sky;Solid line;Traffic sign;Traffic signal
20181107_133258,assets/a2d2/camera/20181107_133258/20181107133258_camera_frontcenter_000001890.png,Buildings;Car;Curbstone;Dashed line;Nature object;Non-drivable street;Poles;RD normal street;Sidebars;Signal corpus;Sky;Solid line;Traffic sign;Traffic signal
20181107_133258,assets/a2d2/camera/20181107_133258/20181107133258_camera_frontcenter_000001898.png,Buildings;Curbstone;Dashed line;Nature object;Non-drivable street;Poles;RD normal street;Sidebars;Signal corpus;Sky;Solid line;Traffic sign;Traffic signal
20181107_133258,assets/a2d2/camera/20181107_133258/20181107133258_camera_frontcenter_000001909.png,Curbstone;Dashed line;Nature object;Non-drivable street;Poles;RD normal street;Sidebars;Signal corpus;Sky;Solid line;Traffic sign;Traffic signal
20181107_133258,assets/a2d2/camera/20181107_133258/20181107133258_camera_frontcenter_000001912.png,Curbstone;Dashed line;Nature object;Non-drivable street;Poles;RD normal street;Sidebars;Signal corpus;Sky;Solid line;Traffic sign;Traffic signal
20181107_133258,assets/a2d2/camera/20181107_133258/20181107133258_camera_frontcenter_000001917.png,Curbstone;Dashed line;Nature object;Non-drivable street;Poles;RD normal street;Sidebars;Signal corpus;Sky;Solid line;Traffic sign;Traffic signal
20181107_133258,assets/a2d2/camera/20181107_133258/20181107133258_camera_frontcenter_000001927.png,Buildings;Curbstone;Dashed line;Nature object;Non-drivable street;Poles;RD normal street;Sidebars;Signal corpus;Sky;Solid line;Traffic sign;Traffic signal
20181107_133258,assets/a2d2/camera/20181107_133258/20181107133258_camera_frontcenter_000001951.png,Buildings;Curbstone;Dashed line;Nature object;Non-drivable street;Poles;RD normal street;Sidebars;Signal corpus;Sky;Solid line;Traffic sign;Traffic signal
20181107_133258,assets/a2d2/camera/20181107_133258/20181107133258_camera_frontcenter_000001981.png,Buildings;Curbstone;Dashed line;Nature object;Non-drivable street;Poles;RD normal street;Sidebars;Signal corpus;Sky;Solid line;Traffic sign;Traffic signal
20181107_133258,assets/a2d2/camera/20181107_133258/20181107133258_camera_frontcenter_000002018.png,Curbstone;Dashed line;Nature object;Non-drivable street;Poles;RD normal street;Sidebars;Signal corpus;Sky;Solid line;Traffic sign;Traffic signal
20181107_133258,assets/a2d2/camera/20181107_133258/20181107133258_camera_frontcenter_000002062.png,Buildings;Car;Curbstone;Dashed line;Nature object;Non-drivable street;Poles;RD normal street;Sidebars;Signal corpus;Sky;Solid line;Traffic sign;Traffic signal
20181107_133258,assets/a2d2/camera/20181107_133258/20181107133258_camera_frontcenter_000002075.png,Buildings;Car;Curbstone;Dashed line;Nature object;Non-drivable street;Poles;RD normal street;Sidebars;Signal corpus;Sky;Solid line;Traffic sign;Traffic signal
20181107_133258,assets/a2d2/camera/20181107_133258/20181107133258_camera_frontcenter_000002091.png,Buildings;Curbstone;Dashed line;Nature object;Non-drivable street;Poles;RD normal street;Sidebars;Signal corpus;Sky;Solid line;Traffic sign;Traffic signal
20181107_133258,assets/a2d2/camera/20181107_133258/20181107133258_camera_frontcenter_000002102.png,Buildings;Curbstone;Dashed line;Nature object;Non-drivable street;Poles;RD normal street;Sidebars;Signal corpus;Sky;Solid line;Traffic sign;Traffic signal
20181107_133258,assets/a2d2/camera/20181107_133258/20181107133258_camera_frontcenter_000002135.png,Buildings;Curbstone;Dashed line;Nature object;Non-drivable street;Poles;RD normal street;Sidebars;Signal corpus;Sky;Solid line;Traffic sign;Traffic signal
20181107_133258,assets/a2d2/camera/20181107_133258/20181107133258_camera_frontcenter_000002140.png,Buildings;Curbstone;Dashed line;Nature object;Non-drivable street;Poles;RD normal street;Sidebars;Signal corpus;Sky;Solid line;Traffic sign;Traffic signal
20181107_133258,assets/a2d2/camera/20181107_133258/20181107133258_camera_frontcenter_000002191.png,Buildings;Curbstone;Dashed line;Nature object;Non-drivable street;Poles;RD normal street;Sidebars;Signal corpus;Sky;Solid line;Traffic sign;Traffic signal
20181107_133258,assets/a2d2/camera/20181107_133258/20181107133258_camera_frontcenter_000002202.png,Buildings;Curbstone;Dashed line;Nature object;Non-drivable street;Poles;RD normal street;Sidebars;Signal corpus;Sky;Solid line;Traffic sign;Traffic signal
20181107_133258,assets/a2d2/camera/20181107_133258/20181107133258_camera_frontcenter_000002235.png,Buildings;Car;Curbstone;Dashed line;Nature object;Non-drivable street;Poles;RD normal street;Sidebars;Signal corpus;Sky;Solid line;Traffic sign;Traffic signal
20181107_133445,assets/a2d2/camera/20181107_133445/20181107133445_camera_frontcenter_000002022.png,Buildings;Car;Dashed line;Irrelevant signs;Nature object;Poles;RD normal street;Road blocks;Sky;Solid line
20181107_133445,assets/a2d2/camera/20181107_133445/20181107133445_camera_frontcenter_000002290.png,Car;Dashed line;Nature object;Non-drivable street;RD normal street;Road blocks;Sky;Solid line;Traffic sign
20181107_133445,assets/a2d2/camera/20181107_133445/20181107133445_camera_frontcenter_000002625.png,Car;Dashed line;Grid structure;Irrelevant signs;Nature object;Obstacles / trash;RD normal street;Road blocks;Sky;Solid line;Truck
20181107_133445,assets/a2d2/camera/20181107_133445/20181107133445_camera_frontcenter_000003153.png,Buildings;Car;Dashed line;Grid structure;Nature object;RD normal street;Road blocks;Sky;Solid line;Truck
20181107_133445,assets/a2d2/camera/20181107_133445/20181107133445_camera_frontcenter_000003435.png,Buildings;Car;Dashed line;Grid structure;Nature object;RD normal street;Road blocks;Sky;Solid line;Truck
20181107_133445,assets/a2d2/camera/20181107_133445/20181107133445_camera_frontcenter_000003878.png,Car;Dashed line;Nature object;RD normal street;Road blocks;Sky;Solid line;Truck
20181107_133445,assets/a2d2/camera/20181107_133445/20181107133445_camera_frontcenter_000004143.png,Buildings;Car;Dashed line;Grid structure;Nature object;Non-drivable street;RD normal street;Road blocks;Sky;Solid line
20181107_133445,assets/a2d2/camera/20181107_133445/20181107133445_camera_frontcenter_000004789.png,Buildings;Car;Dashed line;Grid structure;Nature object;RD normal street;Road blocks;Sky;Solid line;Truck
20181107_133445,assets/a2d2/camera/20181107_133445/20181107133445_camera_frontcenter_000005340.png,Car;Curbstone;Dashed line;Grid structure;Nature object;RD normal street;Road blocks;Sidebars;Sky;Solid line;Traffic sign;Truck
20181107_133445,assets/a2d2/camera/20181107_133445/20181107133445_camera_frontcenter_000005544.png,Buildings;Car;Dashed line;Nature object;Obstacles / trash;Poles;RD normal street;Road blocks;Sidebars;Sky;Solid line;Traffic sign;Truck
20181107_133445,assets/a2d2/camera/20181107_133445/20181107133445_camera_frontcenter_000005871.png,Car;Dashed line;Grid structure;Irrelevant signs;Nature object;Poles;RD normal street;RD restricted area;Road blocks;Sky;Solid line;Traffic sign;Truck
20181107_133445,assets/a2d2/camera/20181107_133445/20181107133445_camera_frontcenter_000006274.png,Car;Dashed line;Nature object;RD normal street;Road blocks;Sidebars;Sky;Solid line
20181107_133445,assets/a2d2/camera/20181107_133445/20181107133445_camera_frontcenter_000006656.png,Car;Curbstone;Dashed line;Drivable cobblestone;Irrelevant signs;Nature object;Painted driv. instr.;Poles;RD normal street;Road blocks;Sidebars;Signal corpus;Sky;Solid line;Traffic sign;Traffic signal
20181107_133445,assets/a2d2/camera/20181107_133445/20181107133445_camera_frontcenter_000007202.png,Car;Curbstone;Dashed line;Irrelevant signs;Nature object;Painted driv. instr.;Poles;RD normal street;Road blocks;Sidebars;Signal corpus;Sky;Solid line;Traffic sign;Traffic signal
20181107_133445,assets/a2d2/camera/20181107_133445/20181107133445_camera_frontcenter_000007788.png,Car;Curbstone;Dashed line;Grid structure;Nature object;Non-drivable street;RD normal street;RD restricted area;Road blocks;Sky;Solid line
20181107_133445,assets/a2d2/camera/20181107_133445/20181107133445_camera_frontcenter_000008183.png,Buildings;Car;Curbstone;Dashed line;Drivable cobblestone;Grid structure;Irrelevant signs;Nature object;Poles;RD normal street;RD restricted area;Road blocks;Signal corpus;Sky;Solid line;Traffic sign;Traffic signal;Truck
20181107_133445,assets/a2d2/camera/20181107_133445/20181107133445_camera_frontcenter_000008568.png,Buildings;Car;Dashed line;Drivable cobblestone;Grid structure;Irrelevant signs;Nature object;Poles;RD normal street;RD restricted area;Road blocks;Signal corpus;Sky;Solid line;Traffic sign;Traffic signal;Truck
20181107_133445,assets/a2d2/camera/20181107_133445/20181107133445_camera_frontcenter_000008890.png,Buildings;Car;Curbstone;Drivable cobblestone;Grid structure;Irrelevant signs;Nature object;Poles;RD normal street;RD restricted area;Road blocks;Signal corpus;Sky;Solid line;Traffic sign;Traffic signal;Truck
20181107_133445,assets/a2d2/camera/20181107_133445/20181107133445_camera_frontcenter_000009514.png,Buildings;Car;Drivable cobblestone;Grid structure;Irrelevant signs;Nature object;Poles;RD normal street;RD restricted area;Road blocks;Signal corpus;Sky;Solid line;Traffic sign;Traffic signal;Truck
20181107_133445,assets/a2d2/camera/20181107_133445/20181107133445_camera_frontcenter_000009877.png,Buildings;Car;Curbstone;Drivable cobblestone;Grid structure;Irrelevant signs;Nature object;Poles;RD normal street;RD restricted area;Road blocks;Signal corpus;Sky;Solid line;Traffic sign;Traffic signal
20181107_133445,assets/a2d2/camera/20181107_133445/20181107133445_camera_frontcenter_000010231.png,Car;Dashed line;Irrelevant signs;Nature object;Poles;RD normal street;RD restricted area;Road blocks;Sidebars;Sky;Solid line;Traffic sign
20181107_133445,assets/a2d2/camera/20181107_133445/20181107133445_camera_frontcenter_000010769.png,Buildings;Car;Grid structure;Nature object;RD normal street;Road blocks;Sidebars;Sky;Solid line
20181107_133445,assets/a2d2/camera/20181107_133445/20181107133445_camera_frontcenter_000011202.png,Dashed line;Nature object;RD normal street;Road blocks;Sky;Solid line;Truck
20181107_133445,assets/a2d2/camera/20181107_133445/20181107133445_camera_frontcenter_000012009.png,Buildings;Car;Dashed line;Grid structure;Irrelevant signs;Nature object;Poles;RD normal street;Road blocks;Sky;Solid line;Truck
20181107_133445,assets/a2d2/camera/20181107_133445/20181107133445_camera_frontcenter_000012403.png,Car;Dashed line;Nature object;RD normal street;Road blocks;Sky;Solid line;Truck
20181107_133445,assets/a2d2/camera/20181107_133445/20181107133445_camera_frontcenter_000012817.png,Buildings;Car;Dashed line;Irrelevant signs;Nature object;RD normal street;Road blocks;Sky;Solid line;Traffic sign;Truck
20181107_133445,assets/a2d2/camera/20181107_133445/20181107133445_camera_frontcenter_000013170.png,Buildings;Car;Dashed line;Grid structure;Nature object;RD normal street;Road blocks;Sky;Solid line;Truck
20181107_133445,assets/a2d2/camera/20181107_133445/20181107133445_camera_frontcenter_000013642.png,Car;Curbstone;Dashed line;Grid structure;Nature object;RD normal street;Road blocks;Sky;Solid line;Traffic sign
20181107_133445,assets/a2d2/camera/20181107_133445/20181107133445_camera_frontcenter_000013835.png,Car;Curbstone;Dashed line;Grid structure;Nature object;Poles;RD normal street;Road blocks;Sky;Solid line;Traffic sign
20181107_133445,assets/a2d2/camera/20181107_133445/20181107133445_camera_frontcenter_000014307.png,Car;Dashed line;Nature object;RD normal street;Road blocks;Sky;Solid line;Traffic sign;Truck
20181107_133445,assets/a2d2/camera/20181107_133445/20181107133445_camera_frontcenter_000014752.png,Buildings;Car;Curbstone;Dashed line;Grid structure;Irrelevant signs;Nature object;Non-drivable street;Poles;RD normal street;Road blocks;Sky;Solid line;Truck
20181107_133445,assets/a2d2/camera/20181107_133445/20181107133445_camera_frontcenter_000015148.png,Buildings;Car;Dashed line;Irrelevant signs;Nature object;RD normal street;RD restricted area;Road blocks;Sky;Solid line;Traffic sign;Truck
20181107_133445,assets/a2d2/camera/20181107_133445/20181107133445_camera_frontcenter_000015593.png,Car;Curbstone;Dashed line;Grid structure;Irrelevant signs;Nature object;Non-drivable street;Poles;RD normal street;Road blocks;Sky;Solid line;Traffic sign;Truck
20181107_133445,assets/a2d2/camera/20181107_133445/20181107133445_camera_frontcenter_000016174.png,Buildings;Car;Dashed line;Grid structure;Nature object;Non-drivable street;RD normal street;Road blocks;Sky;Solid line
20181107_133445,assets/a2d2/camera/20181107_133445/20181107133445_camera_frontcenter_000016585.png,Car;Irrelevant signs;Nature object;Painted driv. instr.;Poles;RD normal street;Road blocks;Sidebars;Sky;Solid line;Traffic sign
20181107_133445,assets/a2d2/camera/20181107_133445/20181107133445_camera_frontcenter_000016893.png,Buildings;Car;Curbstone;Dashed line;Irrelevant signs;Nature object;Poles;RD normal street;Road blocks;Sidewalk;Sky;Solid line
20181107_133445,assets/a2d2/camera/20181107_133445/20181107133445_camera_frontcenter_000017416.png,Buildings;Car;Curbstone;Dashed line;Drivable cobblestone;Grid structure;Irrelevant signs;Nature object;Parking area;Poles;RD normal street;Sidewalk;Sky;Traffic sign
20181107_133445,assets/a2d2/camera/20181107_133445/20181107133445_camera_frontcenter_000017897.png,Buildings;Car;Curbstone;Dashed line;Drivable cobblestone;Grid structure;Irrelevant signs;Nature object;Non-drivable street;Obstacles / trash;Pedestrian;Poles;RD normal street;Sidewalk;Signal corpus;Sky;Slow drive area;Solid line;Traffic sign
20181107_133445,assets/a2d2/camera/20181107_133445/20181107133445_camera_frontcenter_000018322.png,Buildings;Car;Curbstone;Dashed line;Drivable cobblestone;Grid structure;Irrelevant signs;Nature object;Parking area;Poles;RD normal street;Sidewalk;Sky
20181107_133445,assets/a2d2/camera/20181107_133445/20181107133445_camera_frontcenter_000018612.png,Buildings;Car;Curbstone;Dashed line;Drivable cobblestone;Grid structure;Irrelevant signs;Nature object;Parking area;Poles;RD normal street;Sidewalk;Sky;Slow drive area;Traffic sign
20181107_133445,assets/a2d2/camera/20181107_133445/20181107133445_camera_frontcenter_000018989.png,Buildings;Car;Curbstone;Dashed line;Drivable cobblestone;Irrelevant signs;Nature object;Obstacles / trash;Painted driv. instr.;Poles;RD normal street;Sidewalk;Signal corpus;Sky;Solid line;Traffic sign;Traffic signal
20181107_133445,assets/a2d2/camera/20181107_133445/20181107133445_camera_frontcenter_000019345.png,Buildings;Car;Curbstone;Dashed line;Drivable cobblestone;Grid structure;Irrelevant signs;Nature object;Non-drivable street;Obstacles / trash;Poles;RD normal street;Sidewalk;Signal corpus;Sky;Solid line;Traffic sign;Traffic signal
20181107_133445,assets/a2d2/camera/20181107_133445/20181107133445_camera_frontcenter_000019649.png,Bicycle;Buildings;Car;Curbstone;Dashed line;Drivable cobblestone;Nature object;Poles;RD normal street;Sidewalk;Sky;Solid line;Traffic sign
20181107_133445,assets/a2d2/camera/20181107_133445/20181107133445_camera_frontcenter_000019999.png,Bicycle;Buildings;Car;Curbstone;Dashed line;Irrelevant signs;Nature object;Obstacles / trash;Poles;RD normal street;Sidewalk;Sky;Traffic sign;Truck
20181107_133445,assets/a2d2/camera/20181107_133445/20181107133445_camera_frontcenter_000020278.png,Buildings;Car;Curbstone;Dashed line;Drivable cobblestone;Grid structure;Irrelevant signs;Nature object;Parking area;Poles;RD normal street;Sidewalk;Signal corpus;Sky;Solid line;Traffic sign;Truck
20181107_133445,assets/a2d2/camera/20181107_133445/20181107133445_camera_frontcenter_000020659.png,Buildings;Car;Curbstone;Dashed line;Drivable cobblestone;Irrelevant signs;Nature object;Non-drivable street;Obstacles / trash;Painted driv. instr.;Pedestrian;Poles;RD normal street;Sidewalk;Signal corpus;Sky;Solid line;Traffic sign;Traffic signal
20181107_133445,assets/a2d2/camera/20181107_133445/20181107133445_camera_frontcenter_000021196.png,Bicycle;Buildings;Car;Curbstone;Dashed line;Drivable cobblestone;Grid structure;Irrelevant signs;Nature object;Obstacles / trash;Painted driv. instr.;Poles;RD normal street;Sidewalk;Sky;Traffic sign
20181107_133445,assets/a2d2/camera/20181107_133445/20181107133445_camera_frontcenter_000021656.png,Buildings;Car;Curbstone;Dashed line;Grid structure;Irrelevant signs;Nature object;Obstacles / trash;Poles;RD normal street;RD restricted area;Sidewalk;Sky;Solid line
20181107_133445,assets/a2d2/camera/20181107_133445/20181107133445_camera_frontcenter_000022168.png,Buildings;Car;Curbstone;Dashed line;Irrelevant signs;Nature object;Poles;RD normal street;Sidewalk;Signal corpus;Sky;Solid line;Traffic sign
20181107_133445,assets/a2d2/camera/20181107_133445/20181107133445_camera_frontcenter_000022403.png,Car;Curbstone;Dashed line;Grid structure;Irrelevant signs;Nature object;Non-drivable street;Poles;RD normal street;RD restricted area;Signal corpus;Sky;Solid line;Traffic sign;Traffic signal
20181107_133445,assets/a2d2/camera/20181107_133445/20181107133445_camera_frontcenter_000022992.png,Car;Curbstone;Dashed line;Drivable cobblestone;Grid structure;Irrelevant signs;Nature object;Non-drivable street;Painted driv. instr.;Poles;RD normal street;Sidewalk;Signal corpus;Sky;Solid line;Traffic sign;Traffic signal
20181107_133445,assets/a2d2/camera/20181107_133445/20181107133445_camera_frontcenter_000023527.png,Buildings;Car;Curbstone;Grid structure;Irrelevant signs;Nature object;Non-drivable street;Painted driv. instr.;Poles;RD normal street;Signal corpus;Sky;Solid line
20181107_133445,assets/a2d2/camera/20181107_133445/20181107133445_camera_frontcenter_000023930.png,Buildings;Car;Curbstone;Dashed line;Nature object;Non-drivable street;Poles;RD normal street;Signal corpus;Sky
20181107_133445,assets/a2d2/camera/20181107_133445/20181107133445_camera_frontcenter_000024328.png,Buildings;Car;Curbstone;Dashed line;Nature object;Non-drivable street;Painted driv. instr.;Poles;RD normal street;Signal corpus;Sky;Solid line;Traffic signal
20181107_133445,assets/a2d2/camera/20181107_133445/20181107133445_camera_frontcenter_000024962.png,Buildings;Car;Curbstone;Dashed line;Grid structure;Nature object;Non-drivable street;Poles;RD normal street;Sky;Solid line
20181107_133445,assets/a2d2/camera/20181107_133445/20181107133445_camera_frontcenter_000025354.png,Buildings;Car;Curbstone;Dashed line;Nature object;Non-drivable street;Painted driv. instr.;Poles;RD normal street;Signal corpus;Sky;Solid line;Truck
20181107_133445,assets/a2d2/camera/20181107_133445/20181107133445_camera_frontcenter_000025765.png,Buildings;Car;Curbstone;Dashed line;Nature object;Poles;RD normal street;Sky;Solid line;Truck;Utility vehicle
20181107_133445,assets/a2d2/camera/20181107_133445/20181107133445_camera_frontcenter_000026068.png,Buildings;Car;Curbstone;Dashed line;Irrelevant signs;Nature object;Poles;RD normal street;Sidewalk;Signal corpus;Sky;Solid line;Truck
20181107_133445,assets/a2d2/camera/20181107_133445/20181107133445_camera_frontcenter_000026501.png,Buildings;Car;Curbstone;Dashed line;Irrelevant signs;Nature object;Poles;RD normal street;Sidewalk;Signal corpus;Sky;Solid line;Truck
20181107_133445,assets/a2d2/camera/20181107_133445/20181107133445_camera_frontcenter_000027021.png,Buildings;Car;Curbstone;Dashed line;Grid structure;Irrelevant signs;Nature object;Obstacles / trash;Painted driv. instr.;Poles;RD normal street;Sky;Traffic guide obj.;Traffic sign;Traffic signal;Truck;Utility vehicle
20181107_133445,assets/a2d2/camera/20181107_133445/20181107133445_camera_frontcenter_000027428.png,Buildings;Car;Curbstone;Dashed line;Grid structure;Irrelevant signs;Nature object;Painted driv. instr.;Poles;RD normal street;Sidewalk;Sky;Traffic sign;Truck
20181107_133445,assets/a2d2/camera/20181107_133445/20181107133445_camera_frontcenter_000027870.png,Buildings;Car;Curbstone;Dashed line;Drivable cobblestone;Grid structure;Irrelevant signs;Nature object;Painted driv. instr.;Poles;RD normal street;Sidewalk;Signal corpus;Sky;Solid line;Traffic sign;Truck
20181107_133445,assets/a2d2/camera/20181107_133445/20181107133445_camera_frontcenter_000030221.png,Buildings;Car;Curbstone;Dashed line;Drivable cobblestone;Grid structure;Irrelevant signs;Nature object;Poles;RD normal street;Sidewalk;Sky;Slow drive area;Traffic sign;Truck
20181107_133445,assets/a2d2/camera/20181107_133445/20181107133445_camera_frontcenter_000031009.png,Buildings;Car;Curbstone;Dashed line;Drivable cobblestone;Grid structure;Irrelevant signs;Nature object;Obstacles / trash;Painted driv. instr.;Poles;RD normal street;Sidewalk;Signal corpus;Sky;Solid line;Traffic sign;Traffic signal;Truck
20181107_133445,assets/a2d2/camera/20181107_133445/20181107133445_camera_frontcenter_000031429.png,Buildings;Car;Curbstone;Dashed line;Drivable cobblestone;Grid structure;Irrelevant signs;Nature object;Obstacles / trash;Poles;RD normal street;Sidewalk;Sky;Truck
20181107_133445,assets/a2d2/camera/20181107_133445/20181107133445_camera_frontcenter_000031786.png,Buildings;Car;Curbstone;Dashed line;Drivable cobblestone;Grid structure;Irrelevant signs;Nature object;Obstacles / trash;Poles;RD normal street;Sidewalk;Signal corpus;Sky;Slow drive area;Traffic sign;Truck
20181107_133445,assets/a2d2/camera/20181107_133445/20181107133445_camera_frontcenter_000032215.png,Buildings;Car;Curbstone;Dashed line;Drivable cobblestone;Irrelevant signs;Nature object;Obstacles / trash;Poles;RD normal street;Sidewalk;Signal corpus;Sky;Traffic sign;Truck
20181107_133445,assets/a2d2/camera/20181107_133445/20181107133445_camera_frontcenter_000032532.png,Bicycle;Buildings;Car;Curbstone;Dashed line;Grid structure;Irrelevant signs;Nature object;Obstacles / trash;Painted driv. instr.;Pedestrian;Poles;RD normal street;Road blocks;Sidewalk;Sky;Traffic sign;Truck
20181107_133445,assets/a2d2/camera/20181107_133445/20181107133445_camera_frontcenter_000033026.png,Buildings;Car;Curbstone;Dashed line;Drivable cobblestone;Grid structure;Irrelevant signs;Nature object;Parking area;Poles;RD normal street;Sidewalk;Signal corpus;Sky;Solid line;Traffic sign;Truck
20181107_133445,assets/a2d2/camera/20181107_133445/20181107133445_camera_frontcenter_000033533.png,Buildings;Car;Curbstone;Dashed line;Drivable cobblestone;Grid structure;Irrelevant signs;Nature object;Obstacles / trash;Parking area;Poles;RD normal street;Sidewalk;Signal corpus;Sky;Solid line;Traffic sign
20181107_133445,assets/a2d2/camera/20181107_133445/20181107133445_camera_frontcenter_000033986.png,Buildings;Car;Curbstone;Dashed line;Grid structure;Irrelevant signs;Nature object;Obstacles / trash;Parking area;Poles;RD normal street;Sidewalk;Signal corpus;Sky;Solid line;Traffic sign
20181107_133445,assets/a2d2/camera/20181107_133445/20181107133445_camera_frontcenter_000034411.png,Buildings;Car;Dashed line;Grid structure;Irrelevant signs;Nature object;Painted driv. instr.;Poles;RD normal street;Sidewalk;Sky;Solid line;Truck
20181107_133445,assets/a2d2/camera/20181107_133445/20181107133445_camera_frontcenter_000034809.png,Bicycle;Buildings;Car;Curbstone;Dashed line;Drivable cobblestone;Irrelevant signs;Nature object;Obstacles / trash;Painted driv. instr.;Pedestrian;Poles;RD normal street;Sidewalk;Signal corpus;Sky;Solid line;Traffic sign;Traffic signal
20181107_133445,assets/a2d2/camera/20181107_133445/20181107133445_camera_frontcenter_000035348.png,Buildings;Car;Curbstone;Dashed line;Drivable cobblestone;Irrelevant signs;Nature object;Pedestrian;Poles;RD normal street;Sidewalk;Signal corpus;Sky;Solid line;Traffic sign;Traffic signal
20181107_133445,assets/a2d2/camera/20181107_133445/20181107133445_camera_frontcenter_000035788.png,Buildings;Car;Curbstone;Dashed line;Irrelevant signs;Nature object;Painted driv. instr.;Parking area;Poles;RD normal street;Sidewalk;Signal corpus;Sky;Slow drive area;Solid line;Traffic sign
20181107_133445,assets/a2d2/camera/20181107_133445/20181107133445_camera_frontcenter_000036155.png,Buildings;Car;Curbstone;Dashed line;Grid structure;Nature object;RD normal street;RD restricted area;Sidewalk;Sky;Solid line
20181107_133445,assets/a2d2/camera/20181107_133445/20181107133445_camera_frontcenter_000036614.png,Buildings;Car;Curbstone;Dashed line;Grid structure;Irrelevant signs;Nature object;Obstacles / trash;Parking area;Poles;RD normal street;Sidewalk;Signal corpus;Sky;Solid line;Traffic sign;Utility vehicle
20181107_133445,assets/a2d2/camera/20181107_133445/20181107133445_camera_frontcenter_000037887.png,Buildings;Car;Curbstone;Dashed line;Grid structure;Irrelevant signs;Nature object;Painted driv. instr.;Poles;RD normal street;Sidewalk;Signal corpus;Sky;Solid line;Utility vehicle
20181107_133445,assets/a2d2/camera/20181107_133445/20181107133445_camera_frontcenter_000038268.png,Buildings;Car;Dashed line;Drivable cobblestone;Grid structure;Nature object;Poles;RD normal street;RD restricted area;Sidewalk;Sky;Solid line
20181107_133445,assets/a2d2/camera/20181107_133445/20181107133445_camera_frontcenter_000038593.png,Buildings;Car;Dashed line;Grid structure;Nature object;Poles;RD normal street;RD restricted area;Sidebars;Sidewalk;Sky;Solid line;Traffic sign
20181107_133445,assets/a2d2/camera/20181107_133445/20181107133445_camera_frontcenter_000039077.png,Buildings;Car;Curbstone;Dashed line;Grid structure;Irrelevant signs;Nature object;Non-drivable street;Obstacles / trash;Poles;RD normal street;RD restricted area;Sidebars;Sidewalk;Signal corpus;Sky;Solid line;Traffic guide obj.;Traffic sign;Traffic signal;Utility vehicle
20181107_133445,assets/a2d2/camera/20181107_133445/20181107133445_camera_frontcenter_000039414.png,Buildings;Car;Curbstone;Dashed line;Drivable cobblestone;Grid structure;Irrelevant signs;Nature object;Non-drivable street;Obstacles / trash;Poles;RD normal street;RD restricted area;Sidewalk;Signal corpus;Sky;Solid line;Traffic guide obj.;Traffic sign;Traffic signal
20181107_133445,assets/a2d2/camera/20181107_133445/20181107133445_camera_frontcenter_000039914.png,Buildings;Car;Drivable cobblestone;Grid structure;Nature object;RD normal street;RD restricted area;Sidebars;Sidewalk;Sky;Solid line
20181107_133445,assets/a2d2/camera/20181107_133445/20181107133445_camera_frontcenter_000040593.png,Buildings;Car;Drivable cobblestone;Grid structure;Nature object;Poles;RD normal street;Sidewalk;Sky;Solid line;Traffic sign
20181107_133445,assets/a2d2/camera/20181107_133445/20181107133445_camera_frontcenter_000041024.png,Buildings;Car;Dashed line;Grid structure;Nature object;Poles;RD normal street;Road blocks;Sidebars;Sky;Solid line
20181107_133445,assets/a2d2/camera/20181107_133445/20181107133445_camera_frontcenter_000041514.png,Buildings;Car;Curbstone;Dashed line;Grid structure;Irrelevant signs;Nature object;Poles;RD normal street;RD restricted area;Sidebars;Sidewalk;Sky;Solid line;Traffic sign
20181108_084007,assets/a2d2/camera/20181108_084007/20181108084007_camera_frontcenter_000002003.png,Car;Dashed line;Nature object;RD normal street;Road blocks;Sky;Solid line;Truck
20181108_084007,assets/a2d2/camera/20181108_084007/20181108084007_camera_frontcenter_000002378.png,Buildings;Car;Dashed line;Nature object;RD normal street;Road blocks;Sky;Solid line;Truck
20181108_084007,assets/a2d2/camera/20181108_084007/20181108084007_camera_frontcenter_000003160.png,Buildings;Car;Dashed line;Grid structure;Nature object;Poles;RD normal street;Road blocks;Sky;Solid line;Traffic sign;Truck
20181108_084007,assets/a2d2/camera/20181108_084007/20181108084007_camera_frontcenter_000003663.png,Buildings;Car;Dashed line;Nature object;RD normal street;Road blocks;Sky;Solid line;Traffic sign;Truck
20181108_084007,assets/a2d2/camera/20181108_084007/20181108084007_camera_frontcenter_000004054.png,Car;Curbstone;Dashed line;Grid structure;Nature object;Poles;RD normal street;Road blocks;Sky;Solid line;Traffic sign;Truck
20181108_084007,assets/a2d2/camera/20181108_084007/20181108084007_camera_frontcenter_000004638.png,Buildings;Car;Dashed line;Irrelevant signs;Nature object;Poles;RD normal street;Road blocks;Sky;Solid line;Traffic sign;Truck
20181108_084007,assets/a2d2/camera/20181108_084007/20181108084007_camera_frontcenter_000004860.png,Dashed line;Nature object;RD normal street;Road blocks;Sky;Solid line;Traffic sign;Truck
20181108_084007,assets/a2d2/camera/20181108_084007/20181108084007_camera_frontcenter_000005364.png,Car;Dashed line;Grid structure;Irrelevant signs;Nature object;Non-drivable street;Poles;RD normal street;Road blocks;Sky;Solid line;Traffic sign;Truck
20181108_084007,assets/a2d2/camera/20181108_084007/20181108084007_camera_frontcenter_000005779.png,Buildings;Car;Dashed line;Nature object;RD normal street;Road blocks;Sidebars;Sky;Solid line;Truck
20181108_084007,assets/a2d2/camera/20181108_084007/20181108084007_camera_frontcenter_000006313.png,Buildings;Car;Dashed line;Grid structure;Irrelevant signs;Nature object;Non-drivable street;Poles;RD normal street;Road blocks;Sky;Solid line;Truck
20181108_084007,assets/a2d2/camera/20181108_084007/20181108084007_camera_frontcenter_000006720.png,Car;Curbstone;Dashed line;Nature object;Non-drivable street;Poles;RD normal street;Road blocks;Sky;Solid line;Truck
20181108_084007,assets/a2d2/camera/20181108_084007/20181108084007_camera_frontcenter_000007021.png,Buildings;Car;Curbstone;Dashed line;Grid structure;Irrelevant signs;Nature object;Non-drivable street;Poles;RD normal street;Road blocks;Sky;Solid line;Traffic sign;Truck
20181108_084007,assets/a2d2/camera/20181108_084007/20181108084007_camera_frontcenter_000007355.png,Car;Curbstone;Dashed line;Nature object;RD normal street;Road blocks;Sky;Solid line;Traffic sign;Truck
20181108_084007,assets/a2d2/camera/20181108_084007/20181108084007_camera_frontcenter_000007946.png,Buildings;Car;Curbstone;Dashed line;Grid structure;Nature object;RD normal street;RD restricted area;Road blocks;Sky;Solid line;Truck
20181108_084007,assets/a2d2/camera/20181108_084007/20181108084007_camera_frontcenter_000008905.png,Buildings;Car;Dashed line;Grid structure;Irrelevant signs;Nature object;Poles;RD normal street;Road blocks;Sky;Solid line
20181108_084007,assets/a2d2/camera/20181108_084007/20181108084007_camera_frontcenter_000009295.png,Car;Dashed line;Grid structure;Irrelevant signs;Nature object;Poles;RD normal street;Road blocks;Sky;Solid line;Truck
20181108_084007,assets/a2d2/camera/20181108_084007/20181108084007_camera_frontcenter_000009816.png,Buildings;Car;Dashed line;Grid structure;Nature object;RD normal street;Road blocks;Sky;Solid line;Traffic sign;Truck
20181108_084007,assets/a2d2/camera/20181108_084007/20181108084007_camera_frontcenter_000010160.png,Car;Dashed line;Grid structure;Irrelevant signs;Nature object;RD normal street;Road blocks;Sky;Solid line;Truck
20181108_084007,assets/a2d2/camera/20181108_084007/20181108084007_camera_frontcenter_000010627.png,Car;Dashed line;Nature object;Non-drivable street;RD normal street;Road blocks;Sky;Solid line;Truck
20181108_084007,assets/a2d2/camera/20181108_084007/20181108084007_camera_frontcenter_000011178.png,Car;Curbstone;Dashed line;Nature object;RD normal street;Road blocks;Sidebars;Sky;Solid line;Truck
20181108_084007,assets/a2d2/camera/20181108_084007/20181108084007_camera_frontcenter_000011733.png,Car;Dashed line;Nature object;RD normal street;Road blocks;Sky;Solid line;Truck
20181108_084007,assets/a2d2/camera/20181108_084007/20181108084007_camera_frontcenter_000012380.png,Buildings;Car;Dashed line;Grid structure;Nature object;Poles;RD normal street;Road blocks;Sky;Solid line;Traffic sign;Truck
20181108_084007,assets/a2d2/camera/20181108_084007/20181108084007_camera_frontcenter_000012853.png,Car;Curbstone;Dashed line;Nature object;Non-drivable street;RD normal street;Road blocks;Sky;Solid line;Traffic sign;Truck
20181108_084007,assets/a2d2/camera/20181108_084007/20181108084007_camera_frontcenter_000013298.png,Buildings;Car;Curbstone;Dashed line;Grid structure;Nature object;Non-drivable street;Poles;RD normal street;Road blocks;Sky;Solid line;Traffic sign;Truck
20181108_084007,assets/a2d2/camera/20181108_084007/20181108084007_camera_frontcenter_000013656.png,Car;Dashed line;Irrelevant signs;Nature object;Obstacles / trash;Poles;RD normal street;Road blocks;Sidebars;Sky;Solid line;Traffic guide obj.;Truck
20181108_084007,assets/a2d2/camera/20181108_084007/20181108084007_camera_frontcenter_000014096.png,Car;Dashed line;Nature object;Non-drivable street;RD normal street;Road blocks;Sky;Solid line;Truck
20181108_084007,assets/a2d2/camera/20181108_084007/20181108084007_camera_frontcenter_000014628.png,Dashed line;Nature object;RD normal street;Road blocks;Sky;Solid line;Truck
20181108_084007,assets/a2d2/camera/20181108_084007/20181108084007_camera_frontcenter_000015100.png,Car;Dashed line;Electronic traffic;Irrelevant signs;Nature object;Non-drivable street;Poles;RD normal street;Road blocks;Sky;Solid line;Truck
20181108_084007,assets/a2d2/camera/20181108_084007/20181108084007_camera_frontcenter_000015663.png,Car;Dashed line;Nature object;Non-drivable street;RD normal street;Road blocks;Sky;Solid line;Truck
20181108_084007,assets/a2d2/camera/20181108_084007/20181108084007_camera_frontcenter_000016168.png,Car;Dashed line;Electronic traffic;Nature object;Poles;RD normal street;Road blocks;Sky;Solid line;Truck
20181108_084007,assets/a2d2/camera/20181108_084007/20181108084007_camera_frontcenter_000016698.png,Car;Dashed line;Grid structure;Irrelevant signs;Nature object;Obstacles / trash;Poles;RD normal street;Road blocks;Signal corpus;Sky;Solid line;Traffic sign;Truck
20181108_084007,assets/a2d2/camera/20181108_084007/20181108084007_camera_frontcenter_000017103.png,Car;Dashed line;Irrelevant signs;Nature object;RD normal street;Road blocks;Sidebars;Sky;Solid line;Truck
20181108_084007,assets/a2d2/camera/20181108_084007/20181108084007_camera_frontcenter_000017564.png,Buildings;Car;Curbstone;Dashed line;Grid structure;Nature object;Non-drivable street;RD normal street;Road blocks;Sky;Solid line;Traffic sign;Truck
20181108_084007,assets/a2d2/camera/20181108_084007/20181108084007_camera_frontcenter_000017986.png,Buildings;Car;Dashed line;Grid structure;Nature object;Poles;RD normal street;Road blocks;Sky;Solid line;Truck
20181108_084007,assets/a2d2/camera/20181108_084007/20181108084007_camera_frontcenter_000018748.png,Buildings;Car;Dashed line;Nature object;Poles;RD normal street;Road blocks;Sky;Solid line;Truck
20181108_084007,assets/a2d2/camera/20181108_084007/20181108084007_camera_frontcenter_000019063.png,Car;Dashed line;Nature object;RD normal street;Road blocks;Sky;Solid line;Truck
20181108_084007,assets/a2d2/camera/20181108_084007/20181108084007_camera_frontcenter_000019425.png,Car;Dashed line;Nature object;Non-drivable street;RD normal street;Road blocks;Sky;Solid line;Truck
20181108_084007,assets/a2d2/camera/20181108_084007/20181108084007_camera_frontcenter_000019772.png,Car;Dashed line;Nature object;Non-drivable street;RD normal street;Road blocks;Sky;Solid line;Truck
20181108_084007,assets/a2d2/camera/20181108_084007/20181108084007_camera_frontcenter_000020093.png,Car;Dashed line;Irrelevant signs;Nature object;RD normal street;Road blocks;Sky;Solid line;Truck
20181108_084007,assets/a2d2/camera/20181108_084007/20181108084007_camera_frontcenter_000020530.png,Buildings;Car;Dashed line;Grid structure;Irrelevant signs;Nature object;RD normal street;Road blocks;Sidebars;Sky;Solid line;Truck
20181108_084007,assets/a2d2/camera/20181108_084007/20181108084007_camera_frontcenter_000021027.png,Car;Dashed line;Nature object;RD normal street;Road blocks;Sky;Solid line;Truck
20181108_084007,assets/a2d2/camera/20181108_084007/20181108084007_camera_frontcenter_000021439.png,Car;Dashed line;Nature object;RD normal street;Road blocks;Sky;Solid line;Truck
20181108_084007,assets/a2d2/camera/20181108_084007/20181108084007_camera_frontcenter_000021958.png,Buildings;Car;Dashed line;Grid structure;Nature object;RD normal street;Road blocks;Sky;Solid line;Truck
20181108_084007,assets/a2d2/camera/20181108_084007/20181108084007_camera_frontcenter_000022361.png,Car;Dashed line;Nature object;RD normal street;Road blocks;Sky;Solid line;Truck
20181108_084007,assets/a2d2/camera/20181108_084007/20181108084007_camera_frontcenter_000022690.png,Car;Dashed line;Grid structure;Nature object;Non-drivable street;RD normal street;Road blocks;Sky;Solid line;Truck
20181108_084007,assets/a2d2/camera/20181108_084007/20181108084007_camera_frontcenter_000023092.png,Buildings;Car;Dashed line;Nature object;RD normal street;Road blocks;Sky;Solid line;Truck
20181108_084007,assets/a2d2/camera/20181108_084007/20181108084007_camera_frontcenter_000023575.png,Buildings;Car;Curbstone;Dashed line;Irrelevant signs;Nature object;Poles;RD normal street;Road blocks;Sky;Solid line;Traffic sign;Truck
20181108_084007,assets/a2d2/camera/20181108_084007/20181108084007_camera_frontcenter_000023967.png,Car;Curbstone;Dashed line;Nature object;RD normal street;Road blocks;Sky;Solid line;Truck
20181108_084007,assets/a2d2/camera/20181108_084007/20181108084007_camera_frontcenter_000024306.png,Buildings;Car;Dashed line;Grid structure;Irrelevant signs;Nature object;Non-drivable street;Poles;RD normal street;Road blocks;Sky;Solid line;Truck
20181108_084007,assets/a2d2/camera/20181108_084007/20181108084007_camera_frontcenter_000024681.png,Car;Dashed line;Grid structure;Nature object;RD normal street;Road blocks;Sky;Solid line;Truck
20181108_084007,assets/a2d2/camera/20181108_084007/20181108084007_camera_frontcenter_000025158.png,Car;Dashed line;Grid structure;Irrelevant signs;Nature object;RD normal street;Road blocks;Sidebars;Sky;Solid line;Truck
20181108_084007,assets/a2d2/camera/20181108_084007/20181108084007_camera_frontcenter_000025524.png,Car;Dashed line;Grid structure;Nature object;RD normal street;Road blocks;Sky;Solid line;Truck
20181108_084007,assets/a2d2/camera/20181108_084007/20181108084007_camera_frontcenter_000025889.png,Car;Dashed line;Grid structure;Irrelevant signs;Nature object;Poles;RD normal street;Road blocks;Sky;Solid line;Truck
20181108_084007,assets/a2d2/camera/20181108_084007/20181108084007_camera_frontcenter_000026418.png,Car;Curbstone;Dashed line;Nature object;RD normal street;Road blocks;Sky;Solid line;Truck
20181108_084007,assets/a2d2/camera/20181108_084007/20181108084007_camera_frontcenter_000026771.png,Car;Dashed line;Nature object;Non-drivable street;RD normal street;Road blocks;Sky;Solid line;Truck
20181108_084007,assets/a2d2/camera/20181108_084007/20181108084007_camera_frontcenter_000027321.png,Buildings;Car;Curbstone;Dashed line;Grid structure;Irrelevant signs;Nature object;RD normal street;Road blocks;Sky;Solid line;Truck
20181108_084007,assets/a2d2/camera/20181108_084007/20181108084007_camera_frontcenter_000027713.png,Car;Dashed line;Nature object;RD normal street;Road blocks;Sky;Solid line;Truck
20181108_084007,assets/a2d2/camera/20181108_084007/20181108084007_camera_frontcenter_000028206.png,Car;Curbstone;Dashed line;Nature object;Non-drivable street;RD normal street;Road blocks;Sky;Solid line;Truck
20181108_084007,assets/a2d2/camera/20181108_084007/20181108084007_camera_frontcenter_000028756.png,Car;Dashed line;Nature object;RD normal street;Road blocks;Sky;Solid line;Truck
20181108_084007,assets/a2d2/camera/20181108_084007/20181108084007_camera_frontcenter_000029570.png,Car;Dashed line;Grid structure;Nature object;RD normal street;Road blocks;Sky;Solid line;Truck
20181108_084007,assets/a2d2/camera/20181108_084007/20181108084007_camera_frontcenter_000029927.png,Car;Curbstone;Dashed line;Grid structure;Nature object;Non-drivable street;RD normal street;Road blocks;Sky;Solid line;Truck
20181108_084007,assets/a2d2/camera/20181108_084007/20181108084007_camera_frontcenter_000030524.png,Car;Dashed line;Grid structure;Nature object;RD normal street;Road blocks;Sky;Solid line;Truck
20181108_084007,assets/a2d2/camera/20181108_084007/20181108084007_camera_frontcenter_000031122.png,Buildings;Car;Dashed line;Electronic traffic;Grid structure;Nature object;Poles;RD normal street;Road blocks;Sky;Solid line
20181108_084007,assets/a2d2/camera/20181108_084007/20181108084007_camera_frontcenter_000031630.png,Car;Curbstone;Dashed line;Nature object;Poles;RD normal street;Road blocks;Sky;Solid line;Truck
20181108_084007,assets/a2d2/camera/20181108_084007/20181108084007_camera_frontcenter_000032134.png,Car;Curbstone;Dashed line;Grid structure;Nature object;Non-drivable street;RD normal street;Road blocks;Sky;Solid line;Traffic sign;Truck
20181108_084007,assets/a2d2/camera/20181108_084007/20181108084007_camera_frontcenter_000032663.png,Car;Curbstone;Dashed line;Grid structure;Nature object;Poles;RD normal street;Road blocks;Sky;Solid line;Traffic sign;Truck
20181108_084007,assets/a2d2/camera/20181108_084007/20181108084007_camera_frontcenter_000033053.png,Buildings;Car;Curbstone;Dashed line;Grid structure;Nature object;Poles;RD normal street;Road blocks;Sky;Solid line;Traffic sign;Truck
20181108_084007,assets/a2d2/camera/20181108_084007/20181108084007_camera_frontcenter_000033448.png,Car;Curbstone;Dashed line;Grid structure;Irrelevant signs;Nature object;Poles;RD normal street;Road blocks;Sky;Solid line;Traffic sign;Truck
20181108_084007,assets/a2d2/camera/20181108_084007/20181108084007_camera_frontcenter_000033998.png,Car;Dashed line;Grid structure;Nature object;RD normal street;Road blocks;Sidewalk;Sky;Solid line;Traffic sign;Truck
20181108_084007,assets/a2d2/camera/20181108_084007/20181108084007_camera_frontcenter_000034651.png,Dashed line;Nature object;RD normal street;Road blocks;Sidebars;Sky;Solid line
20181108_084007,assets/a2d2/camera/20181108_084007/20181108084007_camera_frontcenter_000035109.png,Buildings;Grid structure;Irrelevant signs;Nature object;Non-drivable street;Poles;RD normal street;Road blocks;Sky;Solid line
20181108_084007,assets/a2d2/camera/20181108_084007/20181108084007_camera_frontcenter_000035895.png,Car;Curbstone;Dashed line;Irrelevant signs;Nature object;Non-drivable street;Poles;RD normal street;Road blocks;Sidebars;Sky;Solid line;Traffic sign;Truck
20181108_084007,assets/a2d2/camera/20181108_084007/20181108084007_camera_frontcenter_000036294.png,Car;Curbstone;Dashed line;Grid structure;Irrelevant signs;Nature object;RD normal street;Road blocks;Sidebars;Sky;Solid line;Traffic sign
20181108_084007,assets/a2d2/camera/20181108_084007/20181108084007_camera_frontcenter_000036588.png,Car;Dashed line;Grid structure;Nature object;RD normal street;Road blocks;Sidebars;Sky;Solid line
20181108_084007,assets/a2d2/camera/20181108_084007/20181108084007_camera_frontcenter_000036960.png,Car;Dashed line;Grid structure;Irrelevant signs;Nature object;Poles;RD normal street;Road blocks;Sky;Solid line
20181108_084007,assets/a2d2/camera/20181108_084007/20181108084007_camera_frontcenter_000037548.png,Buildings;Car;Grid structure;Nature object;RD normal street;Road blocks;Sidebars;Sky;Solid line
20181108_084007,assets/a2d2/camera/20181108_084007/20181108084007_camera_frontcenter_000037903.png,Car;Curbstone;Dashed line;Nature object;RD normal street;Road blocks;Sidebars;Sky;Solid line
20181108_084007,assets/a2d2/camera/20181108_084007/20181108084007_camera_frontcenter_000038406.png,Car;Dashed line;Grid structure;Irrelevant signs;Nature object;RD normal street;Road blocks;Sidebars;Sky;Solid line;Traffic sign;Truck
20181108_084007,assets/a2d2/camera/20181108_084007/20181108084007_camera_frontcenter_000038713.png,Curbstone;Dashed line;Irrelevant signs;Nature object;Non-drivable street;Poles;RD normal street;Road blocks;Sky;Solid line;Traffic sign;Truck
20181108_084007,assets/a2d2/camera/20181108_084007/20181108084007_camera_frontcenter_000038964.png,Buildings;Car;Dashed line;Nature object;Poles;RD normal street;Road blocks;Sidewalk;Sky;Solid line;Truck
20181108_084007,assets/a2d2/camera/20181108_084007/20181108084007_camera_frontcenter_000039573.png,Car;Dashed line;Irrelevant signs;Nature object;Poles;RD normal street;Road blocks;Sky;Solid line;Truck
20181108_084007,assets/a2d2/camera/20181108_084007/20181108084007_camera_frontcenter_000040011.png,Car;Curbstone;Dashed line;Irrelevant signs;Nature object;Poles;RD normal street;Road blocks;Sky;Solid line;Truck
20181108_084007,assets/a2d2/camera/20181108_084007/20181108084007_camera_frontcenter_000040301.png,Car;Curbstone;Dashed line;Nature object;RD normal street;Road blocks;Sky;Solid line
20181108_084007,assets/a2d2/camera/20181108_084007/20181108084007_camera_frontcenter_000040781.png,Dashed line;Nature object;RD normal street;Road blocks;Sky;Solid line
20181108_084007,assets/a2d2/camera/20181108_084007/20181108084007_camera_frontcenter_000041235.png,Dashed line;Grid structure;Nature object;Poles;RD normal street;Road blocks;Sky;Solid line
20181108_084007,assets/a2d2/camera/20181108_084007/20181108084007_camera_frontcenter_000041715.png,Dashed line;Grid structure;Nature object;RD normal street;Road blocks;Sky;Solid line;Truck
20181108_091945,assets/a2d2/camera/20181108_091945/20181108091945_camera_frontcenter_000002130.png,Buildings;Dashed line;Grid structure;Irrelevant signs;Nature object;Non-drivable street;Poles;RD normal street;Road blocks;Sky;Solid line;Truck
20181108_091945,assets/a2d2/camera/20181108_091945/20181108091945_camera_frontcenter_000003168.png,Buildings;Car;Curbstone;Dashed line;Grid structure;Nature object;Non-drivable street;Poles;RD normal street;Road blocks;Sidebars;Sky;Solid line
20181108_091945,assets/a2d2/camera/20181108_091945/20181108091945_camera_frontcenter_000004008.png,Car;Curbstone;Nature object;RD normal street;Road blocks;Sky;Solid line;Truck
20181108_091945,assets/a2d2/camera/20181108_091945/20181108091945_camera_frontcenter_000004643.png,Car;Curbstone;Dashed line;Nature object;RD normal street;Road blocks;Sky;Solid line
20181108_091945,assets/a2d2/camera/20181108_091945/20181108091945_camera_frontcenter_000005230.png,Curbstone;Grid structure;Nature object;RD normal street;Road blocks;Sidebars;Sky;Solid line;Truck
20181108_091945,assets/a2d2/camera/20181108_091945/20181108091945_camera_frontcenter_000005893.png,Car;Dashed line;Nature object;RD normal street;Road blocks;Sidebars;Sky;Solid line;Truck
20181108_091945,assets/a2d2/camera/20181108_091945/20181108091945_camera_frontcenter_000006399.png,Car;Curbstone;Dashed line;Grid structure;Nature object;RD normal street;Road blocks;Sky;Solid line;Truck
20181108_091945,assets/a2d2/camera/20181108_091945/20181108091945_camera_frontcenter_000006859.png,Curbstone;Dashed line;Grid structure;Nature object;RD normal street;Road blocks;Sky;Solid line
20181108_091945,assets/a2d2/camera/20181108_091945/20181108091945_camera_frontcenter_000007609.png,Buildings;Car;Dashed line;Grid structure;Irrelevant signs;Nature object;RD normal street;Road blocks;Sky;Solid line
20181108_091945,assets/a2d2/camera/20181108_091945/20181108091945_camera_frontcenter_000008261.png,Buildings;Car;Curbstone;Dashed line;Grid structure;Irrelevant signs;Nature object;RD normal street;Road blocks;Sky;Solid line;Truck
20181108_091945,assets/a2d2/camera/20181108_091945/20181108091945_camera_frontcenter_000008941.png,Car;Nature object;RD normal street;Road blocks;Sky;Solid line;Truck
20181108_091945,assets/a2d2/camera/20181108_091945/20181108091945_camera_frontcenter_000010168.png,Car;Nature object;Obstacles / trash;RD normal street;Road blocks;Sidebars;Sky;Solid line
20181108_091945,assets/a2d2/camera/20181108_091945/20181108091945_camera_frontcenter_000011008.png,Dashed line;Nature object;RD normal street;Road blocks;Sidebars;Sky;Solid line
20181108_091945,assets/a2d2/camera/20181108_091945/20181108091945_camera_frontcenter_000011597.png,Buildings;Car;Dashed line;Grid structure;Irrelevant signs;Nature object;Poles;RD normal street;Road blocks;Sky;Solid line;Traffic sign;Truck
20181108_091945,assets/a2d2/camera/20181108_091945/20181108091945_camera_frontcenter_000012196.png,Car;Dashed line;Grid structure;Nature object;RD normal street;Road blocks;Sky;Solid line;Truck
20181108_091945,assets/a2d2/camera/20181108_091945/20181108091945_camera_frontcenter_000012819.png,Car;Dashed line;Grid structure;Nature object;RD normal street;Road blocks;Sky;Solid line;Truck
20181108_091945,assets/a2d2/camera/20181108_091945/20181108091945_camera_frontcenter_000013701.png,Car;Dashed line;Irrelevant signs;Nature object;Non-drivable street;Poles;RD normal street;Road blocks;Sky;Solid line
20181108_091945,assets/a2d2/camera/20181108_091945/20181108091945_camera_frontcenter_000014560.png,Car;Dashed line;Nature object;RD normal street;Road blocks;Sky;Solid line
20181108_091945,assets/a2d2/camera/20181108_091945/20181108091945_camera_frontcenter_000015322.png,Car;Dashed line;Grid structure;Nature object;RD normal street;Road blocks;Sky;Solid line;Truck
20181108_091945,assets/a2d2/camera/20181108_091945/20181108091945_camera_frontcenter_000016143.png,Car;Curbstone;Nature object;Non-drivable street;Poles;RD normal street;Road blocks;Sky;Solid line;Truck
20181108_091945,assets/a2d2/camera/20181108_091945/20181108091945_camera_frontcenter_000016993.png,Car;Curbstone;Dashed line;Grid structure;Nature object;RD normal street;Road blocks;Sky;Solid line;Truck
20181108_091945,assets/a2d2/camera/20181108_091945/20181108091945_camera_frontcenter_000017887.png,Buildings;Car;Dashed line;Grid structure;Nature object;Non-drivable street;RD normal street;Road blocks;Sky;Solid line;Traffic sign;Truck
20181108_091945,assets/a2d2/camera/20181108_091945/20181108091945_camera_frontcenter_000018773.png,Dashed line;Grid structure;Nature object;Obstacles / trash;Poles;RD normal street;Road blocks;Sky;Solid line
20181108_091945,assets/a2d2/camera/20181108_091945/20181108091945_camera_frontcenter_000019836.png,Car;Curbstone;Dashed line;Nature object;RD normal street;Road blocks;Sky;Solid line;Truck
20181108_091945,assets/a2d2/camera/20181108_091945/20181108091945_camera_frontcenter_000020748.png,Car;Dashed line;Nature object;Non-drivable street;Poles;RD normal street;Road blocks;Sidebars;Sky;Solid line;Truck
20181108_091945,assets/a2d2/camera/20181108_091945/20181108091945_camera_frontcenter_000021757.png,Curbstone;Dashed line;Nature object;RD normal street;Road blocks;Sidebars;Sky;Solid line;Truck
20181108_091945,assets/a2d2/camera/20181108_091945/20181108091945_camera_frontcenter_000022285.png,Car;Dashed line;Grid structure;Nature object;Non-drivable street;RD normal street;Road blocks;Sky;Solid line;Truck
20181108_091945,assets/a2d2/camera/20181108_091945/20181108091945_camera_frontcenter_000022700.png,Buildings;Car;Dashed line;Grid structure;Irrelevant signs;Nature object;Poles;RD normal street;Road blocks;Sidebars;Sky;Solid line;Truck
20181108_091945,assets/a2d2/camera/20181108_091945/20181108091945_camera_frontcenter_000023564.png,Car;Curbstone;Dashed line;Nature object;RD normal street;Road blocks;Sky;Solid line;Traffic sign;Truck
20181108_091945,assets/a2d2/camera/20181108_091945/20181108091945_camera_frontcenter_000024176.png,Curbstone;Dashed line;Grid structure;Nature object;Poles;RD normal street;Road blocks;Sky;Solid line;Traffic sign
20181108_091945,assets/a2d2/camera/20181108_091945/20181108091945_camera_frontcenter_000024972.png,Car;Curbstone;Dashed line;Nature object;RD normal street;Road blocks;Sidewalk;Sky;Solid line;Truck
20181108_091945,assets/a2d2/camera/20181108_091945/20181108091945_camera_frontcenter_000025802.png,Car;Dashed line;Irrelevant signs;Nature object;RD normal street;Road blocks;Sky;Solid line;Truck
20181108_091945,assets/a2d2/camera/20181108_091945/20181108091945_camera_frontcenter_000026574.png,Car;Dashed line;Grid structure;Irrelevant signs;Nature object;Poles;RD normal street;Road blocks;Sky;Solid line;Truck
20181108_091945,assets/a2d2/camera/20181108_091945/20181108091945_camera_frontcenter_000027333.png,Car;Curbstone;Dashed line;Nature object;RD normal street;Road blocks;Sky;Solid line;Truck
20181108_091945,assets/a2d2/camera/20181108_091945/20181108091945_camera_frontcenter_000028232.png,Car;Curbstone;Dashed line;Grid structure;Nature object;RD normal street;Road blocks;Sky;Solid line;Truck
20181108_091945,assets/a2d2/camera/20181108_091945/20181108091945_camera_frontcenter_000029115.png,Dashed line;Grid structure;Nature object;Non-drivable street;Poles;RD normal street;Road blocks;Sky;Solid line;Traffic sign;Truck
20181108_091945,assets/a2d2/camera/20181108_091945/20181108091945_camera_frontcenter_000030039.png,Nature object;Obstacles / trash;Poles;RD normal street;Road blocks;Sky;Solid line;Truck
20181108_091945,assets/a2d2/camera/20181108_091945/20181108091945_camera_frontcenter_000030802.png,Buildings;Car;Grid structure;Irrelevant signs;Nature object;Poles;RD normal street;RD restricted area;Road blocks;Sidebars;Sky;Solid line;Truck
20181108_091945,assets/a2d2/camera/20181108_091945/20181108091945_camera_frontcenter_000031510.png,Car;Dashed line;Grid structure;Irrelevant signs;Nature object;RD normal street;Road blocks;Sky;Solid line;Truck
20181108_091945,assets/a2d2/camera/20181108_091945/20181108091945_camera_frontcenter_000032194.png,Car;Curbstone;Dashed line;Nature object;Non-drivable street;RD normal street;Road blocks;Sky;Solid line;Truck
20181108_091945,assets/a2d2/camera/20181108_091945/20181108091945_camera_frontcenter_000032861.png,Car;Dashed line;Nature object;RD normal street;Road blocks;Sky;Solid line;Traffic sign;Truck
20181108_091945,assets/a2d2/camera/20181108_091945/20181108091945_camera_frontcenter_000033710.png,Car;Dashed line;Irrelevant signs;Nature object;RD normal street;Road blocks;Sky;Solid line;Truck
20181108_091945,assets/a2d2/camera/20181108_091945/20181108091945_camera_frontcenter_000034380.png,Buildings;Car;Curbstone;Dashed line;Grid structure;Irrelevant signs;Nature object;Non-drivable street;Poles;RD normal street;RD restricted area;Road blocks;Sky;Solid line;Traffic sign;Truck
20181108_091945,assets/a2d2/camera/20181108_091945/20181108091945_camera_frontcenter_000035251.png,Dashed line;Electronic traffic;Grid structure;Nature object;Poles;RD normal street;Road blocks;Sidebars;Sky;Solid line;Traffic sign;Truck
20181108_091945,assets/a2d2/camera/20181108_091945/20181108091945_camera_frontcenter_000035915.png,Car;Curbstone;Dashed line;Nature object;Poles;RD normal street;Road blocks;Sky;Solid line;Truck
20181108_091945,assets/a2d2/camera/20181108_091945/20181108091945_camera_frontcenter_000036764.png,Irrelevant signs;Nature object;Poles;RD normal street;Road blocks;Sidebars;Sky;Solid line;Truck
20181108_091945,assets/a2d2/camera/20181108_091945/20181108091945_camera_frontcenter_000037327.png,Dashed line;Grid structure;Irrelevant signs;Nature object;RD normal street;Road blocks;Sky;Solid line;Truck
20181108_091945,assets/a2d2/camera/20181108_091945/20181108091945_camera_frontcenter_000038088.png,Buildings;Dashed line;Grid structure;Irrelevant signs;Nature object;Poles;RD normal street;Road blocks;Sky;Solid line;Truck
20181108_091945,assets/a2d2/camera/20181108_091945/20181108091945_camera_frontcenter_000038729.png,Buildings;Car;Dashed line;Grid structure;Irrelevant signs;Nature object;RD normal street;Road blocks;Sky;Solid line;Truck
20181108_091945,assets/a2d2/camera/20181108_091945/20181108091945_camera_frontcenter_000039794.png,Buildings;Car;Curbstone;Dashed line;Electronic traffic;Grid structure;Irrelevant signs;Nature object;Non-drivable street;Poles;RD normal street;RD restricted area;Road blocks;Sidebars;Sky;Solid line;Traffic sign;Truck
20181108_091945,assets/a2d2/camera/20181108_091945/20181108091945_camera_frontcenter_000040712.png,Dashed line;Nature object;RD normal street;Road blocks;Sky;Solid line;Traffic sign
20181108_091945,assets/a2d2/camera/20181108_091945/20181108091945_camera_frontcenter_000041302.png,Buildings;Car;Curbstone;Dashed line;Nature object;Non-drivable street;RD normal street;Road blocks;Sky;Solid line;Truck
20181108_091945,assets/a2d2/camera/20181108_091945/20181108091945_camera_frontcenter_000042375.png,Curbstone;Dashed line;Nature object;Poles;RD normal street;Road blocks;Sidebars;Sky;Solid line;Traffic sign
20181108_091945,assets/a2d2/camera/20181108_091945/20181108091945_camera_frontcenter_000043837.png,Buildings;Car;Curbstone;Dashed line;Grid structure;Nature object;Non-drivable street;RD normal street;Road blocks;Sky;Solid line;Truck
20181108_091945,assets/a2d2/camera/20181108_091945/20181108091945_camera_frontcenter_000045232.png,Car;Curbstone;Dashed line;Nature object;RD normal street;Road blocks;Sky;Solid line;Truck
20181108_091945,assets/a2d2/camera/20181108_091945/20181108091945_camera_frontcenter_000046462.png,Car;Curbstone;Dashed line;Nature object;RD normal street;Road blocks;Sky;Solid line;Truck
20181108_091945,assets/a2d2/camera/20181108_091945/20181108091945_camera_frontcenter_000047616.png,Car;Curbstone;Dashed line;Nature object;Non-drivable street;Poles;RD normal street;Road blocks;Sky;Solid line;Truck
20181108_091945,assets/a2d2/camera/20181108_091945/20181108091945_camera_frontcenter_000049537.png,Buildings;Dashed line;Nature object;RD normal street;Road blocks;Sky;Solid line;Truck
20181108_091945,assets/a2d2/camera/20181108_091945/20181108091945_camera_frontcenter_000050761.png,Buildings;Curbstone;Dashed line;Nature object;RD normal street;Road blocks;Sky;Solid line;Truck
20181108_091945,assets/a2d2/camera/20181108_091945/20181108091945_camera_frontcenter_000051558.png,Buildings;Dashed line;Nature object;RD normal street;Road blocks;Sidebars;Sky;Solid line;Traffic sign;Truck
20181108_091945,assets/a2d2/camera/20181108_091945/20181108091945_camera_frontcenter_000053087.png,Dashed line;Irrelevant signs;Nature object;Non-drivable street;RD normal street;Road blocks;Sky;Solid line;Traffic sign;Truck
20181108_091945,assets/a2d2/camera/20181108_091945/20181108091945_camera_frontcenter_000054125.png,Car;Dashed line;Nature object;RD normal street;Road blocks;Sky;Solid line;Truck
20181108_091945,assets/a2d2/camera/20181108_091945/20181108091945_camera_frontcenter_000055559.png,Car;Curbstone;Dashed line;Nature object;Non-drivable street;Poles;RD normal street;Road blocks;Sidebars;Sky;Solid line
20181108_091945,assets/a2d2/camera/20181108_091945/20181108091945_camera_frontcenter_000057012.png,Dashed line;Nature object;RD normal street;Road blocks;Sky;Solid line;Truck
20181108_091945,assets/a2d2/camera/20181108_091945/20181108091945_camera_frontcenter_000058209.png,Buildings;Car;Dashed line;Grid structure;Nature object;Non-drivable street;RD normal street;Road blocks;Sky;Solid line;Truck
20181108_091945,assets/a2d2/camera/20181108_091945/20181108091945_camera_frontcenter_000059631.png,Curbstone;Dashed line;Irrelevant signs;Nature object;Poles;RD normal street;Road blocks;Sky;Solid line;Truck
20181108_091945,assets/a2d2/camera/20181108_091945/20181108091945_camera_frontcenter_000060666.png,Buildings;Car;Dashed line;Nature object;Poles;RD normal street;RD restricted area;Road blocks;Sidebars;Sky;Solid line
20181108_091945,assets/a2d2/camera/20181108_091945/20181108091945_camera_frontcenter_000062185.png,Buildings;Curbstone;Grid structure;Nature object;Poles;RD normal street;Road blocks;Sky;Solid line
20181108_091945,assets/a2d2/camera/20181108_091945/20181108091945_camera_frontcenter_000063399.png,Curbstone;Dashed line;Nature object;Non-drivable street;Poles;RD normal street;Road blocks;Sky;Solid line;Truck
20181108_091945,assets/a2d2/camera/20181108_091945/20181108091945_camera_frontcenter_000064500.png,Grid structure;Nature object;Non-drivable street;RD normal street;Road blocks;Sidebars;Sky;Solid line;Truck
20181108_091945,assets/a2d2/camera/20181108_091945/20181108091945_camera_frontcenter_000065894.png,Dashed line;Grid structure;Nature object;Non-drivable street;RD normal street;Road blocks;Sidebars;Sky;Solid line
20181108_091945,assets/a2d2/camera/20181108_091945/20181108091945_camera_frontcenter_000067251.png,Buildings;Car;Dashed line;Irrelevant signs;Nature object;Obstacles / trash;RD normal street;RD restricted area;Road blocks;Sky;Solid line;Truck
20181108_091945,assets/a2d2/camera/20181108_091945/20181108091945_camera_frontcenter_000068337.png,Curbstone;Dashed line;Nature object;Non-drivable street;Poles;RD normal street;Road blocks;Sky;Solid line;Truck
20181108_091945,assets/a2d2/camera/20181108_091945/20181108091945_camera_frontcenter_000070204.png,Curbstone;Dashed line;Nature object;RD normal street;Road blocks;Sky;Solid line;Truck
20181108_091945,assets/a2d2/camera/20181108_091945/20181108091945_camera_frontcenter_000072655.png,Curbstone;Dashed line;Nature object;RD normal street;Road blocks;Sky;Solid line;Truck
20181108_091945,assets/a2d2/camera/20181108_091945/20181108091945_camera_frontcenter_000074609.png,Buildings;Car;Dashed line;Grid structure;Nature object;Non-drivable street;RD normal street;Road blocks;Sky;Solid line;Truck
20181108_091945,assets/a2d2/camera/20181108_091945/20181108091945_camera_frontcenter_000076395.png,Car;Curbstone;Dashed line;Nature object;RD normal street;Road blocks;Sky;Solid line;Truck
20181108_091945,assets/a2d2/camera/20181108_091945/20181108091945_camera_frontcenter_000077991.png,Car;Nature object;Non-drivable street;Poles;RD normal street;Road blocks;Sidebars;Sky;Solid line;Traffic sign;Truck
20181108_091945,assets/a2d2/camera/20181108_091945/20181108091945_camera_frontcenter_000079439.png,Buildings;Car;Dashed line;Grid structure;Nature object;Non-drivable street;Painted driv. instr.;RD normal street;RD restricted area;Sky;Solid line;Traffic sign
20181108_091945,assets/a2d2/camera/20181108_091945/20181108091945_camera_frontcenter_000080433.png,Buildings;Car;Curbstone;Dashed line;Irrelevant signs;Nature object;Non-drivable street;Poles;RD normal street;Sidewalk;Signal corpus;Sky;Solid line;Traffic sign;Traffic signal;Truck
20181108_091945,assets/a2d2/camera/20181108_091945/20181108091945_camera_frontcenter_000081268.png,Buildings;Car;Curbstone;Dashed line;Drivable cobblestone;Grid structure;Irrelevant signs;Nature object;Obstacles / trash;Poles;RD normal street;Sidewalk;Signal corpus;Sky;Slow drive area;Solid line;Traffic sign;Truck
20181108_091945,assets/a2d2/camera/20181108_091945/20181108091945_camera_frontcenter_000082166.png,Car;Dashed line;Irrelevant signs;Nature object;Poles;RD normal street;Road blocks;Sidewalk;Sky;Solid line;Truck
20181108_091945,assets/a2d2/camera/20181108_091945/20181108091945_camera_frontcenter_000083595.png,Buildings;Car;Dashed line;Drivable cobblestone;Nature object;Poles;RD normal street;Sidewalk;Sky;Solid line;Truck
20181108_091945,assets/a2d2/camera/20181108_091945/20181108091945_camera_frontcenter_000084992.png,Buildings;Car;Curbstone;Drivable cobblestone;Grid structure;Nature object;Non-drivable street;Parking area;Poles;RD normal street;Road blocks;Sidewalk;Sky;Truck
20181108_091945,assets/a2d2/camera/20181108_091945/20181108091945_camera_frontcenter_000086449.png,Car;Dashed line;Drivable cobblestone;Grid structure;Irrelevant signs;Nature object;Non-drivable street;Poles;RD normal street;Sidebars;Sidewalk;Sky;Solid line;Traffic sign
20181108_091945,assets/a2d2/camera/20181108_091945/20181108091945_camera_frontcenter_000088383.png,Dashed line;Grid structure;Irrelevant signs;Nature object;Poles;RD normal street;Sky;Solid line
20181108_103155,assets/a2d2/camera/20181108_103155/20181108103155_camera_frontcenter_000000028.png,Buildings;Dashed line;Nature object;RD normal street;Sidebars;Sky;Solid line;Traffic sign
20181108_103155,assets/a2d2/camera/20181108_103155/20181108103155_camera_frontcenter_000003374.png,Nature object;RD normal street;Sidebars;Sky;Solid line
20181108_103155,assets/a2d2/camera/20181108_103155/20181108103155_camera_frontcenter_000006053.png,Buildings;Curbstone;Drivable cobblestone;Nature object;Poles;RD normal street;Sidebars;Sidewalk;Sky;Solid line
20181108_103155,assets/a2d2/camera/20181108_103155/20181108103155_camera_frontcenter_000008866.png,Buildings;Nature object;RD normal street;Sidebars;Sky;Solid line;Traffic sign
20181108_103155,assets/a2d2/camera/20181108_103155/20181108103155_camera_frontcenter_000011996.png,Buildings;Curbstone;Dashed line;Drivable cobblestone;Grid structure;Nature object;Obstacles / trash;RD normal street;Sidebars;Sidewalk;Sky;Solid line;Traffic sign;Truck;Utility vehicle
20181108_103155,assets/a2d2/camera/20181108_103155/20181108103155_camera_frontcenter_000015050.png,Buildings;Car;Drivable cobblestone;Grid structure;Irrelevant signs;Nature object;Obstacles / trash;Pedestrian;Poles;Sidewalk;Sky;Traffic sign
20181108_103155,assets/a2d2/camera/20181108_103155/20181108103155_camera_frontcenter_000020025.png,Dashed line;Irrelevant signs;Nature object;Poles;RD normal street;Sidebars;Sidewalk;Sky;Solid line
20181108_103155,assets/a2d2/camera/20181108_103155/20181108103155_camera_frontcenter_000023054.png,Dashed line;Drivable cobblestone;Nature object;RD normal street;Sidebars;Sky;Solid line;Traffic sign
20181108_103155,assets/a2d2/camera/20181108_103155/20181108103155_camera_frontcenter_000025847.png,Buildings;Drivable cobblestone;Nature object;Poles;RD normal street;Sky;Solid line
20181108_103155,assets/a2d2/camera/20181108_103155/20181108103155_camera_frontcenter_000028717.png,Buildings;Car;Curbstone;Drivable cobblestone;Grid structure;Nature object;Parking area;RD normal street;Sidewalk;Sky
20181108_103155,assets/a2d2/camera/20181108_103155/20181108103155_camera_frontcenter_000032922.png,Buildings;Nature object;RD normal street;RD restricted area;Sidebars;Sidewalk;Sky;Solid line
20181108_103155,assets/a2d2/camera/20181108_103155/20181108103155_camera_frontcenter_000035758.png,Buildings;Car;Curbstone;Grid structure;Irrelevant signs;Nature object;Obstacles / trash;Poles;RD normal street;Sidewalk;Sky;Solid line
20181108_103155,assets/a2d2/camera/20181108_103155/20181108103155_camera_frontcenter_000038870.png,Buildings;Car;Curbstone;Drivable cobblestone;Irrelevant signs;Nature object;Obstacles / trash;Pedestrian;Poles;RD normal street;Sidewalk;Sky;Traffic sign
20181108_103155,assets/a2d2/camera/20181108_103155/20181108103155_camera_frontcenter_000041826.png,Car;Dashed line;Drivable cobblestone;Irrelevant signs;Nature object;Poles;RD normal street;Road blocks;Sidebars;Sky;Solid line
20181108_103155,assets/a2d2/camera/20181108_103155/20181108103155_camera_frontcenter_000042954.png,Car;Nature object;RD normal street;Road blocks;Sidebars;Sky;Solid line
20181108_103155,assets/a2d2/camera/20181108_103155/20181108103155_camera_frontcenter_000044235.png,Buildings;Car;Dashed line;Drivable cobblestone;Grid structure;Nature object;Obstacles / trash;RD normal street;Sidebars;Sky;Solid line
20181108_103155,assets/a2d2/camera/20181108_103155/20181108103155_camera_frontcenter_000045667.png,Buildings;Car;Curbstone;Dashed line;Grid structure;Irrelevant signs;Nature object;Non-drivable street;Poles;RD normal street;RD restricted area;Sidewalk;Sky;Solid line;Traffic sign;Truck
20181108_103155,assets/a2d2/camera/20181108_103155/20181108103155_camera_frontcenter_000046644.png,Buildings;Car;Curbstone;Dashed line;Drivable cobblestone;Grid structure;Irrelevant signs;Nature object;Non-drivable street;Poles;RD normal street;Sidewalk;Sky;Solid line;Traffic sign
20181108_103155,assets/a2d2/camera/20181108_103155/20181108103155_camera_frontcenter_000047625.png,Buildings;Car;Curbstone;Dashed line;Drivable cobblestone;Grid structure;Irrelevant signs;Nature object;Obstacles / trash;Pedestrian;Poles;RD normal street;Sidewalk;Signal corpus;Sky;Solid line;Traffic sign;Traffic signal
20181108_103155,assets/a2d2/camera/20181108_103155/20181108103155_camera_frontcenter_000048688.png,Car;Curbstone;Dashed line;Grid structure;Irrelevant signs;Nature object;Painted driv. instr.;Poles;RD normal street;Sidewalk;Signal corpus;Sky;Solid line;Traffic sign
20181108_103155,assets/a2d2/camera/20181108_103155/20181108103155_camera_frontcenter_000049609.png,Buildings;Car;Curbstone;Dashed line;Grid structure;Nature object;Poles;RD normal street;Sidewalk;Signal corpus;Sky
20181108_103155,assets/a2d2/camera/20181108_103155/20181108103155_camera_frontcenter_000050659.png,Buildings;Car;Curbstone;Dashed line;Drivable cobblestone;Irrelevant signs;Nature object;Non-drivable street;Obstacles / trash;Pedestrian;Poles;RD normal street;Sidewalk;Signal corpus;Sky;Solid line;Traffic guide obj.;Traffic sign
20181108_103155,assets/a2d2/camera/20181108_103155/20181108103155_camera_frontcenter_000051928.png,Buildings;Car;Curbstone;Dashed line;Drivable cobblestone;Grid structure;Nature object;Poles;RD normal street;Road blocks;Signal corpus;Sky;Solid line
20181108_103155,assets/a2d2/camera/20181108_103155/20181108103155_camera_frontcenter_000053012.png,Car;Curbstone;Dashed line;Drivable cobblestone;Irrelevant signs;Nature object;Poles;RD normal street;Sidebars;Sky;Solid line;Traffic sign;Truck
20181108_103155,assets/a2d2/camera/20181108_103155/20181108103155_camera_frontcenter_000054149.png,Car;Curbstone;Dashed line;Drivable cobblestone;Nature object;RD normal street;Road blocks;Sidebars;Sky;Solid line;Truck
20181108_103155,assets/a2d2/camera/20181108_103155/20181108103155_camera_frontcenter_000054755.png,Car;Dashed line;Nature object;RD normal street;Sidebars;Sky;Solid line;Truck
20181108_103155,assets/a2d2/camera/20181108_103155/20181108103155_camera_frontcenter_000055576.png,Car;Dashed line;Nature object;RD normal street;Sidebars;Sky;Solid line;Truck
20181108_103155,assets/a2d2/camera/20181108_103155/20181108103155_camera_frontcenter_000056782.png,Car;Dashed line;Nature object;RD normal street;Sidebars;Sky;Solid line;Truck
20181108_103155,assets/a2d2/camera/20181108_103155/20181108103155_camera_frontcenter_000057867.png,Car;Dashed line;Nature object;Poles;RD normal street;Road blocks;Sidebars;Sky;Solid line;Traffic sign;Truck
20181108_103155,assets/a2d2/camera/20181108_103155/20181108103155_camera_frontcenter_000059477.png,Buildings;Curbstone;Dashed line;Drivable cobblestone;Grid structure;Nature object;Obstacles / trash;RD normal street;Sidebars;Sky;Solid line;Truck
20181108_103155,assets/a2d2/camera/20181108_103155/20181108103155_camera_frontcenter_000061289.png,Buildings;Curbstone;Grid structure;Nature object;RD normal street;Sidebars;Sidewalk;Sky;Solid line;Truck
20181108_103155,assets/a2d2/camera/20181108_103155/20181108103155_camera_frontcenter_000062417.png,Buildings;Dashed line;Nature object;RD normal street;Sky;Solid line;Truck
20181108_103155,assets/a2d2/camera/20181108_103155/20181108103155_camera_frontcenter_000063474.png,Buildings;Dashed line;Grid structure;Irrelevant signs;Nature object;Poles;RD normal street;Road blocks;Sidebars;Sky;Solid line;Traffic sign;Truck
20181108_103155,assets/a2d2/camera/20181108_103155/20181108103155_camera_frontcenter_000064361.png,Dashed line;Nature object;RD normal street;Sidebars;Sky;Solid line
20181108_103155,assets/a2d2/camera/20181108_103155/20181108103155_camera_frontcenter_000065578.png,Dashed line;Nature object;RD normal street;Sidebars;Sky;Solid line
20181108_103155,assets/a2d2/camera/20181108_103155/20181108103155_camera_frontcenter_000066422.png,Dashed line;Nature object;Poles;RD normal street;Sidebars;Sky;Solid line;Traffic sign
20181108_103155,assets/a2d2/camera/20181108_103155/20181108103155_camera_frontcenter_000067271.png,Curbstone;Dashed line;Drivable cobblestone;Nature object;RD normal street;Sidebars;Sky;Solid line
20181108_103155,assets/a2d2/camera/20181108_103155/20181108103155_camera_frontcenter_000068421.png,Buildings;Dashed line;Nature object;RD normal street;Sidebars;Sky;Solid line;Traffic sign
20181108_103155,assets/a2d2/camera/20181108_103155/20181108103155_camera_frontcenter_000069223.png,Buildings;Dashed line;Grid structure;Nature object;Obstacles / trash;Poles;RD normal street;Sky;Solid line
20181108_103155,assets/a2d2/camera/20181108_103155/20181108103155_camera_frontcenter_000069955.png,Buildings;Curbstone;Dashed line;Drivable cobblestone;Grid structure;Nature object;Non-drivable street;Poles;RD normal street;Sidewalk;Sky
20181108_103155,assets/a2d2/camera/20181108_103155/20181108103155_camera_frontcenter_000071019.png,Buildings;Curbstone;Dashed line;Drivable cobblestone;Grid structure;Irrelevant signs;Nature object;Obstacles / trash;Poles;RD normal street;Sidewalk;Sky;Solid line
20181108_103155,assets/a2d2/camera/20181108_103155/20181108103155_camera_frontcenter_000072143.png,Curbstone;Dashed line;Drivable cobblestone;Grid structure;Nature object;RD normal street;Sky;Solid line
20181108_103155,assets/a2d2/camera/20181108_103155/20181108103155_camera_frontcenter_000073023.png,Dashed line;Grid structure;Nature object;RD normal street;Sidebars;Sidewalk;Sky;Solid line
20181108_103155,assets/a2d2/camera/20181108_103155/20181108103155_camera_frontcenter_000074282.png,Buildings;Curbstone;Dashed line;Drivable cobblestone;Grid structure;Nature object;Obstacles / trash;Poles;RD normal street;Sidewalk;Sky;Traffic sign
20181108_103155,assets/a2d2/camera/20181108_103155/20181108103155_camera_frontcenter_000075554.png,Buildings;Curbstone;Dashed line;Drivable cobblestone;Nature object;Poles;RD normal street;Sidebars;Sidewalk;Sky;Solid line
20181108_103155,assets/a2d2/camera/20181108_103155/20181108103155_camera_frontcenter_000076543.png,Buildings;Curbstone;Dashed line;Drivable cobblestone;Grid structure;Irrelevant signs;Nature object;Obstacles / trash;Poles;RD normal street;Sidewalk;Signal corpus;Sky
20181108_103155,assets/a2d2/camera/20181108_103155/20181108103155_camera_frontcenter_000077773.png,Buildings;Car;Curbstone;Dashed line;Drivable cobblestone;Grid structure;Nature object;Obstacles / trash;Parking area;Poles;RD normal street;Sidewalk;Signal corpus;Sky
20181108_103155,assets/a2d2/camera/20181108_103155/20181108103155_camera_frontcenter_000078746.png,Car;Curbstone;Drivable cobblestone;Grid structure;Irrelevant signs;Nature object;Poles;RD normal street;RD restricted area;Sidewalk;Sky;Solid line
20181108_103155,assets/a2d2/camera/20181108_103155/20181108103155_camera_frontcenter_000080000.png,Buildings;Car;Dashed line;Grid structure;Nature object;Obstacles / trash;Poles;RD normal street;Sidebars;Sidewalk;Sky;Solid line
20181108_103155,assets/a2d2/camera/20181108_103155/20181108103155_camera_frontcenter_000080894.png,Buildings;Car;Curbstone;Dashed line;Drivable cobblestone;Grid structure;Nature object;Obstacles / trash;Parking area;Pedestrian;Poles;RD normal street;Sidewalk;Sky;Slow drive area;Truck
20181108_103155,assets/a2d2/camera/20181108_103155/20181108103155_camera_frontcenter_000081867.png,Buildings;Car;Curbstone;Dashed line;Drivable cobblestone;Grid structure;Irrelevant signs;Nature object;Poles;RD normal street;Sidewalk;Sky;Solid line;Truck
20181108_103155,assets/a2d2/camera/20181108_103155/20181108103155_camera_frontcenter_000083295.png,Buildings;Car;Dashed line;Grid structure;Irrelevant signs;Nature object;Obstacles / trash;Poles;RD normal street;Sidewalk;Sky;Solid line
20181108_103155,assets/a2d2/camera/20181108_103155/20181108103155_camera_frontcenter_000084566.png,Car;Dashed line;Irrelevant signs;Nature object;RD normal street;RD restricted area;Sidebars;Sidewalk;Sky;Solid line
20181108_103155,assets/a2d2/camera/20181108_103155/20181108103155_camera_frontcenter_000085539.png,Car;Curbstone;Dashed line;Grid structure;Nature object;Non-drivable street;Poles;RD normal street;Road blocks;Sky;Solid line
20181108_103155,assets/a2d2/camera/20181108_103155/20181108103155_camera_frontcenter_000086680.png,Buildings;Car;Curbstone;Dashed line;Drivable cobblestone;Grid structure;Nature object;RD normal street;Road blocks;Sidebars;Sky;Solid line;Traffic sign
20181108_103155,assets/a2d2/camera/20181108_103155/20181108103155_camera_frontcenter_000087625.png,Dashed line;Grid structure;Nature object;RD normal street;Sky;Solid line
20181108_103155,assets/a2d2/camera/20181108_103155/20181108103155_camera_frontcenter_000089058.png,Car;Dashed line;Grid structure;Nature object;RD normal street;Sidebars;Sky;Solid line
20181108_103155,assets/a2d2/camera/20181108_103155/20181108103155_camera_frontcenter_000090117.png,Buildings;Car;Dashed line;Grid structure;Irrelevant signs;Nature object;Parking area;Poles;RD normal street;Sidewalk;Sky;Slow drive area;Solid line
20181108_103155,assets/a2d2/camera/20181108_103155/20181108103155_camera_frontcenter_000093130.png,Car;Grid structure;Irrelevant signs;Nature object;Obstacles / trash;Poles;RD normal street;Sidebars;Sidewalk;Sky;Solid line;Truck
20181108_103155,assets/a2d2/camera/20181108_103155/20181108103155_camera_frontcenter_000095904.png,Dashed line;Grid structure;Nature object;RD normal street;Sidebars;Sky;Solid line;Truck
20181108_103155,assets/a2d2/camera/20181108_103155/20181108103155_camera_frontcenter_000099744.png,Dashed line;Grid structure;Nature object;Poles;RD normal street;Sidewalk;Sky;Solid line
20181108_103155,assets/a2d2/camera/20181108_103155/20181108103155_camera_frontcenter_000103278.png,Curbstone;Drivable cobblestone;Grid structure;Irrelevant signs;Nature object;Non-drivable street;Poles;RD normal street;RD restricted area;Road blocks;Sidebars;Sky;Solid line;Traffic sign
20181108_103155,assets/a2d2/camera/20181108_103155/20181108103155_camera_frontcenter_000105959.png,Buildings;Car;Curbstone;Dashed line;Drivable cobblestone;Grid structure;Irrelevant signs;Nature object;Obstacles / trash;Poles;RD normal street;RD restricted area;Sidewalk;Sky;Solid line
20181108_103155,assets/a2d2/camera/20181108_103155/20181108103155_camera_frontcenter_000108493.png,Buildings;Curbstone;Drivable cobblestone;Grid structure;Irrelevant signs;Nature object;Obstacles / trash;Poles;RD normal street;Sidewalk;Signal corpus;Sky
20181108_103155,assets/a2d2/camera/20181108_103155/20181108103155_camera_frontcenter_000111539.png,Car;Dashed line;Nature object;Poles;RD normal street;Road blocks;Sky;Solid line
20181108_103155,assets/a2d2/camera/20181108_103155/20181108103155_camera_frontcenter_000114464.png,Buildings;Car;Curbstone;Drivable cobblestone;Grid structure;Nature object;Obstacles / trash;Poles;RD normal street;Sidewalk;Sky;Traffic sign
20181108_103155,assets/a2d2/camera/20181108_103155/20181108103155_camera_frontcenter_000117394.png,Dashed line;Nature object;RD normal street;Sidewalk;Sky;Solid line
20181108_103155,assets/a2d2/camera/20181108_103155/20181108103155_camera_frontcenter_000119916.png,Nature object;RD normal street;Sidebars;Sky;Solid line
20181108_103155,assets/a2d2/camera/20181108_103155/20181108103155_camera_frontcenter_000122667.png,Buildings;Car;Dashed line;Drivable cobblestone;Grid structure;Nature object;RD normal street;Sidebars;Sky;Solid line
20181108_103155,assets/a2d2/camera/20181108_103155/20181108103155_camera_frontcenter_000125340.png,Car;Dashed line;Nature object;RD normal street;Sidebars;Sky;Solid line
20181108_103155,assets/a2d2/camera/20181108_103155/20181108103155_camera_frontcenter_000128190.png,Car;Dashed line;Drivable cobblestone;Nature object;RD normal street;Road blocks;Sidebars;Sky;Solid line
20181108_103155,assets/a2d2/camera/20181108_103155/20181108103155_camera_frontcenter_000131109.png,Buildings;Car;Dashed line;Grid structure;Nature object;RD normal street;RD restricted area;Road blocks;Sidebars;Sky;Solid line;Traffic sign;Truck
20181108_103155,assets/a2d2/camera/20181108_103155/20181108103155_camera_frontcenter_000133723.png,Buildings;Car;Curbstone;Dashed line;Drivable cobblestone;Grid structure;Irrelevant signs;Nature object;Poles;RD normal street;Sidewalk;Sky;Slow drive area;Solid line;Traffic sign
20181108_103155,assets/a2d2/camera/20181108_103155/20181108103155_camera_frontcenter_000136073.png,Buildings;Car;Curbstone;Dashed line;Drivable cobblestone;Grid structure;Irrelevant signs;Nature object;Obstacles / trash;Parking area;Poles;RD normal street;Sidewalk;Signal corpus;Sky;Traffic sign;Traffic signal;Truck
20181108_103155,assets/a2d2/camera/20181108_103155/20181108103155_camera_frontcenter_000139422.png,Car;Dashed line;Nature object;Poles;RD normal street;Road blocks;Sky;Solid line
20181108_103155,assets/a2d2/camera/20181108_103155/20181108103155_camera_frontcenter_000141605.png,Car;Drivable cobblestone;Nature object;RD normal street;Sky;Solid line
20181108_103155,assets/a2d2/camera/20181108_103155/20181108103155_camera_frontcenter_000144720.png,Curbstone;Dashed line;Nature object;RD normal street;Road blocks;Sky;Solid line
20181108_103155,assets/a2d2/camera/20181108_103155/20181108103155_camera_frontcenter_000148147.png,Dashed line;Nature object;Poles;RD normal street;Road blocks;Sky;Solid line
20181108_103155,assets/a2d2/camera/20181108_103155/20181108103155_camera_frontcenter_000152560.png,Buildings;Curbstone;Dashed line;Drivable cobblestone;Grid structure;Irrelevant signs;Nature object;Painted driv. instr.;Poles;RD normal street;Sidewalk;Signal corpus;Sky;Solid line;Traffic sign
20181108_103155,assets/a2d2/camera/20181108_103155/20181108103155_camera_frontcenter_000155130.png,Buildings;Drivable cobblestone;Nature object;RD normal street;Sidebars;Sky;Solid line
20181108_103155,assets/a2d2/camera/20181108_103155/20181108103155_camera_frontcenter_000160434.png,Buildings;Curbstone;Drivable cobblestone;Grid structure;Irrelevant signs;Nature object;Obstacles / trash;Poles;RD normal street;Sidewalk;Signal corpus;Sky
20181108_103155,assets/a2d2/camera/20181108_103155/20181108103155_camera_frontcenter_000163162.png,Buildings;Drivable cobblestone;Nature object;Obstacles / trash;Poles;RD normal street;Sidewalk;Sky;Solid line
20181108_103155,assets/a2d2/camera/20181108_103155/20181108103155_camera_frontcenter_000165805.png,Buildings;Car;Curbstone;Drivable cobblestone;Grid structure;Nature object;Obstacles / trash;Poles;RD normal street;Sidebars;Sidewalk;Sky;Solid line;Traffic sign
20181108_103155,assets/a2d2/camera/20181108_103155/20181108103155_camera_frontcenter_000169394.png,Buildings;Dashed line;Grid structure;Nature object;RD normal street;Sky
20181108_103155,assets/a2d2/camera/20181108_103155/20181108103155_camera_frontcenter_000172999.png,Curbstone;Dashed line;Drivable cobblestone;Grid structure;Nature object;Obstacles / trash;RD normal street;Road blocks;Sidebars;Sky;Solid line;Traffic sign
20181108_103155,assets/a2d2/camera/20181108_103155/20181108103155_camera_frontcenter_000176096.png,Buildings;Car;Curbstone;Dashed line;Drivable cobblestone;Grid structure;Irrelevant signs;Nature object;Poles;RD normal street;Sidewalk;Sky
20181108_123750,assets/a2d2/camera/20181108_123750/20181108123750_camera_frontcenter_000002037.png,Dashed line;Nature object;RD normal street;Road blocks;Sky;Solid line
20181108_123750,assets/a2d2/camera/20181108_123750/20181108123750_camera_frontcenter_000003642.png,Dashed line;Nature object;Poles;RD normal street;Road blocks;Sidebars;Sky;Solid line;Traffic sign
20181108_123750,assets/a2d2/camera/20181108_123750/20181108123750_camera_frontcenter_000004862.png,Curbstone;Dashed line;Drivable cobblestone;Nature object;RD normal street;Sidebars;Sky;Solid line
20181108_123750,assets/a2d2/camera/20181108_123750/20181108123750_camera_frontcenter_000006097.png,Dashed line;Drivable cobblestone;Nature object;RD normal street;Sky;Solid line
20181108_123750,assets/a2d2/camera/20181108_123750/20181108123750_camera_frontcenter_000007390.png,Buildings;Dashed line;Drivable cobblestone;Nature object;Obstacles / trash;Poles;RD normal street;Sidebars;Sky;Solid line;Traffic sign
20181108_123750,assets/a2d2/camera/20181108_123750/20181108123750_camera_frontcenter_000008427.png,Buildings;Curbstone;Drivable cobblestone;Nature object;RD normal street;Sidewalk;Sky;Truck
20181108_123750,assets/a2d2/camera/20181108_123750/20181108123750_camera_frontcenter_000009604.png,Dashed line;Nature object;RD normal street;Sidebars;Sky;Solid line
20181108_123750,assets/a2d2/camera/20181108_123750/20181108123750_camera_frontcenter_000011045.png,Buildings;Dashed line;Nature object;RD normal street;Sidewalk;Sky;Solid line
20181108_123750,assets/a2d2/camera/20181108_123750/20181108123750_camera_frontcenter_000011938.png,Buildings;Curbstone;Drivable cobblestone;Grid structure;Nature object;Obstacles / trash;RD normal street;Sky;Solid line
20181108_123750,assets/a2d2/camera/20181108_123750/20181108123750_camera_frontcenter_000012927.png,Buildings;Car;Curbstone;Drivable cobblestone;Grid structure;Nature object;Poles;RD normal street;Sidewalk;Sky
20181108_123750,assets/a2d2/camera/20181108_123750/20181108123750_camera_frontcenter_000014091.png,Dashed line;Nature object;RD normal street;Sky;Solid line
20181108_123750,assets/a2d2/camera/20181108_123750/20181108123750_camera_frontcenter_000016030.png,Curbstone;Drivable cobblestone;Grid structure;Nature object;RD normal street;Road blocks;Sidebars;Sky;Solid line
20181108_123750,assets/a2d2/camera/20181108_123750/20181108123750_camera_frontcenter_000017312.png,Buildings;Car;Irrelevant signs;Nature object;Poles;RD normal street;Road blocks;Sidewalk;Sky;Solid line
20181108_123750,assets/a2d2/camera/20181108_123750/20181108123750_camera_frontcenter_000018345.png,Dashed line;Nature object;Poles;RD normal street;Sidebars;Sidewalk;Sky;Solid line;Traffic sign
20181108_123750,assets/a2d2/camera/20181108_123750/20181108123750_camera_frontcenter_000020623.png,Buildings;Curbstone;Drivable cobblestone;Irrelevant signs;Nature object;Obstacles / trash;Poles;RD normal street;Signal corpus;Sky
20181108_123750,assets/a2d2/camera/20181108_123750/20181108123750_camera_frontcenter_000022075.png,Buildings;Dashed line;Nature object;Obstacles / trash;RD normal street;Sidebars;Sidewalk;Sky;Solid line
20181108_123750,assets/a2d2/camera/20181108_123750/20181108123750_camera_frontcenter_000022781.png,Buildings;Curbstone;Drivable cobblestone;Grid structure;Nature object;Obstacles / trash;Poles;RD normal street;Sidewalk;Sky
20181108_123750,assets/a2d2/camera/20181108_123750/20181108123750_camera_frontcenter_000024153.png,Dashed line;Nature object;RD normal street;Sidebars;Sky;Solid line
20181108_123750,assets/a2d2/camera/20181108_123750/20181108123750_camera_frontcenter_000025634.png,Buildings;Curbstone;Drivable cobblestone;Grid structure;Nature object;Non-drivable street;Obstacles / trash;Poles;RD normal street;Sidewalk;Sky;Traffic sign;Truck
20181108_123750,assets/a2d2/camera/20181108_123750/20181108123750_camera_frontcenter_000026826.png,Nature object;Poles;RD normal street;Sidebars;Sky;Solid line
20181108_123750,assets/a2d2/camera/20181108_123750/20181108123750_camera_frontcenter_000027811.png,Nature object;RD normal street;Sidebars;Sky;Solid line
20181108_123750,assets/a2d2/camera/20181108_123750/20181108123750_camera_frontcenter_000029019.png,Buildings;Nature object;Poles;RD normal street;Road blocks;Sidebars;Sky;Solid line
20181108_123750,assets/a2d2/camera/20181108_123750/20181108123750_camera_frontcenter_000030455.png,Dashed line;Nature object;RD normal street;Sidebars;Sky;Solid line
20181108_123750,assets/a2d2/camera/20181108_123750/20181108123750_camera_frontcenter_000032408.png,Buildings;Car;Curbstone;Dashed line;Drivable cobblestone;Nature object;RD normal street;Sky;Solid line
20181108_123750,assets/a2d2/camera/20181108_123750/20181108123750_camera_frontcenter_000034852.png,Buildings;Curbstone;Dashed line;Drivable cobblestone;Grid structure;Nature object;Non-drivable street;RD normal street;RD restricted area;Road blocks;Sidebars;Sidewalk;Sky;Small vehicles;Solid line;Traffic sign
20181108_123750,assets/a2d2/camera/20181108_123750/20181108123750_camera_frontcenter_000036177.png,Dashed line;Irrelevant signs;Nature object;Non-drivable street;RD normal street;Road blocks;Sky;Solid line;Truck
20181108_123750,assets/a2d2/camera/20181108_123750/20181108123750_camera_frontcenter_000037334.png,Dashed line;Irrelevant signs;Nature object;RD normal street;Road blocks;Sky;Solid line;Traffic sign;Truck
20181108_123750,assets/a2d2/camera/20181108_123750/20181108123750_camera_frontcenter_000038858.png,Dashed line;Nature object;RD normal street;Road blocks;Sky;Solid line;Truck
20181108_123750,assets/a2d2/camera/20181108_123750/20181108123750_camera_frontcenter_000040209.png,Car;Dashed line;Grid structure;Nature object;RD normal street;Road blocks;Sky;Solid line;Truck
20181108_123750,assets/a2d2/camera/20181108_123750/20181108123750_camera_frontcenter_000041091.png,Curbstone;Dashed line;Nature object;Non-drivable street;Poles;RD normal street;Road blocks;Sky;Solid line;Truck
20181108_123750,assets/a2d2/camera/20181108_123750/20181108123750_camera_frontcenter_000042255.png,Car;Dashed line;Nature object;RD normal street;Sky;Solid line;Truck
20181108_123750,assets/a2d2/camera/20181108_123750/20181108123750_camera_frontcenter_000043114.png,Buildings;Car;Dashed line;Nature object;RD normal street;Sky;Solid line;Truck
20181108_123750,assets/a2d2/camera/20181108_123750/20181108123750_camera_frontcenter_000043879.png,Dashed line;Nature object;RD normal street;Sidebars;Sky;Solid line;Truck
20181108_123750,assets/a2d2/camera/20181108_123750/20181108123750_camera_frontcenter_000044421.png,Car;Dashed line;Nature object;RD normal street;Road blocks;Sky;Solid line;Truck
20181108_123750,assets/a2d2/camera/20181108_123750/20181108123750_camera_frontcenter_000044855.png,Car;Dashed line;Irrelevant signs;Nature object;Poles;RD normal street;Road blocks;Sky;Solid line;Truck
20181108_123750,assets/a2d2/camera/20181108_123750/20181108123750_camera_frontcenter_000045341.png,Dashed line;Irrelevant signs;Nature object;Poles;RD normal street;Road blocks;Sky;Solid line;Truck
20181108_123750,assets/a2d2/camera/20181108_123750/20181108123750_camera_frontcenter_000046339.png,Buildings;Car;Curbstone;Dashed line;Nature object;RD normal street;Road blocks;Sky;Solid line;Truck
20181108_123750,assets/a2d2/camera/20181108_123750/20181108123750_camera_frontcenter_000046891.png,Car;Curbstone;Dashed line;Nature object;RD normal street;Road blocks;Sidebars;Sky;Solid line;Traffic sign;Truck
20181108_123750,assets/a2d2/camera/20181108_123750/20181108123750_camera_frontcenter_000047595.png,Buildings;Car;Curbstone;Dashed line;Irrelevant signs;Nature object;RD normal street;Road blocks;Sky;Solid line;Truck
20181108_123750,assets/a2d2/camera/20181108_123750/20181108123750_camera_frontcenter_000048222.png,Car;Dashed line;Nature object;RD normal street;Road blocks;Sky;Solid line;Traffic sign;Truck
20181108_123750,assets/a2d2/camera/20181108_123750/20181108123750_camera_frontcenter_000048753.png,Buildings;Car;Dashed line;Nature object;RD normal street;Road blocks;Sky;Solid line;Truck
20181108_123750,assets/a2d2/camera/20181108_123750/20181108123750_camera_frontcenter_000049282.png,Buildings;Car;Dashed line;Nature object;RD normal street;Road blocks;Sky;Solid line;Truck
20181108_123750,assets/a2d2/camera/20181108_123750/20181108123750_camera_frontcenter_000049909.png,Buildings;Car;Curbstone;Dashed line;Irrelevant signs;Nature object;RD normal street;Road blocks;Sky;Solid line;Truck
20181108_123750,assets/a2d2/camera/20181108_123750/20181108123750_camera_frontcenter_000050499.png,Buildings;Car;Curbstone;Dashed line;Nature object;Non-drivable street;RD normal street;Road blocks;Sky;Solid line;Truck
20181108_123750,assets/a2d2/camera/20181108_123750/20181108123750_camera_frontcenter_000051329.png,Buildings;Car;Curbstone;Dashed line;Nature object;RD normal street;Road blocks;Sky;Solid line;Truck
20181108_123750,assets/a2d2/camera/20181108_123750/20181108123750_camera_frontcenter_000052083.png,Car;Dashed line;Nature object;RD normal street;Road blocks;Sky;Solid line;Truck
20181108_123750,assets/a2d2/camera/20181108_123750/20181108123750_camera_frontcenter_000052587.png,Buildings;Car;Dashed line;Grid structure;Irrelevant signs;Nature object;Poles;RD normal street;Road blocks;Sky;Solid line;Truck
20181108_123750,assets/a2d2/camera/20181108_123750/20181108123750_camera_frontcenter_000053292.png,Dashed line;Nature object;RD normal street;Road blocks;Sky;Solid line;Truck
20181108_123750,assets/a2d2/camera/20181108_123750/20181108123750_camera_frontcenter_000054018.png,Car;Dashed line;Nature object;Non-drivable street;Poles;RD normal street;Road blocks;Sky;Solid line;Truck
20181108_123750,assets/a2d2/camera/20181108_123750/20181108123750_camera_frontcenter_000054892.png,Car;Dashed line;Irrelevant signs;Nature object;Non-drivable street;Poles;RD normal street;Road blocks;Sky;Solid line
20181108_123750,assets/a2d2/camera/20181108_123750/20181108123750_camera_frontcenter_000055559.png,Car;Dashed line;Nature object;Non-drivable street;RD normal street;Road blocks;Sky;Solid line;Truck
20181108_123750,assets/a2d2/camera/20181108_123750/20181108123750_camera_frontcenter_000056332.png,Car;Dashed line;Nature object;Non-drivable street;RD normal street;Road blocks;Sky;Solid line;Traffic sign
20181108_123750,assets/a2d2/camera/20181108_123750/20181108123750_camera_frontcenter_000057091.png,Car;Curbstone;Dashed line;Nature object;Non-drivable street;RD normal street;Road blocks;Sky;Solid line;Truck
20181108_123750,assets/a2d2/camera/20181108_123750/20181108123750_camera_frontcenter_000057659.png,Buildings;Car;Curbstone;Dashed line;Nature object;Non-drivable street;RD normal street;Road blocks;Sky;Solid line;Truck;Utility vehicle
20181108_123750,assets/a2d2/camera/20181108_123750/20181108123750_camera_frontcenter_000058338.png,Car;Dashed line;Nature object;Non-drivable street;RD normal street;Road blocks;Sky;Solid line;Truck
20181108_123750,assets/a2d2/camera/20181108_123750/20181108123750_camera_frontcenter_000059001.png,Buildings;Car;Dashed line;Nature object;Non-drivable street;RD normal street;Road blocks;Sky;Solid line;Truck
20181108_123750,assets/a2d2/camera/20181108_123750/20181108123750_camera_frontcenter_000059842.png,Car;Curbstone;Dashed line;Nature object;RD normal street;Road blocks;Sky;Solid line;Truck
20181108_123750,assets/a2d2/camera/20181108_123750/20181108123750_camera_frontcenter_000060490.png,Car;Curbstone;Dashed line;Nature object;RD normal street;Road blocks;Sky;Solid line
20181108_123750,assets/a2d2/camera/20181108_123750/20181108123750_camera_frontcenter_000061081.png,Buildings;Car;Curbstone;Dashed line;Nature object;Poles;RD normal street;Road blocks;Sky;Solid line;Traffic sign;Truck
20181108_123750,assets/a2d2/camera/20181108_123750/20181108123750_camera_frontcenter_000061923.png,Car;Dashed line;Nature object;Non-drivable street;RD normal street;Road blocks;Sidebars;Sky;Solid line;Truck
20181108_123750,assets/a2d2/camera/20181108_123750/20181108123750_camera_frontcenter_000062822.png,Car;Dashed line;Nature object;RD normal street;Road blocks;Sky;Solid line;Truck
20181108_123750,assets/a2d2/camera/20181108_123750/20181108123750_camera_frontcenter_000063381.png,Buildings;Car;Curbstone;Dashed line;Grid structure;Irrelevant signs;Nature object;Poles;RD normal street;Road blocks;Sky;Solid line;Traffic sign;Truck
20181108_123750,assets/a2d2/camera/20181108_123750/20181108123750_camera_frontcenter_000064408.png,Buildings;Car;Curbstone;Dashed line;Grid structure;Irrelevant signs;Nature object;RD normal street;Road blocks;Sky;Solid line;Truck
20181108_123750,assets/a2d2/camera/20181108_123750/20181108123750_camera_frontcenter_000065077.png,Buildings;Car;Curbstone;Dashed line;Grid structure;Irrelevant signs;Nature object;Poles;RD normal street;Road blocks;Sky;Solid line;Truck;Utility vehicle
20181108_123750,assets/a2d2/camera/20181108_123750/20181108123750_camera_frontcenter_000065650.png,Buildings;Car;Dashed line;Grid structure;Irrelevant signs;Nature object;Poles;RD normal street;Road blocks;Sky;Solid line;Truck
20181108_123750,assets/a2d2/camera/20181108_123750/20181108123750_camera_frontcenter_000066175.png,Dashed line;Nature object;Non-drivable street;RD normal street;Road blocks;Sky;Solid line;Truck
20181108_123750,assets/a2d2/camera/20181108_123750/20181108123750_camera_frontcenter_000066616.png,Buildings;Car;Dashed line;Nature object;RD normal street;Road blocks;Sky;Solid line;Traffic sign;Truck
20181108_123750,assets/a2d2/camera/20181108_123750/20181108123750_camera_frontcenter_000067269.png,Buildings;Car;Dashed line;Grid structure;Irrelevant signs;Nature object;Poles;RD normal street;Road blocks;Sidebars;Sky;Solid line;Traffic sign;Truck
20181108_123750,assets/a2d2/camera/20181108_123750/20181108123750_camera_frontcenter_000067877.png,Car;Curbstone;Dashed line;Grid structure;Nature object;Poles;RD normal street;Road blocks;Sky;Solid line;Traffic sign;Truck
20181108_123750,assets/a2d2/camera/20181108_123750/20181108123750_camera_frontcenter_000068718.png,Buildings;Car;Dashed line;Nature object;Non-drivable street;RD normal street;Road blocks;Sky;Solid line;Traffic sign;Truck
20181108_123750,assets/a2d2/camera/20181108_123750/20181108123750_camera_frontcenter_000069323.png,Buildings;Car;Dashed line;Grid structure;Irrelevant signs;Nature object;Non-drivable street;Poles;RD normal street;RD restricted area;Road blocks;Sidebars;Sky;Solid line;Traffic sign;Truck
20181108_123750,assets/a2d2/camera/20181108_123750/20181108123750_camera_frontcenter_000070065.png,Buildings;Dashed line;Grid structure;Irrelevant signs;Nature object;Non-drivable street;Poles;RD normal street;Road blocks;Sky;Solid line;Traffic sign;Truck
20181108_123750,assets/a2d2/camera/20181108_123750/20181108123750_camera_frontcenter_000071004.png,Buildings;Car;Curbstone;Dashed line;Nature object;Poles;RD normal street;Road blocks;Sky;Solid line;Traffic sign;Truck
20181108_123750,assets/a2d2/camera/20181108_123750/20181108123750_camera_frontcenter_000072658.png,Buildings;Car;Dashed line;Grid structure;Irrelevant signs;Nature object;Non-drivable street;Poles;RD normal street;Road blocks;Sky;Solid line;Truck
20181108_123750,assets/a2d2/camera/20181108_123750/20181108123750_camera_frontcenter_000073766.png,Car;Dashed line;Irrelevant signs;Nature object;RD normal street;Road blocks;Sky;Solid line
20181108_123750,assets/a2d2/camera/20181108_123750/20181108123750_camera_frontcenter_000075327.png,Car;Dashed line;Nature object;RD normal street;Road blocks;Sky;Solid line;Traffic sign;Truck
20181108_123750,assets/a2d2/camera/20181108_123750/20181108123750_camera_frontcenter_000076504.png,Car;Dashed line;Nature object;RD normal street;Road blocks;Sky;Solid line;Traffic sign;Truck
20181108_123750,assets/a2d2/camera/20181108_123750/20181108123750_camera_frontcenter_000077690.png,Car;Dashed line;Nature object;Non-drivable street;RD normal street;Road blocks;Sky;Solid line;Truck
20181108_123750,assets/a2d2/camera/20181108_123750/20181108123750_camera_frontcenter_000079237.png,Car;Dashed line;Nature object;RD normal street;Road blocks;Sky;Solid line;Truck
20181108_123750,assets/a2d2/camera/20181108_123750/20181108123750_camera_frontcenter_000080513.png,Buildings;Car;Dashed line;Nature object;Poles;RD normal street;Road blocks;Sky;Solid line
20181108_123750,assets/a2d2/camera/20181108_123750/20181108123750_camera_frontcenter_000081792.png,Buildings;Car;Dashed line;Grid structure;Irrelevant signs;Nature object;RD normal street;Road blocks;Sky;Solid line;Truck
20181108_123750,assets/a2d2/camera/20181108_123750/20181108123750_camera_frontcenter_000082941.png,Buildings;Car;Dashed line;Grid structure;Nature object;RD normal street;Road blocks;Sky;Solid line;Truck
20181108_123750,assets/a2d2/camera/20181108_123750/20181108123750_camera_frontcenter_000084242.png,Buildings;Car;Dashed line;Nature object;Non-drivable street;Poles;RD normal street;Road blocks;Sky;Solid line;Traffic sign;Truck
20181108_123750,assets/a2d2/camera/20181108_123750/20181108123750_camera_frontcenter_000085526.png,Car;Curbstone;Dashed line;Nature object;Painted driv. instr.;RD normal street;RD restricted area;Sidebars;Sky;Solid line;Traffic sign;Truck
20181108_123750,assets/a2d2/camera/20181108_123750/20181108123750_camera_frontcenter_000086770.png,Car;Grid structure;Nature object;RD normal street;RD restricted area;Road blocks;Sky;Solid line;Traffic sign
20181108_123750,assets/a2d2/camera/20181108_123750/20181108123750_camera_frontcenter_000088605.png,Buildings;Car;Dashed line;Grid structure;Irrelevant signs;Nature object;Poles;RD normal street;RD restricted area;Sidebars;Sky;Solid line;Traffic sign;Utility vehicle
20181108_141609,assets/a2d2/camera/20181108_141609/20181108141609_camera_frontcenter_000002068.png,Car;Curbstone;Dashed line;Grid structure;Nature object;RD normal street;Road blocks;Sky;Solid line;Truck
20181108_141609,assets/a2d2/camera/20181108_141609/20181108141609_camera_frontcenter_000002375.png,Car;Curbstone;Dashed line;Grid structure;Nature object;RD normal street;Road blocks;Sky;Solid line;Truck
20181108_141609,assets/a2d2/camera/20181108_141609/20181108141609_camera_frontcenter_000003431.png,Car;Dashed line;Grid structure;Irrelevant signs;Nature object;Poles;RD normal street;Road blocks;Sidebars;Sky;Solid line;Traffic sign;Truck
20181108_141609,assets/a2d2/camera/20181108_141609/20181108141609_camera_frontcenter_000004766.png,Car;Curbstone;Dashed line;Grid structure;Irrelevant signs;Nature object;Non-drivable street;RD normal street;Road blocks;Sky;Solid line;Truck
20181108_141609,assets/a2d2/camera/20181108_141609/20181108141609_camera_frontcenter_000006338.png,Car;Dashed line;Nature object;RD normal street;Road blocks;Sky;Solid line;Truck
20181108_141609,assets/a2d2/camera/20181108_141609/20181108141609_camera_frontcenter_000007508.png,Buildings;Car;Dashed line;Grid structure;Irrelevant signs;Nature object;Non-drivable street;RD normal street;Road blocks;Sky;Solid line;Truck
20181108_141609,assets/a2d2/camera/20181108_141609/20181108141609_camera_frontcenter_000008161.png,Car;Dashed line;Nature object;RD normal street;Road blocks;Sidebars;Sky;Solid line;Truck
20181108_141609,assets/a2d2/camera/20181108_141609/20181108141609_camera_frontcenter_000008514.png,Buildings;Car;Dashed line;Nature object;RD normal street;Road blocks;Sky;Solid line;Truck
20181108_141609,assets/a2d2/camera/20181108_141609/20181108141609_camera_frontcenter_000009152.png,Buildings;Car;Dashed line;Grid structure;Irrelevant signs;Nature object;RD normal street;Road blocks;Sky;Solid line;Truck
20181108_141609,assets/a2d2/camera/20181108_141609/20181108141609_camera_frontcenter_000010260.png,Car;Dashed line;Nature object;RD normal street;Road blocks;Sidebars;Sky;Solid line;Truck
20181108_141609,assets/a2d2/camera/20181108_141609/20181108141609_camera_frontcenter_000011089.png,Car;Dashed line;Grid structure;Nature object;RD normal street;Road blocks;Sky;Solid line;Traffic sign;Truck
20181108_141609,assets/a2d2/camera/20181108_141609/20181108141609_camera_frontcenter_000011686.png,Buildings;Car;Dashed line;Grid structure;Nature object;RD normal street;Road blocks;Sky;Solid line;Traffic sign;Truck
20181108_141609,assets/a2d2/camera/20181108_141609/20181108141609_camera_frontcenter_000013650.png,Car;Dashed line;Grid structure;Irrelevant signs;Nature object;Non-drivable street;Poles;RD normal street;RD restricted area;Road blocks;Sidebars;Sky;Solid line;Traffic sign;Truck
20181108_141609,assets/a2d2/camera/20181108_141609/20181108141609_camera_frontcenter_000014082.png,Buildings;Dashed line;Irrelevant signs;Nature object;Poles;RD normal street;RD restricted area;Sidewalk;Sky;Slow drive area;Solid line;Traffic sign;Truck
20181108_141609,assets/a2d2/camera/20181108_141609/20181108141609_camera_frontcenter_000014735.png,Buildings;Car;Nature object;RD normal street;Road blocks;Sidebars;Sidewalk;Sky;Solid line;Truck
20181108_141609,assets/a2d2/camera/20181108_141609/20181108141609_camera_frontcenter_000015074.png,Buildings;Irrelevant signs;Nature object;Poles;RD normal street;Sidewalk;Sky;Solid line;Truck
20181108_141609,assets/a2d2/camera/20181108_141609/20181108141609_camera_frontcenter_000015299.png,Buildings;Dashed line;Nature object;Poles;RD normal street;Sidebars;Sidewalk;Sky;Solid line;Traffic sign;Truck
20181108_141609,assets/a2d2/camera/20181108_141609/20181108141609_camera_frontcenter_000016689.png,Dashed line;Nature object;Painted driv. instr.;Poles;RD normal street;RD restricted area;Sidebars;Sky;Solid line;Traffic sign;Truck
20181108_141609,assets/a2d2/camera/20181108_141609/20181108141609_camera_frontcenter_000016987.png,Dashed line;Nature object;RD normal street;RD restricted area;Road blocks;Sky;Solid line;Truck
20181108_141609,assets/a2d2/camera/20181108_141609/20181108141609_camera_frontcenter_000017142.png,Dashed line;Nature object;RD normal street;RD restricted area;Road blocks;Sky;Solid line;Truck
20181108_141609,assets/a2d2/camera/20181108_141609/20181108141609_camera_frontcenter_000025305.png,Buildings;Car;Nature object;Painted driv. instr.;RD normal street;RD restricted area;Road blocks;Sidebars;Sky;Solid line;Traffic sign;Truck
20181108_141609,assets/a2d2/camera/20181108_141609/20181108141609_camera_frontcenter_000025588.png,Nature object;Poles;RD normal street;Road blocks;Sky;Solid line;Traffic sign;Truck
20181108_141609,assets/a2d2/camera/20181108_141609/20181108141609_camera_frontcenter_000025947.png,Nature object;RD normal street;RD restricted area;Sky;Solid line;Truck
20181108_141609,assets/a2d2/camera/20181108_141609/20181108141609_camera_frontcenter_000026146.png,Nature object;Poles;RD normal street;Road blocks;Sky;Solid line;Traffic sign;Truck
20181108_141609,assets/a2d2/camera/20181108_141609/20181108141609_camera_frontcenter_000026332.png,Curbstone;Grid structure;Nature object;Non-drivable street;RD normal street;Road blocks;Sky;Solid line;Traffic sign;Truck
20181108_141609,assets/a2d2/camera/20181108_141609/20181108141609_camera_frontcenter_000026566.png,Dashed line;Nature object;RD normal street;Sidebars;Sky;Solid line;Traffic sign;Truck
20181108_141609,assets/a2d2/camera/20181108_141609/20181108141609_camera_frontcenter_000026970.png,Irrelevant signs;Nature object;RD normal street;Road blocks;Sidebars;Sky;Solid line;Truck
20181108_141609,assets/a2d2/camera/20181108_141609/20181108141609_camera_frontcenter_000027196.png,Curbstone;Grid structure;Irrelevant signs;Nature object;Non-drivable street;RD normal street;Road blocks;Sidebars;Sky;Solid line;Truck
20181108_141609,assets/a2d2/camera/20181108_141609/20181108141609_camera_frontcenter_000027325.png,Buildings;Grid structure;Nature object;RD normal street;RD restricted area;Road blocks;Sky;Solid line;Traffic sign;Truck
20181108_141609,assets/a2d2/camera/20181108_141609/20181108141609_camera_frontcenter_000027494.png,Dashed line;Grid structure;Nature object;RD normal street;RD restricted area;Road blocks;Sky;Solid line;Truck
20181108_141609,assets/a2d2/camera/20181108_141609/20181108141609_camera_frontcenter_000027693.png,Buildings;Dashed line;Grid structure;Irrelevant signs;Nature object;Poles;RD normal street;RD restricted area;Road blocks;Sidebars;Sky;Solid line;Truck
20181108_141609,assets/a2d2/camera/20181108_141609/20181108141609_camera_frontcenter_000027952.png,Buildings;Grid structure;Irrelevant signs;Nature object;Poles;RD normal street;RD restricted area;Road blocks;Sky;Solid line;Truck
20181108_141609,assets/a2d2/camera/20181108_141609/20181108141609_camera_frontcenter_000028315.png,Buildings;Car;Grid structure;Irrelevant signs;Nature object;Poles;RD normal street;RD restricted area;Sidewalk;Sky;Solid line;Truck
20181108_141609,assets/a2d2/camera/20181108_141609/20181108141609_camera_frontcenter_000028571.png,Buildings;Grid structure;Nature object;Poles;RD normal street;RD restricted area;Sidebars;Sky;Solid line;Traffic sign;Truck
20181108_141609,assets/a2d2/camera/20181108_141609/20181108141609_camera_frontcenter_000028748.png,Buildings;Dashed line;Nature object;Poles;RD normal street;RD restricted area;Sidebars;Sidewalk;Sky;Solid line;Traffic sign;Truck
20181108_141609,assets/a2d2/camera/20181108_141609/20181108141609_camera_frontcenter_000029019.png,Buildings;Car;Dashed line;Grid structure;Irrelevant signs;Nature object;Poles;RD normal street;RD restricted area;Road blocks;Sidebars;Sky;Solid line;Traffic sign;Truck;Utility vehicle
20181108_141609,assets/a2d2/camera/20181108_141609/20181108141609_camera_frontcenter_000029440.png,Buildings;Dashed line;Grid structure;Irrelevant signs;Nature object;Obstacles / trash;Poles;RD normal street;RD restricted area;Road blocks;Signal corpus;Sky;Solid line
20181108_141609,assets/a2d2/camera/20181108_141609/20181108141609_camera_frontcenter_000029991.png,Dashed line;Nature object;RD normal street;RD restricted area;Road blocks;Sky;Solid line;Traffic sign;Truck
20181108_141609,assets/a2d2/camera/20181108_141609/20181108141609_camera_frontcenter_000030226.png,Dashed line;Nature object;Poles;RD normal street;RD restricted area;Sidebars;Sky;Solid line;Traffic sign;Truck
20181108_141609,assets/a2d2/camera/20181108_141609/20181108141609_camera_frontcenter_000030506.png,Car;Dashed line;Nature object;RD normal street;RD restricted area;Sky;Solid line;Truck
20181108_141609,assets/a2d2/camera/20181108_141609/20181108141609_camera_frontcenter_000030721.png,Irrelevant signs;Nature object;Poles;RD normal street;RD restricted area;Sidebars;Sidewalk;Sky;Solid line;Truck
20181108_141609,assets/a2d2/camera/20181108_141609/20181108141609_camera_frontcenter_000030967.png,Car;Dashed line;Nature object;RD normal street;Sidebars;Sky;Solid line;Truck
20181108_141609,assets/a2d2/camera/20181108_141609/20181108141609_camera_frontcenter_000031203.png,Dashed line;Nature object;RD normal street;Sidebars;Sky;Solid line;Truck
20181108_141609,assets/a2d2/camera/20181108_141609/20181108141609_camera_frontcenter_000031450.png,Dashed line;Nature object;RD normal street;Sidebars;Sky;Solid line;Truck
20181108_141609,assets/a2d2/camera/20181108_141609/20181108141609_camera_frontcenter_000031647.png,Nature object;RD normal street;Sky;Solid line;Truck
20181108_141609,assets/a2d2/camera/20181108_141609/20181108141609_camera_frontcenter_000031863.png,Car;Dashed line;Nature object;RD normal street;Sky;Solid line;Truck
20181108_141609,assets/a2d2/camera/20181108_141609/20181108141609_camera_frontcenter_000032053.png,Dashed line;Irrelevant signs;Nature object;Poles;RD normal street;Sidebars;Sidewalk;Sky;Solid line;Traffic sign;Truck
20181108_141609,assets/a2d2/camera/20181108_141609/20181108141609_camera_frontcenter_000032357.png,Nature object;RD normal street;Sidebars;Sky;Solid line;Truck
20181108_141609,assets/a2d2/camera/20181108_141609/20181108141609_camera_frontcenter_000032602.png,Dashed line;Nature object;RD normal street;Sky;Solid line;Truck
20181108_141609,assets/a2d2/camera/20181108_141609/20181108141609_camera_frontcenter_000032852.png,Dashed line;Drivable cobblestone;Nature object;Parking area;RD normal street;Sidebars;Sidewalk;Sky;Solid line;Truck
20181108_141609,assets/a2d2/camera/20181108_141609/20181108141609_camera_frontcenter_000033157.png,Dashed line;Drivable cobblestone;Nature object;RD normal street;Sky;Solid line;Truck
20181108_141609,assets/a2d2/camera/20181108_141609/20181108141609_camera_frontcenter_000033363.png,Dashed line;Nature object;RD normal street;Sidebars;Sky;Solid line;Truck
20181108_141609,assets/a2d2/camera/20181108_141609/20181108141609_camera_frontcenter_000033585.png,Nature object;RD normal street;Sidebars;Sky;Solid line;Truck
20181108_141609,assets/a2d2/camera/20181108_141609/20181108141609_camera_frontcenter_000033904.png,Nature object;RD normal street;RD restricted area;Sidebars;Sidewalk;Sky;Solid line;Truck
20181108_141609,assets/a2d2/camera/20181108_141609/20181108141609_camera_frontcenter_000034046.png,Nature object;Poles;RD normal street;RD restricted area;Sidebars;Sky;Solid line;Truck
20181108_141609,assets/a2d2/camera/20181108_141609/20181108141609_camera_frontcenter_000034195.png,Car;Irrelevant signs;Nature object;Painted driv. instr.;RD normal street;RD restricted area;Sidebars;Sky;Solid line;Truck
20181108_141609,assets/a2d2/camera/20181108_141609/20181108141609_camera_frontcenter_000034391.png,Dashed line;Nature object;RD normal street;RD restricted area;Sidewalk;Sky;Solid line;Truck
20181108_141609,assets/a2d2/camera/20181108_141609/20181108141609_camera_frontcenter_000034592.png,Irrelevant signs;Nature object;RD normal street;RD restricted area;Sidebars;Sidewalk;Sky;Solid line;Truck
20181108_141609,assets/a2d2/camera/20181108_141609/20181108141609_camera_frontcenter_000034807.png,Nature object;RD normal street;RD restricted area;Sidewalk;Sky;Solid line;Truck
20181108_141609,assets/a2d2/camera/20181108_141609/20181108141609_camera_frontcenter_000035121.png,Dashed line;Nature object;Poles;RD normal street;RD restricted area;Sidebars;Sidewalk;Sky;Solid line;Traffic sign;Truck
20181108_141609,assets/a2d2/camera/20181108_141609/20181108141609_camera_frontcenter_000035334.png,Buildings;Curbstone;Dashed line;Grid structure;Nature object;RD normal street;RD restricted area;Sidebars;Sidewalk;Sky;Solid line;Truck
20181108_141609,assets/a2d2/camera/20181108_141609/20181108141609_camera_frontcenter_000035530.png,Buildings;Curbstone;Dashed line;Grid structure;Nature object;RD normal street;RD restricted area;Road blocks;Sidebars;Sidewalk;Sky;Solid line;Truck
20181108_141609,assets/a2d2/camera/20181108_141609/20181108141609_camera_frontcenter_000035867.png,Irrelevant signs;Nature object;Poles;RD normal street;RD restricted area;Road blocks;Sidebars;Sky;Solid line
20181108_141609,assets/a2d2/camera/20181108_141609/20181108141609_camera_frontcenter_000036099.png,Curbstone;Nature object;Non-drivable street;Poles;RD normal street;RD restricted area;Road blocks;Sidebars;Sky;Solid line;Traffic sign
20181108_141609,assets/a2d2/camera/20181108_141609/20181108141609_camera_frontcenter_000036282.png,Curbstone;Dashed line;Grid structure;Irrelevant signs;Nature object;Non-drivable street;Painted driv. instr.;Poles;RD normal street;RD restricted area;Road blocks;Sky;Solid line
20181108_141609,assets/a2d2/camera/20181108_141609/20181108141609_camera_frontcenter_000036635.png,Dashed line;Drivable cobblestone;Irrelevant signs;Nature object;RD normal street;RD restricted area;Road blocks;Sidebars;Sidewalk;Sky;Solid line;Traffic sign;Truck
20181108_141609,assets/a2d2/camera/20181108_141609/20181108141609_camera_frontcenter_000036998.png,Buildings;Car;Dashed line;Drivable cobblestone;Irrelevant signs;Nature object;Poles;RD normal street;Sidebars;Sidewalk;Sky;Solid line;Traffic sign
20181108_141609,assets/a2d2/camera/20181108_141609/20181108141609_camera_frontcenter_000037538.png,Buildings;Car;Dashed line;Nature object;Poles;RD normal street;Road blocks;Sidebars;Sky;Solid line;Truck
20181108_141609,assets/a2d2/camera/20181108_141609/20181108141609_camera_frontcenter_000037817.png,Car;Curbstone;Dashed line;Grid structure;Irrelevant signs;Nature object;Non-drivable street;Poles;RD normal street;Road blocks;Sky;Solid line;Truck
20181108_141609,assets/a2d2/camera/20181108_141609/20181108141609_camera_frontcenter_000037998.png,Buildings;Car;Curbstone;Grid structure;Nature object;Non-drivable street;RD normal street;Road blocks;Sky;Solid line;Traffic sign;Truck
20181108_141609,assets/a2d2/camera/20181108_141609/20181108141609_camera_frontcenter_000038260.png,Buildings;Car;Dashed line;Grid structure;Irrelevant signs;Nature object;Poles;RD normal street;Road blocks;Sidewalk;Sky;Solid line;Truck
20181108_141609,assets/a2d2/camera/20181108_141609/20181108141609_camera_frontcenter_000038429.png,Buildings;Car;Dashed line;Grid structure;Nature object;Poles;RD normal street;Sidebars;Sidewalk;Sky;Solid line;Traffic sign;Truck
20181108_141609,assets/a2d2/camera/20181108_141609/20181108141609_camera_frontcenter_000038768.png,Buildings;Car;Grid structure;Nature object;RD normal street;Road blocks;Sidebars;Sidewalk;Sky;Solid line;Traffic sign;Truck
20181108_141609,assets/a2d2/camera/20181108_141609/20181108141609_camera_frontcenter_000038919.png,Car;Curbstone;Dashed line;Grid structure;Irrelevant signs;Nature object;Non-drivable street;Poles;RD normal street;Road blocks;Sidewalk;Sky;Solid line;Traffic sign;Truck
20181108_141609,assets/a2d2/camera/20181108_141609/20181108141609_camera_frontcenter_000039089.png,Buildings;Car;Grid structure;Nature object;Poles;RD normal street;RD restricted area;Road blocks;Sidebars;Sidewalk;Sky;Solid line;Traffic sign;Truck
20181108_141609,assets/a2d2/camera/20181108_141609/20181108141609_camera_frontcenter_000039304.png,Buildings;Car;Dashed line;Grid structure;Irrelevant signs;Nature object;RD normal street;Road blocks;Sidebars;Sky;Solid line;Truck
20181108_141609,assets/a2d2/camera/20181108_141609/20181108141609_camera_frontcenter_000039449.png,Buildings;Car;Dashed line;Grid structure;Irrelevant signs;Nature object;RD normal street;Road blocks;Sidewalk;Sky;Solid line;Truck
20181108_141609,assets/a2d2/camera/20181108_141609/20181108141609_camera_frontcenter_000039592.png,Buildings;Car;Dashed line;Grid structure;Nature object;RD normal street;Sidebars;Sidewalk;Sky;Solid line;Truck
20181108_141609,assets/a2d2/camera/20181108_141609/20181108141609_camera_frontcenter_000039714.png,Buildings;Car;Dashed line;Grid structure;Nature object;RD normal street;Sidebars;Sidewalk;Sky;Solid line;Truck
20181108_141609,assets/a2d2/camera/20181108_141609/20181108141609_camera_frontcenter_000039905.png,Buildings;Car;Grid structure;Nature object;RD normal street;Sidebars;Sky;Solid line;Truck
20181108_141609,assets/a2d2/camera/20181108_141609/20181108141609_camera_frontcenter_000040308.png,Buildings;Car;Dashed line;Nature object;RD normal street;Sidewalk;Sky;Solid line
20181108_141609,assets/a2d2/camera/20181108_141609/20181108141609_camera_frontcenter_000040815.png,Buildings;Car;Dashed line;Grid structure;Irrelevant signs;Nature object;Painted driv. instr.;Poles;RD normal street;Sidebars;Sidewalk;Sky;Solid line;Traffic sign
20181108_141609,assets/a2d2/camera/20181108_141609/20181108141609_camera_frontcenter_000041059.png,Buildings;Car;Dashed line;Grid structure;Nature object;Poles;RD normal street;Sidebars;Sidewalk;Sky;Solid line
20181108_141609,assets/a2d2/camera/20181108_141609/20181108141609_camera_frontcenter_000041272.png,Buildings;Dashed line;Grid structure;Irrelevant signs;Nature object;Poles;RD normal street;Road blocks;Sidebars;Sidewalk;Sky;Solid line
20181108_141609,assets/a2d2/camera/20181108_141609/20181108141609_camera_frontcenter_000041512.png,Buildings;Car;Dashed line;Grid structure;Nature object;RD normal street;Sidewalk;Sky;Solid line;Tractor
20181108_141609,assets/a2d2/camera/20181108_141609/20181108141609_camera_frontcenter_000041790.png,Car;Dashed line;Grid structure;Nature object;Poles;RD normal street;Road blocks;Sidebars;Sidewalk;Sky;Solid line;Traffic sign
20181204_135952,assets/a2d2/camera/20181204_135952/20181204135952_camera_frontcenter_000000091.png,Buildings;Grid structure;Nature object;Poles;Sky
20181204_135952,assets/a2d2/camera/20181204_135952/20181204135952_camera_frontcenter_000002806.png,Buildings;Drivable cobblestone;Nature object;Non-drivable street;RD normal street;RD restricted area;Sidebars;Sky;Solid line;Traffic guide obj.;Truck;Utility vehicle
20181204_135952,assets/a2d2/camera/20181204_135952/20181204135952_camera_frontcenter_000004942.png,Car;Dashed line;Drivable cobblestone;Grid structure;Nature object;Poles;RD normal street;Road blocks;Sky;Solid line;Truck
20181204_135952,assets/a2d2/camera/20181204_135952/20181204135952_camera_frontcenter_000006786.png,Car;Curbstone;Dashed line;Irrelevant signs;Nature object;Obstacles / trash;Painted driv. instr.;Poles;RD normal street;Road blocks;Sidebars;Sky;Solid line;Traffic sign
20181204_135952,assets/a2d2/camera/20181204_135952/20181204135952_camera_frontcenter_000009102.png,Buildings;Car;Dashed line;Irrelevant signs;Nature object;Non-drivable street;Poles;RD normal street;Road blocks;Sky;Solid line;Traffic sign;Truck
20181204_135952,assets/a2d2/camera/20181204_135952/20181204135952_camera_frontcenter_000010691.png,Car;Dashed line;Irrelevant signs;Nature object;Non-drivable street;Poles;RD normal street;Road blocks;Sky;Solid line;Truck
20181204_135952,assets/a2d2/camera/20181204_135952/20181204135952_camera_frontcenter_000011378.png,Buildings;Car;Dashed line;Grid structure;Nature object;RD normal street;Road blocks;Sidewalk;Sky;Solid line;Truck
20181204_135952,assets/a2d2/camera/20181204_135952/20181204135952_camera_frontcenter_000012149.png,Car;Dashed line;Nature object;RD normal street;Road blocks;Sky;Solid line
20181204_135952,assets/a2d2/camera/20181204_135952/20181204135952_camera_frontcenter_000013102.png,Car;Curbstone;Dashed line;Nature object;RD normal street;Road blocks;Sky;Solid line;Truck
20181204_135952,assets/a2d2/camera/20181204_135952/20181204135952_camera_frontcenter_000014195.png,Car;Dashed line;Nature object;RD normal street;Road blocks;Sky;Solid line;Truck
20181204_135952,assets/a2d2/camera/20181204_135952/20181204135952_camera_frontcenter_000015374.png,Car;Dashed line;Nature object;RD normal street;Road blocks;Sky;Solid line;Truck
20181204_135952,assets/a2d2/camera/20181204_135952/20181204135952_camera_frontcenter_000016257.png,Car;Dashed line;Nature object;Non-drivable street;RD normal street;Road blocks;Sky;Solid line;Truck
20181204_135952,assets/a2d2/camera/20181204_135952/20181204135952_camera_frontcenter_000017260.png,Car;Curbstone;Dashed line;Nature object;RD normal street;Road blocks;Sky;Solid line;Truck
20181204_135952,assets/a2d2/camera/20181204_135952/20181204135952_camera_frontcenter_000018432.png,Buildings;Car;Curbstone;Dashed line;Irrelevant signs;Nature object;RD normal street;Road blocks;Sky;Solid line
20181204_135952,assets/a2d2/camera/20181204_135952/20181204135952_camera_frontcenter_000019604.png,Buildings;Car;Curbstone;Dashed line;Nature object;RD normal street;Road blocks;Sky;Solid line;Truck
20181204_135952,assets/a2d2/camera/20181204_135952/20181204135952_camera_frontcenter_000020587.png,Car;Dashed line;Nature object;Poles;RD normal street;Road blocks;Sky;Solid line;Traffic sign;Truck
20181204_135952,assets/a2d2/camera/20181204_135952/20181204135952_camera_frontcenter_000021501.png,Car;Curbstone;Dashed line;Nature object;Poles;RD normal street;Road blocks;Sky;Solid line;Traffic sign;Truck
20181204_135952,assets/a2d2/camera/20181204_135952/20181204135952_camera_frontcenter_000022634.png,Car;Dashed line;Nature object;Non-drivable street;RD normal street;Road blocks;Sky;Solid line;Traffic sign;Truck
20181204_135952,assets/a2d2/camera/20181204_135952/20181204135952_camera_frontcenter_000023512.png,Car;Dashed line;Nature object;Non-drivable street;RD normal street;Road blocks;Sky;Solid line
20181204_135952,assets/a2d2/camera/20181204_135952/20181204135952_camera_frontcenter_000024426.png,Car;Dashed line;Nature object;Non-drivable street;Poles;RD normal street;Road blocks;Sky;Solid line;Traffic sign
20181204_135952,assets/a2d2/camera/20181204_135952/20181204135952_camera_frontcenter_000025515.png,Buildings;Car;Curbstone;Dashed line;Drivable cobblestone;Nature object;RD normal street;Road blocks;Sky;Solid line;Traffic sign
20181204_135952,assets/a2d2/camera/20181204_135952/20181204135952_camera_frontcenter_000026425.png,Car;Curbstone;Dashed line;Drivable cobblestone;Nature object;RD normal street;Road blocks;Sky;Solid line
20181204_135952,assets/a2d2/camera/20181204_135952/20181204135952_camera_frontcenter_000027226.png,Buildings;Car;Dashed line;Nature object;Non-drivable street;Poles;RD normal street;Road blocks;Sky;Solid line;Traffic sign;Truck
20181204_135952,assets/a2d2/camera/20181204_135952/20181204135952_camera_frontcenter_000028278.png,Car;Curbstone;Dashed line;Nature object;Poles;RD normal street;Road blocks;Sky;Solid line;Traffic sign;Truck
20181204_135952,assets/a2d2/camera/20181204_135952/20181204135952_camera_frontcenter_000029292.png,Car;Dashed line;Nature object;Poles;RD normal street;Road blocks;Sky;Solid line;Truck
20181204_135952,assets/a2d2/camera/20181204_135952/20181204135952_camera_frontcenter_000030243.png,Car;Dashed line;Nature object;RD normal street;Road blocks;Sidewalk;Sky;Solid line;Truck
20181204_135952,assets/a2d2/camera/20181204_135952/20181204135952_camera_frontcenter_000030920.png,Car;Dashed line;Irrelevant signs;Nature object;Non-drivable street;RD normal street;Road blocks;Sky;Solid line;Truck
20181204_135952,assets/a2d2/camera/20181204_135952/20181204135952_camera_frontcenter_000032008.png,Buildings;Curbstone;Dashed line;Nature object;Poles;RD normal street;Road blocks;Sky;Solid line;Traffic sign;Truck
20181204_135952,assets/a2d2/camera/20181204_135952/20181204135952_camera_frontcenter_000032929.png,Dashed line;Grid structure;Nature object;Non-drivable street;Poles;RD normal street;Road blocks;Sky;Solid line;Traffic sign;Truck
20181204_135952,assets/a2d2/camera/20181204_135952/20181204135952_camera_frontcenter_000034004.png,Car;Curbstone;Dashed line;Nature object;Non-drivable street;RD normal street;Road blocks;Sky;Solid line;Traffic sign;Truck
20181204_135952,assets/a2d2/camera/20181204_135952/20181204135952_camera_frontcenter_000034960.png,Buildings;Car;Dashed line;Nature object;Non-drivable street;Poles;RD normal street;Road blocks;Sky;Solid line;Traffic sign;Truck
20181204_135952,assets/a2d2/camera/20181204_135952/20181204135952_camera_frontcenter_000035896.png,Dashed line;Grid structure;Irrelevant signs;Nature object;Non-drivable street;Poles;RD normal street;Road blocks;Sky;Solid line;Truck
20181204_135952,assets/a2d2/camera/20181204_135952/20181204135952_camera_frontcenter_000036860.png,Curbstone;Dashed line;Grid structure;Nature object;Non-drivable street;RD normal street;Road blocks;Sky;Solid line;Truck
20181204_135952,assets/a2d2/camera/20181204_135952/20181204135952_camera_frontcenter_000038001.png,Buildings;Dashed line;Nature object;RD normal street;Road blocks;Sky;Solid line;Truck
20181204_135952,assets/a2d2/camera/20181204_135952/20181204135952_camera_frontcenter_000038959.png,Car;Dashed line;Grid structure;Nature object;Non-drivable street;Poles;RD normal street;Road blocks;Sky;Solid line;Truck;Utility vehicle
20181204_135952,assets/a2d2/camera/20181204_135952/20181204135952_camera_frontcenter_000039952.png,Car;Dashed line;Nature object;RD normal street;Road blocks;Sky;Solid line;Truck
20181204_135952,assets/a2d2/camera/20181204_135952/20181204135952_camera_frontcenter_000040945.png,Buildings;Car;Dashed line;Nature object;Non-drivable street;RD normal street;Road blocks;Sidewalk;Sky;Solid line;Truck
20181204_135952,assets/a2d2/camera/20181204_135952/20181204135952_camera_frontcenter_000041946.png,Buildings;Car;Dashed line;Grid structure;Nature object;Non-drivable street;RD normal street;Road blocks;Sky;Solid line;Truck
20181204_135952,assets/a2d2/camera/20181204_135952/20181204135952_camera_frontcenter_000042768.png,Car;Curbstone;Dashed line;Nature object;Non-drivable street;RD normal street;Road blocks;Sky;Solid line;Truck
20181204_135952,assets/a2d2/camera/20181204_135952/20181204135952_camera_frontcenter_000043797.png,Buildings;Car;Dashed line;Nature object;Non-drivable street;Poles;RD normal street;Road blocks;Sky;Solid line;Truck
20181204_135952,assets/a2d2/camera/20181204_135952/20181204135952_camera_frontcenter_000044733.png,Car;Dashed line;Nature object;Poles;RD normal street;Road blocks;Sky;Solid line;Truck
20181204_135952,assets/a2d2/camera/20181204_135952/20181204135952_camera_frontcenter_000045516.png,Car;Dashed line;Nature object;Poles;RD normal street;Road blocks;Sky;Solid line;Truck
20181204_135952,assets/a2d2/camera/20181204_135952/20181204135952_camera_frontcenter_000046664.png,Buildings;Car;Dashed line;Nature object;Non-drivable street;Poles;RD normal street;Road blocks;Sky;Solid line;Truck
20181204_135952,assets/a2d2/camera/20181204_135952/20181204135952_camera_frontcenter_000047545.png,Buildings;Car;Curbstone;Dashed line;Grid structure;Irrelevant signs;Nature object;RD normal street;Road blocks;Sky;Solid line;Truck
20181204_135952,assets/a2d2/camera/20181204_135952/20181204135952_camera_frontcenter_000048269.png,Car;Dashed line;Nature object;RD normal street;Road blocks;Sky;Solid line;Truck
20181204_135952,assets/a2d2/camera/20181204_135952/20181204135952_camera_frontcenter_000049420.png,Curbstone;Dashed line;Nature object;Non-drivable street;Poles;RD normal street;Road blocks;Sky;Solid line;Truck
20181204_135952,assets/a2d2/camera/20181204_135952/20181204135952_camera_frontcenter_000050401.png,Car;Dashed line;Nature object;Poles;RD normal street;Road blocks;Sky;Solid line;Truck
20181204_135952,assets/a2d2/camera/20181204_135952/20181204135952_camera_frontcenter_000051303.png,Car;Dashed line;Grid structure;Nature object;Non-drivable street;RD normal street;Road blocks;Sky;Solid line;Truck
20181204_135952,assets/a2d2/camera/20181204_135952/20181204135952_camera_frontcenter_000052508.png,Buildings;Car;Curbstone;Dashed line;Grid structure;Nature object;Non-drivable street;RD normal street;Road blocks;Sky;Solid line;Truck
20181204_135952,assets/a2d2/camera/20181204_135952/20181204135952_camera_frontcenter_000053425.png,Car;Dashed line;Nature object;Non-drivable street;RD normal street;Road blocks;Sky;Solid line;Traffic sign;Truck
20181204_135952,assets/a2d2/camera/20181204_135952/20181204135952_camera_frontcenter_000054415.png,Dashed line;Nature object;Non-drivable street;Poles;RD normal street;Road blocks;Sky;Solid line;Truck
20181204_135952,assets/a2d2/camera/20181204_135952/20181204135952_camera_frontcenter_000055395.png,Car;Dashed line;Irrelevant signs;Nature object;Poles;RD normal street;Road blocks;Sky;Solid line;Traffic sign;Truck
20181204_135952,assets/a2d2/camera/20181204_135952/20181204135952_camera_frontcenter_000056507.png,Dashed line;Nature object;Non-drivable street;RD normal street;Road blocks;Sky;Solid line
20181204_135952,assets/a2d2/camera/20181204_135952/20181204135952_camera_frontcenter_000057673.png,Car;Dashed line;Nature object;RD normal street;Road blocks;Sky;Solid line;Truck
20181204_135952,assets/a2d2/camera/20181204_135952/20181204135952_camera_frontcenter_000059755.png,Buildings;Car;Dashed line;Grid structure;Irrelevant signs;Nature object;Poles;RD normal street;Road blocks;Sidebars;Sky;Solid line;Traffic sign;Truck
20181204_135952,assets/a2d2/camera/20181204_135952/20181204135952_camera_frontcenter_000062040.png,Buildings;Car;Dashed line;Grid structure;Nature object;Poles;RD normal street;Road blocks;Sky;Solid line;Traffic sign;Truck
20181204_135952,assets/a2d2/camera/20181204_135952/20181204135952_camera_frontcenter_000064328.png,Car;Curbstone;Grid structure;Nature object;RD normal street;Road blocks;Sidebars;Sky;Solid line
20181204_135952,assets/a2d2/camera/20181204_135952/20181204135952_camera_frontcenter_000066464.png,Buildings;Car;Curbstone;Dashed line;Grid structure;Irrelevant signs;Nature object;Poles;RD normal street;Road blocks;Sidebars;Sky;Solid line;Traffic sign
20181204_135952,assets/a2d2/camera/20181204_135952/20181204135952_camera_frontcenter_000068534.png,Dashed line;Electronic traffic;Grid structure;Nature object;Poles;RD normal street;RD restricted area;Road blocks;Sidebars;Sky;Solid line;Traffic sign;Truck
20181204_135952,assets/a2d2/camera/20181204_135952/20181204135952_camera_frontcenter_000070424.png,Car;Dashed line;Grid structure;Irrelevant signs;Nature object;Poles;RD normal street;Road blocks;Sky;Solid line;Traffic sign;Truck
20181204_135952,assets/a2d2/camera/20181204_135952/20181204135952_camera_frontcenter_000072729.png,Buildings;Car;Dashed line;Grid structure;Irrelevant signs;Nature object;Poles;RD normal street;Road blocks;Sky;Solid line;Truck
20181204_135952,assets/a2d2/camera/20181204_135952/20181204135952_camera_frontcenter_000074896.png,Curbstone;Dashed line;Irrelevant signs;Nature object;Non-drivable street;Obstacles / trash;Painted driv. instr.;Poles;RD normal street;Road blocks;Sidebars;Signal corpus;Sky;Solid line;Traffic sign;Truck
20181204_135952,assets/a2d2/camera/20181204_135952/20181204135952_camera_frontcenter_000077607.png,Car;Curbstone;Dashed line;Drivable cobblestone;Nature object;Parking area;Poles;RD normal street;Sidewalk;Signal corpus;Sky;Slow drive area;Solid line;Traffic sign;Truck
20181204_135952,assets/a2d2/camera/20181204_135952/20181204135952_camera_frontcenter_000080016.png,Car;Dashed line;Irrelevant signs;Nature object;Non-drivable street;Painted driv. instr.;Poles;RD normal street;RD restricted area;Sidewalk;Sky;Solid line;Traffic sign;Truck
20181204_135952,assets/a2d2/camera/20181204_135952/20181204135952_camera_frontcenter_000082029.png,Car;Dashed line;Grid structure;Irrelevant signs;Nature object;Poles;RD normal street;RD restricted area;Road blocks;Sky;Solid line;Traffic sign;Truck
20181204_135952,assets/a2d2/camera/20181204_135952/20181204135952_camera_frontcenter_000084076.png,Car;Dashed line;Irrelevant signs;Nature object;Poles;RD normal street;Road blocks;Sky;Solid line;Truck
20181204_135952,assets/a2d2/camera/20181204_135952/20181204135952_camera_frontcenter_000085766.png,Car;Dashed line;Grid structure;Nature object;RD normal street;Road blocks;Sky;Solid line;Truck
20181204_135952,assets/a2d2/camera/20181204_135952/20181204135952_camera_frontcenter_000087709.png,Car;Dashed line;Electronic traffic;Grid structure;Nature object;RD normal street;Road blocks;Sky;Solid line;Truck
20181204_135952,assets/a2d2/camera/20181204_135952/20181204135952_camera_frontcenter_000089936.png,Dashed line;Grid structure;Nature object;Non-drivable street;RD normal street;Road blocks;Sky;Solid line;Traffic sign;Truck
20181204_135952,assets/a2d2/camera/20181204_135952/20181204135952_camera_frontcenter_000091718.png,Car;Dashed line;Nature object;Non-drivable street;RD normal street;Road blocks;Sky;Solid line;Traffic sign;Truck
20181204_135952,assets/a2d2/camera/20181204_135952/20181204135952_camera_frontcenter_000093617.png,Car;Dashed line;Nature object;Non-drivable street;RD normal street;Road blocks;Sky;Solid line;Truck
20181204_135952,assets/a2d2/camera/20181204_135952/20181204135952_camera_frontcenter_000096054.png,Car;Curbstone;Dashed line;Nature object;Non-drivable street;RD normal street;Road blocks;Sky;Solid line;Truck
20181204_135952,assets/a2d2/camera/20181204_135952/20181204135952_camera_frontcenter_000098247.png,Dashed line;Nature object;Non-drivable street;RD normal street;Road blocks;Sky;Solid line;Truck
20181204_135952,assets/a2d2/camera/20181204_135952/20181204135952_camera_frontcenter_000099840.png,Car;Curbstone;Dashed line;Grid structure;Nature object;Non-drivable street;Poles;RD normal street;Road blocks;Sky;Solid line;Truck
20181204_135952,assets/a2d2/camera/20181204_135952/20181204135952_camera_frontcenter_000101834.png,Car;Curbstone;Dashed line;Nature object;Non-drivable street;RD normal street;Road blocks;Sky;Solid line;Truck
20181204_135952,assets/a2d2/camera/20181204_135952/20181204135952_camera_frontcenter_000103651.png,Car;Curbstone;Dashed line;Nature object;Non-drivable street;Poles;RD normal street;Road blocks;Sky;Solid line
20181204_135952,assets/a2d2/camera/20181204_135952/20181204135952_camera_frontcenter_000106350.png,Buildings;Car;Curbstone;Dashed line;Grid structure;Nature object;Non-drivable street;RD normal street;Road blocks;Sidewalk;Sky;Solid line;Truck
20181204_135952,assets/a2d2/camera/20181204_135952/20181204135952_camera_frontcenter_000108652.png,Car;Curbstone;Nature object;RD normal street;Road blocks;Sky;Solid line;Truck
20181204_135952,assets/a2d2/camera/20181204_135952/20181204135952_camera_frontcenter_000110604.png,Buildings;Dashed line;Grid structure;Nature object;Non-drivable street;RD normal street;Road blocks;Sky;Solid line;Truck
20181204_135952,assets/a2d2/camera/20181204_135952/20181204135952_camera_frontcenter_000112907.png,Curbstone;Dashed line;Nature object;RD normal street;Road blocks;Sky;Solid line;Truck
20181204_135952,assets/a2d2/camera/20181204_135952/20181204135952_camera_frontcenter_000114942.png,Car;Dashed line;Irrelevant signs;Nature object;Non-drivable street;Poles;RD normal street;Road blocks;Sky;Solid line;Truck
20181204_135952,assets/a2d2/camera/20181204_135952/20181204135952_camera_frontcenter_000117831.png,Dashed line;Nature object;RD normal street;Road blocks;Sky;Solid line;Truck
20181204_135952,assets/a2d2/camera/20181204_135952/20181204135952_camera_frontcenter_000120533.png,Curbstone;Dashed line;Irrelevant signs;Nature object;Poles;RD normal street;Road blocks;Sidebars;Sky;Solid line;Truck
20181204_135952,assets/a2d2/camera/20181204_135952/20181204135952_camera_frontcenter_000122788.png,Car;Dashed line;Grid structure;Nature object;RD normal street;Road blocks;Sky;Solid line;Traffic sign;Truck
20181204_135952,assets/a2d2/camera/20181204_135952/20181204135952_camera_frontcenter_000125267.png,Dashed line;Nature object;RD normal street;Road blocks;Sky;Solid line;Truck
20181204_135952,assets/a2d2/camera/20181204_135952/20181204135952_camera_frontcenter_000128444.png,Buildings;Car;Curbstone;Nature object;Parking area;Poles;RD normal street;Sidewalk;Sky;Solid line;Traffic sign;Truck
20181204_154421,assets/a2d2/camera/20181204_154421/20181204154421_camera_frontcenter_000010361.png,Car;Dashed line;Nature object;RD normal street;Sky;Solid line
20181204_154421,assets/a2d2/camera/20181204_154421/20181204154421_camera_frontcenter_000011409.png,Buildings;Car;Dashed line;Nature object;RD normal street;Road blocks;Sky;Solid line
20181204_154421,assets/a2d2/camera/20181204_154421/20181204154421_camera_frontcenter_000012539.png,Car;Dashed line;Nature object;RD normal street;Road blocks;Sidewalk;Sky;Solid line
20181204_154421,assets/a2d2/camera/20181204_154421/20181204154421_camera_frontcenter_000013190.png,Buildings;Car;Dashed line;Nature object;RD normal street;Sidebars;Sidewalk;Sky;Solid line
20181204_154421,assets/a2d2/camera/20181204_154421/20181204154421_camera_frontcenter_000014187.png,Irrelevant signs;Nature object;Obstacles / trash;RD normal street;Road blocks;Sidebars;Sky;Solid line;Traffic guide obj.;Utility vehicle
20181204_154421,assets/a2d2/camera/20181204_154421/20181204154421_camera_frontcenter_000015660.png,Buildings;Car;Dashed line;Grid structure;Irrelevant signs;Nature object;Obstacles / trash;Poles;RD normal street;Sidebars;Sidewalk;Sky;Solid line;Traffic sign
20181204_154421,assets/a2d2/camera/20181204_154421/20181204154421_camera_frontcenter_000016449.png,Buildings;Dashed line;Nature object;RD normal street;Sidewalk;Sky;Solid line
20181204_154421,assets/a2d2/camera/20181204_154421/20181204154421_camera_frontcenter_000017887.png,Curbstone;Dashed line;Grid structure;Nature object;Non-drivable street;RD normal street;Road blocks;Sidebars;Sky;Solid line
20181204_154421,assets/a2d2/camera/20181204_154421/20181204154421_camera_frontcenter_000019390.png,Dashed line;Nature object;Poles;RD normal street;RD restricted area;Sidebars;Sidewalk;Sky;Solid line;Traffic sign
20181204_154421,assets/a2d2/camera/20181204_154421/20181204154421_camera_frontcenter_000021018.png,Dashed line;Nature object;Painted driv. instr.;RD normal street;RD restricted area;Sidebars;Sky;Solid line;Truck
20181204_154421,assets/a2d2/camera/20181204_154421/20181204154421_camera_frontcenter_000021750.png,Buildings;Curbstone;Dashed line;Irrelevant signs;Nature object;Poles;RD normal street;Sidebars;Sky;Solid line
20181204_154421,assets/a2d2/camera/20181204_154421/20181204154421_camera_frontcenter_000022847.png,Buildings;Car;Curbstone;Dashed line;Grid structure;Nature object;Obstacles / trash;Poles;RD normal street;Road blocks;Sky;Solid line;Traffic sign;Truck
20181204_154421,assets/a2d2/camera/20181204_154421/20181204154421_camera_frontcenter_000023863.png,Buildings;Car;Curbstone;Dashed line;Drivable cobblestone;Grid structure;Nature object;Poles;RD normal street;Sidewalk;Sky;Solid line;Traffic sign;Truck
20181204_154421,assets/a2d2/camera/20181204_154421/20181204154421_camera_frontcenter_000026202.png,Buildings;Car;Dashed line;Grid structure;Nature object;RD normal street;Sidebars;Sidewalk;Sky;Solid line
20181204_154421,assets/a2d2/camera/20181204_154421/20181204154421_camera_frontcenter_000027031.png,Buildings;Car;Curbstone;Dashed line;Nature object;Poles;RD normal street;Sidebars;Sidewalk;Sky;Solid line;Traffic sign
20181204_154421,assets/a2d2/camera/20181204_154421/20181204154421_camera_frontcenter_000027775.png,Car;Dashed line;Nature object;RD normal street;Road blocks;Sidebars;Sky;Solid line
20181204_154421,assets/a2d2/camera/20181204_154421/20181204154421_camera_frontcenter_000029283.png,Car;Dashed line;Nature object;Obstacles / trash;RD normal street;Sky;Solid line;Truck
20181204_154421,assets/a2d2/camera/20181204_154421/20181204154421_camera_frontcenter_000030960.png,Car;Dashed line;Nature object;RD normal street;Sidebars;Sky;Solid line;Truck
20181204_154421,assets/a2d2/camera/20181204_154421/20181204154421_camera_frontcenter_000032820.png,Buildings;Car;Curbstone;Dashed line;Irrelevant signs;Nature object;Non-drivable street;Poles;RD normal street;Road blocks;Sidewalk;Sky;Solid line;Traffic sign;Truck
20181204_154421,assets/a2d2/camera/20181204_154421/20181204154421_camera_frontcenter_000034844.png,Car;Dashed line;Nature object;RD normal street;Sidebars;Sidewalk;Sky;Solid line;Truck
20181204_154421,assets/a2d2/camera/20181204_154421/20181204154421_camera_frontcenter_000036368.png,Car;Dashed line;Nature object;RD normal street;Sidebars;Sky;Solid line;Traffic sign;Truck
20181204_154421,assets/a2d2/camera/20181204_154421/20181204154421_camera_frontcenter_000037989.png,Car;Dashed line;Nature object;RD normal street;Sidebars;Sky;Solid line;Traffic sign;Truck
20181204_154421,assets/a2d2/camera/20181204_154421/20181204154421_camera_frontcenter_000039510.png,Car;Dashed line;Nature object;RD normal street;Sidebars;Sky;Solid line;Traffic sign;Truck
20181204_154421,assets/a2d2/camera/20181204_154421/20181204154421_camera_frontcenter_000041364.png,Car;Dashed line;Nature object;RD normal street;Sky;Solid line;Truck
20181204_154421,assets/a2d2/camera/20181204_154421/20181204154421_camera_frontcenter_000042487.png,Buildings;Car;Dashed line;Irrelevant signs;Nature object;Poles;RD normal street;Sidebars;Sky;Solid line;Traffic sign
20181204_154421,assets/a2d2/camera/20181204_154421/20181204154421_camera_frontcenter_000043427.png,Car;Curbstone;Dashed line;Nature object;RD normal street;Road blocks;Sky;Solid line;Traffic sign
20181204_154421,assets/a2d2/camera/20181204_154421/20181204154421_camera_frontcenter_000044678.png,Car;Curbstone;Dashed line;Drivable cobblestone;Nature object;Poles;RD normal street;Road blocks;Sidewalk;Sky;Solid line
20181204_154421,assets/a2d2/camera/20181204_154421/20181204154421_camera_frontcenter_000046001.png,Car;Dashed line;Nature object;RD normal street;Sidewalk;Sky;Solid line
20181204_154421,assets/a2d2/camera/20181204_154421/20181204154421_camera_frontcenter_000047172.png,Buildings;Curbstone;Dashed line;Drivable cobblestone;Irrelevant signs;Nature object;Non-drivable street;RD normal street;RD restricted area;Road blocks;Sky;Solid line;Traffic sign
20181204_154421,assets/a2d2/camera/20181204_154421/20181204154421_camera_frontcenter_000048685.png,Buildings;Car;Irrelevant signs;Nature object;Poles;RD normal street;Sidebars;Sidewalk;Sky;Solid line
20181204_154421,assets/a2d2/camera/20181204_154421/20181204154421_camera_frontcenter_000050243.png,Buildings;Car;Curbstone;Drivable cobblestone;Grid structure;Irrelevant signs;Nature object;Parking area;Poles;RD normal street;Sidewalk;Signal corpus;Sky
20181204_154421,assets/a2d2/camera/20181204_154421/20181204154421_camera_frontcenter_000051857.png,Buildings;Car;Curbstone;Drivable cobblestone;Grid structure;Irrelevant signs;Nature object;Obstacles / trash;Parking area;Pedestrian;Poles;RD normal street;Sidewalk;Signal corpus;Sky;Traffic sign
20181204_154421,assets/a2d2/camera/20181204_154421/20181204154421_camera_frontcenter_000052777.png,Buildings;Car;Curbstone;Dashed line;Drivable cobblestone;Grid structure;Irrelevant signs;Nature object;Obstacles / trash;Parking area;Poles;RD normal street;Sidewalk;Signal corpus;Sky;Slow drive area;Traffic sign
20181204_154421,assets/a2d2/camera/20181204_154421/20181204154421_camera_frontcenter_000054025.png,Buildings;Curbstone;Dashed line;Drivable cobblestone;Grid structure;Nature object;Poles;RD normal street;Sidewalk;Signal corpus;Sky;Traffic sign
20181204_154421,assets/a2d2/camera/20181204_154421/20181204154421_camera_frontcenter_000055117.png,Buildings;Curbstone;Drivable cobblestone;Grid structure;Irrelevant signs;Nature object;Obstacles / trash;Poles;RD normal street;Sidewalk;Signal corpus;Sky;Traffic sign
20181204_154421,assets/a2d2/camera/20181204_154421/20181204154421_camera_frontcenter_000055878.png,Buildings;Curbstone;Dashed line;Drivable cobblestone;Grid structure;Nature object;Poles;RD normal street;Sidewalk;Signal corpus;Sky
20181204_154421,assets/a2d2/camera/20181204_154421/20181204154421_camera_frontcenter_000057166.png,Buildings;Car;Dashed line;Nature object;Non-drivable street;Poles;RD normal street;Road blocks;Sidebars;Sky;Solid line;Traffic sign
20181204_154421,assets/a2d2/camera/20181204_154421/20181204154421_camera_frontcenter_000057683.png,Buildings;Dashed line;Nature object;Poles;RD normal street;RD restricted area;Sidebars;Sidewalk;Sky;Solid line;Traffic sign
20181204_154421,assets/a2d2/camera/20181204_154421/20181204154421_camera_frontcenter_000059098.png,Buildings;Dashed line;Nature object;RD normal street;Sidebars;Sky
20181204_154421,assets/a2d2/camera/20181204_154421/20181204154421_camera_frontcenter_000060355.png,Buildings;Dashed line;Drivable cobblestone;Grid structure;Nature object;Poles;RD normal street;Sidebars;Sky;Traffic sign
20181204_154421,assets/a2d2/camera/20181204_154421/20181204154421_camera_frontcenter_000061404.png,Buildings;Dashed line;Nature object;RD normal street;Sidebars;Sky
20181204_154421,assets/a2d2/camera/20181204_154421/20181204154421_camera_frontcenter_000062264.png,Buildings;Dashed line;Drivable cobblestone;Nature object;Poles;RD normal street;Sidebars;Sky;Traffic sign
20181204_154421,assets/a2d2/camera/20181204_154421/20181204154421_camera_frontcenter_000063697.png,Dashed line;Nature object;Obstacles / trash;Poles;RD normal street;Road blocks;Sidebars;Sky
20181204_154421,assets/a2d2/camera/20181204_154421/20181204154421_camera_frontcenter_000065006.png,Buildings;Dashed line;Grid structure;Irrelevant signs;Nature object;Obstacles / trash;Poles;RD normal street;Sidebars;Sidewalk;Sky;Traffic sign
20181204_154421,assets/a2d2/camera/20181204_154421/20181204154421_camera_frontcenter_000066916.png,Dashed line;Nature object;RD normal street;Road blocks;Sky;Solid line
20181204_154421,assets/a2d2/camera/20181204_154421/20181204154421_camera_frontcenter_000068495.png,Dashed line;Nature object;RD normal street;Sidebars;Sidewalk;Sky;Solid line
20181204_154421,assets/a2d2/camera/20181204_154421/20181204154421_camera_frontcenter_000070188.png,Buildings;Car;Irrelevant signs;Nature object;Parking area;Poles;RD normal street;RD restricted area;Road blocks;Sidewalk;Sky;Slow drive area;Solid line
20181204_154421,assets/a2d2/camera/20181204_154421/20181204154421_camera_frontcenter_000071707.png,Buildings;Dashed line;Nature object;Obstacles / trash;RD normal street;Road blocks;Sky;Solid line;Traffic sign
20181204_154421,assets/a2d2/camera/20181204_154421/20181204154421_camera_frontcenter_000073189.png,Dashed line;Grid structure;Nature object;RD normal street;Road blocks;Sky;Solid line
20181204_154421,assets/a2d2/camera/20181204_154421/20181204154421_camera_frontcenter_000074018.png,Buildings;Nature object;RD normal street;Sidebars;Sky;Solid line
20181204_154421,assets/a2d2/camera/20181204_154421/20181204154421_camera_frontcenter_000075367.png,Dashed line;Nature object;RD normal street;Sky;Solid line
20181204_154421,assets/a2d2/camera/20181204_154421/20181204154421_camera_frontcenter_000076884.png,Buildings;Nature object;Obstacles / trash;Poles;RD normal street;Sidewalk;Sky;Solid line;Truck
20181204_154421,assets/a2d2/camera/20181204_154421/20181204154421_camera_frontcenter_000078200.png,Dashed line;Nature object;Poles;RD normal street;Sky;Solid line
20181204_154421,assets/a2d2/camera/20181204_154421/20181204154421_camera_frontcenter_000079333.png,Buildings;Dashed line;Nature object;Obstacles / trash;Poles;RD normal street;Sky;Solid line
20181204_154421,assets/a2d2/camera/20181204_154421/20181204154421_camera_frontcenter_000080070.png,Dashed line;Nature object;Obstacles / trash;RD normal street;Sidebars;Sky;Solid line
20181204_154421,assets/a2d2/camera/20181204_154421/20181204154421_camera_frontcenter_000081147.png,Buildings;Car;Grid structure;Irrelevant signs;Nature object;RD normal street;RD restricted area;Road blocks;Sidewalk;Sky;Solid line;Traffic sign
20181204_154421,assets/a2d2/camera/20181204_154421/20181204154421_camera_frontcenter_000082205.png,Buildings;Car;Dashed line;Grid structure;Irrelevant signs;Nature object;Poles;RD normal street;RD restricted area;Sidebars;Sky;Solid line;Traffic sign
20181204_154421,assets/a2d2/camera/20181204_154421/20181204154421_camera_frontcenter_000083050.png,Buildings;Car;Dashed line;Grid structure;Irrelevant signs;Nature object;Poles;RD normal street;Road blocks;Sidebars;Sidewalk;Sky;Solid line;Traffic sign;Truck
20181204_154421,assets/a2d2/camera/20181204_154421/20181204154421_camera_frontcenter_000084048.png,Buildings;Car;Dashed line;Drivable cobblestone;Irrelevant signs;Nature object;Poles;RD normal street;Sidebars;Sidewalk;Sky;Solid line;Traffic sign
20181204_154421,assets/a2d2/camera/20181204_154421/20181204154421_camera_frontcenter_000085131.png,Buildings;Dashed line;Grid structure;Nature object;RD normal street;Sidebars;Sidewalk;Sky;Solid line
20181204_154421,assets/a2d2/camera/20181204_154421/20181204154421_camera_frontcenter_000086395.png,Dashed line;Nature object;RD normal street;Road blocks;Sidebars;Sidewalk;Sky;Solid line
20181204_154421,assets/a2d2/camera/20181204_154421/20181204154421_camera_frontcenter_000087294.png,Dashed line;Nature object;Obstacles / trash;RD normal street;Sidebars;Sidewalk;Sky;Solid line
20181204_154421,assets/a2d2/camera/20181204_154421/20181204154421_camera_frontcenter_000088037.png,Buildings;Car;Dashed line;Nature object;Obstacles / trash;RD normal street;Road blocks;Sky;Solid line;Traffic sign
20181204_154421,assets/a2d2/camera/20181204_154421/20181204154421_camera_frontcenter_000089480.png,Nature object;Non-drivable street;Poles;RD normal street;Road blocks;Sidewalk;Sky;Solid line
20181204_154421,assets/a2d2/camera/20181204_154421/20181204154421_camera_frontcenter_000090185.png,Buildings;Car;Grid structure;Nature object;Painted driv. instr.;RD normal street;RD restricted area;Road blocks;Sidebars;Sidewalk;Sky;Solid line
20181204_154421,assets/a2d2/camera/20181204_154421/20181204154421_camera_frontcenter_000091084.png,Nature object;RD normal street;RD restricted area;Sidewalk;Sky;Solid line;Truck
20181204_154421,assets/a2d2/camera/20181204_154421/20181204154421_camera_frontcenter_000092932.png,Car;Dashed line;Nature object;RD normal street;Sidewalk;Sky;Solid line
20181204_154421,assets/a2d2/camera/20181204_154421/20181204154421_camera_frontcenter_000094623.png,Buildings;Car;Dashed line;Nature object;RD normal street;Sky;Solid line;Truck
20181204_154421,assets/a2d2/camera/20181204_154421/20181204154421_camera_frontcenter_000095972.png,Car;Dashed line;Grid structure;Nature object;Painted driv. instr.;Poles;RD normal street;Road blocks;Sky;Solid line;Truck
20181204_154421,assets/a2d2/camera/20181204_154421/20181204154421_camera_frontcenter_000096949.png,Car;Dashed line;Nature object;RD normal street;Sidebars;Sky;Solid line;Truck
20181204_154421,assets/a2d2/camera/20181204_154421/20181204154421_camera_frontcenter_000098221.png,Car;Dashed line;Irrelevant signs;Nature object;RD normal street;Road blocks;Sidewalk;Sky;Solid line;Truck
20181204_154421,assets/a2d2/camera/20181204_154421/20181204154421_camera_frontcenter_000099182.png,Car;Dashed line;Nature object;RD normal street;Sidebars;Sidewalk;Sky;Solid line;Truck
20181204_154421,assets/a2d2/camera/20181204_154421/20181204154421_camera_frontcenter_000100235.png,Car;Dashed line;Nature object;RD normal street;Road blocks;Sky;Solid line;Truck
20181204_154421,assets/a2d2/camera/20181204_154421/20181204154421_camera_frontcenter_000101182.png,Nature object;RD normal street;Road blocks;Sky;Solid line
20181204_154421,assets/a2d2/camera/20181204_154421/20181204154421_camera_frontcenter_000102964.png,Dashed line;Nature object;RD normal street;Road blocks;Sky;Solid line
20181204_154421,assets/a2d2/camera/20181204_154421/20181204154421_camera_frontcenter_000104172.png,Dashed line;Nature object;RD normal street;Road blocks;Sidebars;Sky;Solid line
20181204_154421,assets/a2d2/camera/20181204_154421/20181204154421_camera_frontcenter_000105511.png,Buildings;Curbstone;Dashed line;Nature object;RD normal street;Road blocks;Sky;Solid line
20181204_154421,assets/a2d2/camera/20181204_154421/20181204154421_camera_frontcenter_000106584.png,Buildings;Car;Curbstone;Dashed line;Grid structure;Nature object;Poles;RD normal street;Sidewalk;Sky;Solid line;Traffic sign
20181204_154421,assets/a2d2/camera/20181204_154421/20181204154421_camera_frontcenter_000108196.png,Buildings;Car;Curbstone;Dashed line;Drivable cobblestone;Grid structure;Irrelevant signs;Nature object;Obstacles / trash;Poles;RD normal street;Road blocks;Sidewalk;Signal corpus;Sky;Solid line;Traffic sign;Traffic signal
20181204_154421,assets/a2d2/camera/20181204_154421/20181204154421_camera_frontcenter_000109156.png,Car;Dashed line;Grid structure;Irrelevant signs;Nature object;Poles;RD normal street;Road blocks;Signal corpus;Sky;Solid line;Traffic sign;Truck
20181204_154421,assets/a2d2/camera/20181204_154421/20181204154421_camera_frontcenter_000110590.png,Bicycle;Buildings;Car;Curbstone;Drivable cobblestone;Grid structure;Irrelevant signs;Nature object;Poles;RD normal street;Sidewalk;Sky;Traffic sign
20181204_154421,assets/a2d2/camera/20181204_154421/20181204154421_camera_frontcenter_000111291.png,Car;Dashed line;Nature object;RD normal street;Sidebars;Sky;Solid line
20181204_154421,assets/a2d2/camera/20181204_154421/20181204154421_camera_frontcenter_000112481.png,Dashed line;Nature object;Poles;RD normal street;Sidebars;Sky;Solid line;Traffic sign
20181204_154421,assets/a2d2/camera/20181204_154421/20181204154421_camera_frontcenter_000113856.png,Car;Dashed line;Nature object;RD normal street;Sidebars;Sky;Solid line;Truck
20181204_154421,assets/a2d2/camera/20181204_154421/20181204154421_camera_frontcenter_000115437.png,Buildings;Car;Dashed line;Nature object;Poles;RD normal street;Sidewalk;Sky;Solid line;Traffic sign;Truck
20181204_154421,assets/a2d2/camera/20181204_154421/20181204154421_camera_frontcenter_000116258.png,Buildings;Car;Drivable cobblestone;Nature object;RD normal street;Sidewalk;Sky;Solid line;Truck
20181204_170238,assets/a2d2/camera/20181204_170238/20181204170238_camera_frontcenter_000000330.png,Dashed line;Nature object;RD normal street;RD restricted area;Sidebars;Sky;Solid line;Truck
20181204_170238,assets/a2d2/camera/20181204_170238/20181204170238_camera_frontcenter_000006660.png,Buildings;Curbstone;Dashed line;Grid structure;Nature object;Poles;RD normal street;Road blocks;Sky;Solid line;Traffic sign;Truck
20181204_170238,assets/a2d2/camera/20181204_170238/20181204170238_camera_frontcenter_000010099.png,Car;Curbstone;Dashed line;Nature object;RD normal street;Sidebars;Sky;Solid line
20181204_170238,assets/a2d2/camera/20181204_170238/20181204170238_camera_frontcenter_000011623.png,Car;Dashed line;Nature object;RD normal street;Road blocks;Sky;Solid line;Truck
20181204_170238,assets/a2d2/camera/20181204_170238/20181204170238_camera_frontcenter_000013589.png,Car;Nature object;RD normal street;Sky;Solid line;Truck
20181204_170238,assets/a2d2/camera/20181204_170238/20181204170238_camera_frontcenter_000014711.png,Car;Nature object;RD normal street;Road blocks;Sidebars;Sky;Solid line;Truck
20181204_170238,assets/a2d2/camera/20181204_170238/20181204170238_camera_frontcenter_000016898.png,Nature object;RD normal street;RD restricted area;Road blocks;Sky;Solid line;Truck
20181204_170238,assets/a2d2/camera/20181204_170238/20181204170238_camera_frontcenter_000018762.png,Buildings;Car;Dashed line;Nature object;RD normal street;Sidebars;Sky;Solid line;Truck
20181204_170238,assets/a2d2/camera/20181204_170238/20181204170238_camera_frontcenter_000019733.png,Car;Dashed line;Drivable cobblestone;Nature object;Poles;RD normal street;Sidebars;Sky;Solid line;Traffic sign;Truck
20181204_170238,assets/a2d2/camera/20181204_170238/20181204170238_camera_frontcenter_000020984.png,Car;Dashed line;Nature object;RD normal street;Sidebars;Sky;Solid line;Truck
20181204_170238,assets/a2d2/camera/20181204_170238/20181204170238_camera_frontcenter_000022514.png,Car;Dashed line;Nature object;RD normal street;Road blocks;Sky;Solid line;Truck
20181204_170238,assets/a2d2/camera/20181204_170238/20181204170238_camera_frontcenter_000023811.png,Buildings;Car;Curbstone;Dashed line;Grid structure;Irrelevant signs;Nature object;Obstacles / trash;Poles;RD normal street;Road blocks;Sidewalk;Sky;Solid line;Traffic sign;Truck
20181204_170238,assets/a2d2/camera/20181204_170238/20181204170238_camera_frontcenter_000025228.png,Buildings;Car;Curbstone;Drivable cobblestone;Irrelevant signs;Nature object;Parking area;Poles;RD normal street;Sidewalk;Sky;Slow drive area;Solid line;Traffic sign;Truck
20181204_170238,assets/a2d2/camera/20181204_170238/20181204170238_camera_frontcenter_000026553.png,Buildings;Curbstone;Dashed line;Nature object;Painted driv. instr.;Poles;RD normal street;Road blocks;Sidebars;Sky;Solid line;Truck
20181204_170238,assets/a2d2/camera/20181204_170238/20181204170238_camera_frontcenter_000028270.png,Buildings;Nature object;RD normal street;RD restricted area;Road blocks;Sky;Solid line;Truck
20181204_170238,assets/a2d2/camera/20181204_170238/20181204170238_camera_frontcenter_000029682.png,Buildings;Curbstone;Dashed line;Irrelevant signs;Nature object;Poles;RD normal street;Road blocks;Sidewalk;Sky;Solid line;Traffic sign;Truck
20181204_170238,assets/a2d2/camera/20181204_170238/20181204170238_camera_frontcenter_000030892.png,Car;Dashed line;Drivable cobblestone;Nature object;Poles;RD normal street;Sidebars;Sidewalk;Sky;Solid line;Traffic guide obj.;Traffic sign
20181204_170238,assets/a2d2/camera/20181204_170238/20181204170238_camera_frontcenter_000032458.png,Dashed line;Drivable cobblestone;Nature object;Poles;RD normal street;Sidewalk;Sky;Solid line
20181204_170238,assets/a2d2/camera/20181204_170238/20181204170238_camera_frontcenter_000033817.png,Buildings;Nature object;Painted driv. instr.;RD normal street;RD restricted area;Sidewalk;Sky;Solid line;Truck
20181204_170238,assets/a2d2/camera/20181204_170238/20181204170238_camera_frontcenter_000035031.png,Curbstone;Dashed line;Irrelevant signs;Nature object;Non-drivable street;Poles;RD normal street;RD restricted area;Road blocks;Sidewalk;Sky;Solid line;Traffic sign
20181204_170238,assets/a2d2/camera/20181204_170238/20181204170238_camera_frontcenter_000036276.png,Car;Dashed line;Nature object;RD normal street;Sidewalk;Sky;Solid line
20181204_170238,assets/a2d2/camera/20181204_170238/20181204170238_camera_frontcenter_000037404.png,Buildings;Car;Irrelevant signs;Nature object;Obstacles / trash;Poles;RD normal street;Road blocks;Sidewalk;Sky;Solid line;Traffic sign
20181204_170238,assets/a2d2/camera/20181204_170238/20181204170238_camera_frontcenter_000038386.png,Dashed line;Grid structure;Irrelevant signs;Nature object;Poles;RD normal street;Road blocks;Sidebars;Sidewalk;Sky;Solid line
20181204_170238,assets/a2d2/camera/20181204_170238/20181204170238_camera_frontcenter_000039526.png,Nature object;Poles;RD normal street;RD restricted area;Road blocks;Sidebars;Sidewalk;Sky;Solid line
20181204_170238,assets/a2d2/camera/20181204_170238/20181204170238_camera_frontcenter_000041158.png,Dashed line;Nature object;Painted driv. instr.;RD normal street;Sidewalk;Sky;Solid line;Traffic sign
20181204_170238,assets/a2d2/camera/20181204_170238/20181204170238_camera_frontcenter_000043310.png,Car;Dashed line;Irrelevant signs;Nature object;RD normal street;RD restricted area;Road blocks;Sky;Solid line;Traffic sign
20181204_170238,assets/a2d2/camera/20181204_170238/20181204170238_camera_frontcenter_000045295.png,Buildings;Car;Dashed line;Nature object;Poles;RD normal street;Road blocks;Sidewalk;Sky;Solid line;Traffic sign
20181204_170238,assets/a2d2/camera/20181204_170238/20181204170238_camera_frontcenter_000046866.png,Car;Dashed line;Nature object;RD normal street;Road blocks;Sidebars;Sidewalk;Sky;Solid line;Traffic sign
20181204_170238,assets/a2d2/camera/20181204_170238/20181204170238_camera_frontcenter_000048412.png,Buildings;Car;Dashed line;Nature object;Painted driv. instr.;RD normal street;RD restricted area;Sidewalk;Sky;Solid line;Truck
20181204_170238,assets/a2d2/camera/20181204_170238/20181204170238_camera_frontcenter_000049912.png,Buildings;Car;Curbstone;Dashed line;Drivable cobblestone;Nature object;Painted driv. instr.;Poles;RD normal street;Road blocks;Sidewalk;Sky;Solid line;Traffic sign
20181204_170238,assets/a2d2/camera/20181204_170238/20181204170238_camera_frontcenter_000051349.png,Buildings;Car;Irrelevant signs;Nature object;Poles;RD normal street;RD restricted area;Sidebars;Sidewalk;Sky;Solid line
20181204_170238,assets/a2d2/camera/20181204_170238/20181204170238_camera_frontcenter_000052914.png,Buildings;Car;Curbstone;Dashed line;Drivable cobblestone;Grid structure;Nature object;Non-drivable street;Painted driv. instr.;Poles;RD normal street;RD restricted area;Road blocks;Sidewalk;Sky;Solid line;Traffic sign;Truck
20181204_170238,assets/a2d2/camera/20181204_170238/20181204170238_camera_frontcenter_000054282.png,Buildings;Car;Dashed line;Grid structure;Nature object;Poles;RD normal street;Sidebars;Sidewalk;Sky;Solid line;Truck
20181204_170238,assets/a2d2/camera/20181204_170238/20181204170238_camera_frontcenter_000056268.png,Buildings;Car;Nature object;Painted driv. instr.;RD normal street;Sky;Solid line;Traffic sign;Truck
20181204_170238,assets/a2d2/camera/20181204_170238/20181204170238_camera_frontcenter_000057542.png,Buildings;Car;Drivable cobblestone;Nature object;Obstacles / trash;Poles;RD normal street;Sidebars;Sidewalk;Sky;Traffic guide obj.
20181204_170238,assets/a2d2/camera/20181204_170238/20181204170238_camera_frontcenter_000059223.png,Buildings;Car;Curbstone;Dashed line;Drivable cobblestone;Grid structure;Irrelevant signs;Nature object;Poles;RD normal street;Sidewalk;Sky;Traffic sign
20181204_170238,assets/a2d2/camera/20181204_170238/20181204170238_camera_frontcenter_000060042.png,Buildings;Curbstone;Drivable cobblestone;Grid structure;Nature object;Poles;RD normal street;Sidewalk;Signal corpus;Sky
20181204_170238,assets/a2d2/camera/20181204_170238/20181204170238_camera_frontcenter_000062107.png,Buildings;Curbstone;Drivable cobblestone;Grid structure;Irrelevant signs;Nature object;Non-drivable street;Poles;RD normal street;RD restricted area;Sidewalk;Signal corpus;Sky;Solid line;Traffic sign
20181204_170238,assets/a2d2/camera/20181204_170238/20181204170238_camera_frontcenter_000063506.png,Buildings;Car;Curbstone;Nature object;Poles;RD normal street;Sky;Small vehicles;Solid line;Traffic sign
20181204_170238,assets/a2d2/camera/20181204_170238/20181204170238_camera_frontcenter_000064813.png,Dashed line;Nature object;RD normal street;Road blocks;Sky;Solid line
20181204_170238,assets/a2d2/camera/20181204_170238/20181204170238_camera_frontcenter_000065893.png,Buildings;Dashed line;Grid structure;Nature object;Poles;RD normal street;Road blocks;Sidebars;Sidewalk;Sky;Solid line
20181204_170238,assets/a2d2/camera/20181204_170238/20181204170238_camera_frontcenter_000067367.png,Car;Dashed line;Grid structure;Nature object;Poles;RD normal street;Sky;Solid line;Traffic sign;Truck
20181204_170238,assets/a2d2/camera/20181204_170238/20181204170238_camera_frontcenter_000069311.png,Dashed line;Grid structure;Irrelevant signs;Nature object;Painted driv. instr.;Poles;RD normal street;Sidewalk;Sky;Solid line;Traffic sign;Truck
20181204_170238,assets/a2d2/camera/20181204_170238/20181204170238_camera_frontcenter_000070505.png,Buildings;Grid structure;Nature object;Poles;RD normal street;Sidebars;Sky;Solid line;Traffic sign;Truck
20181204_170238,assets/a2d2/camera/20181204_170238/20181204170238_camera_frontcenter_000071393.png,Car;Curbstone;Dashed line;Irrelevant signs;Nature object;Obstacles / trash;Poles;RD normal street;Sidewalk;Sky;Solid line;Truck
20181204_170238,assets/a2d2/camera/20181204_170238/20181204170238_camera_frontcenter_000072736.png,Buildings;Car;Curbstone;Dashed line;Grid structure;Nature object;Non-drivable street;Obstacles / trash;RD normal street;Road blocks;Sky;Solid line;Traffic sign
20181204_170238,assets/a2d2/camera/20181204_170238/20181204170238_camera_frontcenter_000073888.png,Car;Dashed line;Grid structure;Nature object;RD normal street;Sky;Solid line
20181204_170238,assets/a2d2/camera/20181204_170238/20181204170238_camera_frontcenter_000074886.png,Car;Dashed line;Grid structure;Nature object;RD normal street;Road blocks;Sidebars;Sky;Solid line;Traffic sign
20181204_170238,assets/a2d2/camera/20181204_170238/20181204170238_camera_frontcenter_000076041.png,Car;Dashed line;Drivable cobblestone;Grid structure;Irrelevant signs;Nature object;Poles;RD normal street;RD restricted area;Sidebars;Sidewalk;Sky;Solid line;Traffic sign
20181204_170238,assets/a2d2/camera/20181204_170238/20181204170238_camera_frontcenter_000077427.png,Buildings;Car;Dashed line;Drivable cobblestone;Grid structure;Nature object;RD normal street;Sidewalk;Sky;Solid line
20181204_170238,assets/a2d2/camera/20181204_170238/20181204170238_camera_frontcenter_000078925.png,Buildings;Dashed line;Nature object;Painted driv. instr.;Poles;RD normal street;Road blocks;Sidebars;Sky;Solid line
20181204_170238,assets/a2d2/camera/20181204_170238/20181204170238_camera_frontcenter_000080117.png,Car;Dashed line;Nature object;Non-drivable street;Poles;RD normal street;Road blocks;Sky;Solid line;Traffic sign
20181204_170238,assets/a2d2/camera/20181204_170238/20181204170238_camera_frontcenter_000081477.png,Car;Curbstone;Irrelevant signs;Nature object;Non-drivable street;Poles;RD normal street;RD restricted area;Road blocks;Sidebars;Sidewalk;Sky;Solid line;Utility vehicle
20181204_170238,assets/a2d2/camera/20181204_170238/20181204170238_camera_frontcenter_000082577.png,Buildings;Car;Dashed line;Nature object;Non-drivable street;RD normal street;RD restricted area;Road blocks;Sidewalk;Sky;Solid line
20181204_170238,assets/a2d2/camera/20181204_170238/20181204170238_camera_frontcenter_000083962.png,Buildings;Car;Drivable cobblestone;Grid structure;Nature object;Non-drivable street;RD normal street;RD restricted area;Road blocks;Sidewalk;Sky;Solid line;Traffic sign
20181204_170238,assets/a2d2/camera/20181204_170238/20181204170238_camera_frontcenter_000085445.png,Car;Drivable cobblestone;Nature object;Non-drivable street;Poles;RD normal street;RD restricted area;Road blocks;Sky;Solid line
20181204_170238,assets/a2d2/camera/20181204_170238/20181204170238_camera_frontcenter_000086893.png,Car;Irrelevant signs;Nature object;Non-drivable street;RD normal street;RD restricted area;Road blocks;Sky;Solid line;Traffic sign
20181204_170238,assets/a2d2/camera/20181204_170238/20181204170238_camera_frontcenter_000087830.png,Car;Dashed line;Drivable cobblestone;Nature object;Non-drivable street;RD normal street;RD restricted area;Road blocks;Sky;Solid line;Traffic sign
20181204_170238,assets/a2d2/camera/20181204_170238/20181204170238_camera_frontcenter_000089312.png,Car;Dashed line;Grid structure;Irrelevant signs;Nature object;Non-drivable street;Painted driv. instr.;Poles;RD normal street;Road blocks;Sidebars;Sidewalk;Sky;Solid line
20181204_170238,assets/a2d2/camera/20181204_170238/20181204170238_camera_frontcenter_000090257.png,Buildings;Car;Dashed line;Nature object;RD normal street;RD restricted area;Road blocks;Sidebars;Sky;Solid line;Traffic sign;Truck
20181204_170238,assets/a2d2/camera/20181204_170238/20181204170238_camera_frontcenter_000091599.png,Car;Dashed line;Nature object;RD normal street;Road blocks;Sky;Solid line
20181204_170238,assets/a2d2/camera/20181204_170238/20181204170238_camera_frontcenter_000092922.png,Car;Curbstone;Dashed line;Nature object;RD normal street;Sky;Solid line
20181204_170238,assets/a2d2/camera/20181204_170238/20181204170238_camera_frontcenter_000094232.png,Buildings;Car;Curbstone;Dashed line;Grid structure;Nature object;RD normal street;Sidebars;Sidewalk;Sky;Solid line
20181204_170238,assets/a2d2/camera/20181204_170238/20181204170238_camera_frontcenter_000095781.png,Buildings;Car;Dashed line;Irrelevant signs;Nature object;Poles;RD normal street;Road blocks;Sidewalk;Sky;Solid line;Traffic sign
20181204_170238,assets/a2d2/camera/20181204_170238/20181204170238_camera_frontcenter_000096934.png,Car;Dashed line;Nature object;RD normal street;Road blocks;Sky;Solid line
20181204_170238,assets/a2d2/camera/20181204_170238/20181204170238_camera_frontcenter_000098506.png,Car;Dashed line;Nature object;RD normal street;Road blocks;Sky;Solid line;Truck
20181204_170238,assets/a2d2/camera/20181204_170238/20181204170238_camera_frontcenter_000100350.png,Car;Curbstone;Dashed line;Nature object;RD normal street;Sidewalk;Sky;Solid line;Truck
20181204_170238,assets/a2d2/camera/20181204_170238/20181204170238_camera_frontcenter_000101209.png,Buildings;Car;Curbstone;Dashed line;Nature object;Painted driv. instr.;RD normal street;Sidebars;Sky;Solid line;Traffic sign;Truck
20181204_170238,assets/a2d2/camera/20181204_170238/20181204170238_camera_frontcenter_000102544.png,Car;Curbstone;Dashed line;Grid structure;Nature object;RD normal street;Road blocks;Sidebars;Sky;Solid line;Truck
20181204_170238,assets/a2d2/camera/20181204_170238/20181204170238_camera_frontcenter_000103899.png,Car;Curbstone;Dashed line;Nature object;RD normal street;Sidebars;Sky;Solid line;Truck
20181204_170238,assets/a2d2/camera/20181204_170238/20181204170238_camera_frontcenter_000105427.png,Car;Dashed line;Drivable cobblestone;Nature object;RD normal street;Sidebars;Sidewalk;Sky;Solid line;Truck
20181204_170238,assets/a2d2/camera/20181204_170238/20181204170238_camera_frontcenter_000106646.png,Car;Dashed line;Irrelevant signs;Nature object;Poles;RD normal street;Sidebars;Sidewalk;Sky;Solid line;Traffic sign;Truck
20181204_170238,assets/a2d2/camera/20181204_170238/20181204170238_camera_frontcenter_000108246.png,Car;Curbstone;Dashed line;Drivable cobblestone;Grid structure;Nature object;Painted driv. instr.;Poles;RD normal street;Road blocks;Sidewalk;Sky;Solid line
20181204_170238,assets/a2d2/camera/20181204_170238/20181204170238_camera_frontcenter_000112163.png,Buildings;Curbstone;Grid structure;Nature object;Obstacles / trash;Poles;RD normal street;Sky;Solid line;Traffic sign;Truck
20181204_170238,assets/a2d2/camera/20181204_170238/20181204170238_camera_frontcenter_000114950.png,Buildings;Car;Dashed line;Irrelevant signs;Nature object;Obstacles / trash;Poles;RD normal street;Road blocks;Sidewalk;Sky;Solid line;Traffic sign;Truck
20181204_170238,assets/a2d2/camera/20181204_170238/20181204170238_camera_frontcenter_000116496.png,Buildings;Curbstone;Dashed line;Grid structure;Irrelevant signs;Nature object;RD normal street;Sky;Solid line;Truck
20181204_170238,assets/a2d2/camera/20181204_170238/20181204170238_camera_frontcenter_000118525.png,Buildings;Curbstone;Drivable cobblestone;Grid structure;Irrelevant signs;Nature object;Poles;RD normal street;Sidewalk;Sky;Traffic sign
20181204_170238,assets/a2d2/camera/20181204_170238/20181204170238_camera_frontcenter_000119723.png,Dashed line;Nature object;RD normal street;Sidebars;Sky
20181204_170238,assets/a2d2/camera/20181204_170238/20181204170238_camera_frontcenter_000120530.png,Buildings;Curbstone;Dashed line;Drivable cobblestone;Grid structure;Nature object;Non-drivable street;RD normal street;Road blocks;Sky
20181204_170238,assets/a2d2/camera/20181204_170238/20181204170238_camera_frontcenter_000121714.png,Buildings;Nature object;Obstacles / trash;RD normal street;Sidebars;Sky
20181204_170238,assets/a2d2/camera/20181204_170238/20181204170238_camera_frontcenter_000123167.png,Buildings;Nature object;RD normal street;Sky;Solid line;Truck
20181204_170238,assets/a2d2/camera/20181204_170238/20181204170238_camera_frontcenter_000124704.png,Buildings;Car;Dashed line;Grid structure;Nature object;Poles;RD normal street;Sidewalk;Sky;Solid line;Traffic sign
20181204_170238,assets/a2d2/camera/20181204_170238/20181204170238_camera_frontcenter_000126283.png,Car;Dashed line;Nature object;RD normal street;Sidebars;Sidewalk;Sky;Solid line
20181204_170238,assets/a2d2/camera/20181204_170238/20181204170238_camera_frontcenter_000127200.png,Car;Dashed line;Nature object;Painted driv. instr.;Poles;RD normal street;Sky;Solid line
20181204_170238,assets/a2d2/camera/20181204_170238/20181204170238_camera_frontcenter_000128712.png,Buildings;Car;Nature object;RD normal street;Sidebars;Sky;Solid line
20181204_170238,assets/a2d2/camera/20181204_170238/20181204170238_camera_frontcenter_000129942.png,Buildings;Car;Curbstone;Dashed line;Grid structure;Nature object;Obstacles / trash;Painted driv. instr.;Poles;RD normal street;RD restricted area;Sidebars;Sidewalk;Sky;Solid line;Traffic sign
20181204_191844,assets/a2d2/camera/20181204_191844/20181204191844_camera_frontcenter_000008764.png,Buildings;Car;Curbstone;Dashed line;Drivable cobblestone;Grid structure;Irrelevant signs;Nature object;Non-drivable street;Obstacles / trash;Pedestrian;Poles;RD normal street;RD restricted area;Sidewalk;Signal corpus;Sky;Solid line;Traffic sign;Truck;Zebra crossing
20181204_191844,assets/a2d2/camera/20181204_191844/20181204191844_camera_frontcenter_000008958.png,Buildings;Car;Curbstone;Drivable cobblestone;Grid structure;Irrelevant signs;Nature object;Non-drivable street;Obstacles / trash;Pedestrian;Poles;RD normal street;Sidewalk;Signal corpus;Sky;Traffic sign;Truck
20181204_191844,assets/a2d2/camera/20181204_191844/20181204191844_camera_frontcenter_000009109.png,Bicycle;Buildings;Car;Curbstone;Dashed line;Drivable cobblestone;Grid structure;Nature object;Non-drivable street;Poles;RD normal street;Sidewalk;Sky
20181204_191844,assets/a2d2/camera/20181204_191844/20181204191844_camera_frontcenter_000009250.png,Buildings;Car;Curbstone;Dashed line;Grid structure;Irrelevant signs;Nature object;Non-drivable street;Poles;RD normal street;Sidewalk;Signal corpus;Sky
20181204_191844,assets/a2d2/camera/20181204_191844/20181204191844_camera_frontcenter_000009384.png,Buildings;Car;Curbstone;Grid structure;Nature object;Non-drivable street;Painted driv. instr.;Pedestrian;Poles;RD normal street;RD restricted area;Sidewalk;Sky;Solid line
20181204_191844,assets/a2d2/camera/20181204_191844/20181204191844_camera_frontcenter_000009537.png,Buildings;Car;Curbstone;Dashed line;Drivable cobblestone;Grid structure;Irrelevant signs;Nature object;Non-drivable street;Poles;RD normal street;RD restricted area;Sidewalk;Signal corpus;Sky;Solid line;Traffic guide obj.;Traffic sign
20181204_191844,assets/a2d2/camera/20181204_191844/20181204191844_camera_frontcenter_000009789.png,Buildings;Car;Curbstone;Dashed line;Drivable cobblestone;Grid structure;Nature object;Non-drivable street;Painted driv. instr.;Poles;RD normal street;Road blocks;Sidewalk;Signal corpus;Sky;Solid line;Traffic sign;Truck
20181204_191844,assets/a2d2/camera/20181204_191844/20181204191844_camera_frontcenter_000010023.png,Buildings;Car;Curbstone;Dashed line;Drivable cobblestone;Grid structure;Nature object;Non-drivable street;Obstacles / trash;Painted driv. instr.;Poles;RD normal street;Road blocks;Sidewalk;Signal corpus;Sky;Solid line;Traffic sign;Traffic signal;Truck
20181204_191844,assets/a2d2/camera/20181204_191844/20181204191844_camera_frontcenter_000010171.png,Buildings;Car;Curbstone;Dashed line;Grid structure;Nature object;Non-drivable street;Obstacles / trash;Painted driv. instr.;Poles;RD normal street;Road blocks;Sidewalk;Signal corpus;Sky;Solid line;Traffic sign;Traffic signal;Truck
20181204_191844,assets/a2d2/camera/20181204_191844/20181204191844_camera_frontcenter_000010290.png,Buildings;Car;Curbstone;Dashed line;Grid structure;Nature object;Non-drivable street;Poles;RD normal street;RD restricted area;Road blocks;Signal corpus;Sky;Solid line;Traffic sign;Traffic signal;Truck
20181204_191844,assets/a2d2/camera/20181204_191844/20181204191844_camera_frontcenter_000010528.png,Buildings;Car;Curbstone;Dashed line;Grid structure;Nature object;Non-drivable street;Poles;RD normal street;Road blocks;Signal corpus;Sky;Solid line;Traffic sign;Traffic signal;Truck
20181204_191844,assets/a2d2/camera/20181204_191844/20181204191844_camera_frontcenter_000010731.png,Buildings;Car;Curbstone;Dashed line;Grid structure;Nature object;Non-drivable street;Poles;RD normal street;Road blocks;Signal corpus;Sky;Solid line;Traffic sign;Traffic signal;Truck
20181204_191844,assets/a2d2/camera/20181204_191844/20181204191844_camera_frontcenter_000010866.png,Buildings;Car;Curbstone;Dashed line;Grid structure;Nature object;Non-drivable street;Poles;RD normal street;Road blocks;Signal corpus;Sky;Solid line;Traffic sign;Traffic signal
20181204_191844,assets/a2d2/camera/20181204_191844/20181204191844_camera_frontcenter_000011045.png,Buildings;Curbstone;Dashed line;Grid structure;Nature object;Non-drivable street;Poles;RD normal street;Road blocks;Signal corpus;Sky;Solid line;Traffic sign;Traffic signal;Truck
20181204_191844,assets/a2d2/camera/20181204_191844/20181204191844_camera_frontcenter_000011213.png,Buildings;Curbstone;Dashed line;Grid structure;Nature object;Non-drivable street;Poles;RD normal street;Road blocks;Signal corpus;Sky;Solid line;Traffic sign;Traffic signal
20181204_191844,assets/a2d2/camera/20181204_191844/20181204191844_camera_frontcenter_000011386.png,Buildings;Car;Curbstone;Dashed line;Grid structure;Nature object;Non-drivable street;Poles;RD normal street;Road blocks;Signal corpus;Sky;Solid line;Traffic sign;Traffic signal
20181204_191844,assets/a2d2/camera/20181204_191844/20181204191844_camera_frontcenter_000011535.png,Buildings;Curbstone;Dashed line;Grid structure;Nature object;Non-drivable street;Poles;RD normal street;Road blocks;Signal corpus;Sky;Solid line;Traffic sign;Traffic signal
20181204_191844,assets/a2d2/camera/20181204_191844/20181204191844_camera_frontcenter_000011649.png,Buildings;Curbstone;Dashed line;Grid structure;Nature object;Non-drivable street;Poles;RD normal street;Road blocks;Signal corpus;Sky;Solid line;Traffic sign;Traffic signal
20181204_191844,assets/a2d2/camera/20181204_191844/20181204191844_camera_frontcenter_000011784.png,Buildings;Curbstone;Dashed line;Grid structure;Nature object;Non-drivable street;Poles;RD normal street;Road blocks;Signal corpus;Sky;Solid line;Traffic sign;Traffic signal
20181204_191844,assets/a2d2/camera/20181204_191844/20181204191844_camera_frontcenter_000011935.png,Buildings;Car;Curbstone;Dashed line;Grid structure;Nature object;Non-drivable street;Poles;RD normal street;Road blocks;Signal corpus;Sky;Solid line;Traffic sign;Traffic signal
20181204_191844,assets/a2d2/camera/20181204_191844/20181204191844_camera_frontcenter_000012054.png,Buildings;Car;Curbstone;Dashed line;Grid structure;Nature object;Non-drivable street;Poles;RD normal street;Road blocks;Signal corpus;Sky;Solid line;Traffic sign;Traffic signal
20181204_191844,assets/a2d2/camera/20181204_191844/20181204191844_camera_frontcenter_000012200.png,Buildings;Curbstone;Dashed line;Grid structure;Nature object;Non-drivable street;Poles;RD normal street;Road blocks;Signal corpus;Sky;Solid line;Traffic sign;Traffic signal
20181204_191844,assets/a2d2/camera/20181204_191844/20181204191844_camera_frontcenter_000012332.png,Buildings;Car;Curbstone;Dashed line;Grid structure;Nature object;Non-drivable street;Poles;RD normal street;Road blocks;Signal corpus;Sky;Solid line;Traffic sign;Traffic signal
20181204_191844,assets/a2d2/camera/20181204_191844/20181204191844_camera_frontcenter_000012478.png,Buildings;Car;Curbstone;Dashed line;Grid structure;Nature object;Non-drivable street;Poles;RD normal street;Road blocks;Signal corpus;Sky;Solid line;Traffic sign;Traffic signal
20181204_191844,assets/a2d2/camera/20181204_191844/20181204191844_camera_frontcenter_000012642.png,Buildings;Car;Curbstone;Dashed line;Grid structure;Nature object;Non-drivable street;Poles;RD normal street;Road blocks;Signal corpus;Sky;Solid line;Traffic sign;Traffic signal
20181204_191844,assets/a2d2/camera/20181204_191844/20181204191844_camera_frontcenter_000012823.png,Buildings;Car;Curbstone;Dashed line;Grid structure;Nature object;Non-drivable street;Poles;RD normal street;Road blocks;Signal corpus;Sky;Solid line;Traffic sign;Traffic signal
20181204_191844,assets/a2d2/camera/20181204_191844/20181204191844_camera_frontcenter_000013020.png,Buildings;Curbstone;Dashed line;Grid structure;Nature object;Non-drivable street;Poles;RD normal street;Road blocks;Signal corpus;Sky;Solid line;Traffic sign;Traffic signal
20181204_191844,assets/a2d2/camera/20181204_191844/20181204191844_camera_frontcenter_000013169.png,Buildings;Car;Curbstone;Dashed line;Grid structure;Nature object;Non-drivable street;Poles;RD normal street;Road blocks;Signal corpus;Sky;Solid line;Traffic sign;Traffic signal;Truck
20181204_191844,assets/a2d2/camera/20181204_191844/20181204191844_camera_frontcenter_000013315.png,Buildings;Car;Curbstone;Dashed line;Grid structure;Nature object;Non-drivable street;Poles;RD normal street;Road blocks;Signal corpus;Sky;Solid line;Traffic sign;Traffic signal;Truck
20181204_191844,assets/a2d2/camera/20181204_191844/20181204191844_camera_frontcenter_000013490.png,Buildings;Car;Curbstone;Dashed line;Grid structure;Nature object;Non-drivable street;Poles;RD normal street;Road blocks;Sidewalk;Signal corpus;Sky;Solid line;Traffic sign;Traffic signal;Truck
20181204_191844,assets/a2d2/camera/20181204_191844/20181204191844_camera_frontcenter_000013636.png,Buildings;Dashed line;Grid structure;Nature object;Non-drivable street;Obstacles / trash;Poles;RD normal street;RD restricted area;Road blocks;Sidewalk;Signal corpus;Sky;Solid line;Traffic sign
20181204_191844,assets/a2d2/camera/20181204_191844/20181204191844_camera_frontcenter_000013755.png,Buildings;Car;Curbstone;Dashed line;Grid structure;Nature object;Non-drivable street;Obstacles / trash;Poles;RD normal street;RD restricted area;Road blocks;Sidewalk;Sky;Solid line;Traffic sign
20181204_191844,assets/a2d2/camera/20181204_191844/20181204191844_camera_frontcenter_000013976.png,Buildings;Car;Curbstone;Dashed line;Grid structure;Irrelevant signs;Nature object;Non-drivable street;Obstacles / trash;Poles;RD normal street;RD restricted area;Road blocks;Sidewalk;Sky;Solid line;Traffic guide obj.;Traffic sign
20181204_191844,assets/a2d2/camera/20181204_191844/20181204191844_camera_frontcenter_000014139.png,Car;Curbstone;Dashed line;Nature object;Non-drivable street;Obstacles / trash;Painted driv. instr.;Poles;RD normal street;RD restricted area;Road blocks;Sky;Solid line;Traffic guide obj.
20181204_191844,assets/a2d2/camera/20181204_191844/20181204191844_camera_frontcenter_000014295.png,Buildings;Car;Curbstone;Dashed line;Grid structure;Irrelevant signs;Nature object;Non-drivable street;Poles;RD normal street;RD restricted area;Road blocks;Sidewalk;Signal corpus;Sky;Solid line;Traffic guide obj.;Traffic sign;Traffic signal;Truck
20181204_191844,assets/a2d2/camera/20181204_191844/20181204191844_camera_frontcenter_000014468.png,Buildings;Car;Curbstone;Dashed line;Grid structure;Nature object;Painted driv. instr.;Poles;RD normal street;Sidewalk;Sky;Solid line;Traffic guide obj.;Traffic sign
20181204_191844,assets/a2d2/camera/20181204_191844/20181204191844_camera_frontcenter_000014675.png,Buildings;Car;Grid structure;Irrelevant signs;Nature object;Obstacles / trash;Poles;RD normal street;Road blocks;Sidewalk;Sky;Solid line;Traffic guide obj.;Traffic sign;Truck
20181204_191844,assets/a2d2/camera/20181204_191844/20181204191844_camera_frontcenter_000014822.png,Buildings;Car;Grid structure;Nature object;Obstacles / trash;Poles;RD normal street;Road blocks;Sky;Solid line;Traffic guide obj.;Truck;Utility vehicle
20181204_191844,assets/a2d2/camera/20181204_191844/20181204191844_camera_frontcenter_000015021.png,Buildings;Car;Grid structure;Nature object;Non-drivable street;Obstacles / trash;Poles;RD normal street;Road blocks;Sky;Solid line;Traffic guide obj.
20181204_191844,assets/a2d2/camera/20181204_191844/20181204191844_camera_frontcenter_000015171.png,Buildings;Car;Grid structure;Nature object;Obstacles / trash;Poles;RD normal street;Road blocks;Signal corpus;Sky;Solid line;Traffic guide obj.;Truck
20181204_191844,assets/a2d2/camera/20181204_191844/20181204191844_camera_frontcenter_000015367.png,Car;Dashed line;Grid structure;Irrelevant signs;Nature object;Poles;RD normal street;Road blocks;Sidewalk;Sky;Solid line;Traffic guide obj.;Traffic sign;Truck
20181204_191844,assets/a2d2/camera/20181204_191844/20181204191844_camera_frontcenter_000015550.png,Buildings;Car;Dashed line;Irrelevant signs;Nature object;Obstacles / trash;Painted driv. instr.;Poles;RD normal street;Road blocks;Signal corpus;Sky;Solid line;Traffic guide obj.;Traffic sign;Traffic signal;Truck
20181204_191844,assets/a2d2/camera/20181204_191844/20181204191844_camera_frontcenter_000015766.png,Buildings;Car;Curbstone;Grid structure;Irrelevant signs;Nature object;Non-drivable street;Obstacles / trash;Painted driv. instr.;Poles;RD normal street;Sidewalk;Signal corpus;Sky;Solid line;Traffic sign
20181204_191844,assets/a2d2/camera/20181204_191844/20181204191844_camera_frontcenter_000015978.png,Buildings;Car;Curbstone;Dashed line;Grid structure;Nature object;Poles;RD normal street;Sidewalk;Signal corpus;Sky;Solid line
20181204_191844,assets/a2d2/camera/20181204_191844/20181204191844_camera_frontcenter_000016115.png,Buildings;Car;Curbstone;Dashed line;Grid structure;Nature object;Non-drivable street;Obstacles / trash;Painted driv. instr.;Poles;RD normal street;Sidewalk;Sky;Solid line;Truck
20181204_191844,assets/a2d2/camera/20181204_191844/20181204191844_camera_frontcenter_000016279.png,Buildings;Car;Curbstone;Dashed line;Grid structure;Nature object;Non-drivable street;Poles;RD normal street;Sidewalk;Sky;Solid line
20181204_191844,assets/a2d2/camera/20181204_191844/20181204191844_camera_frontcenter_000016412.png,Buildings;Car;Curbstone;Dashed line;Grid structure;Nature object;Non-drivable street;Painted driv. instr.;Poles;RD normal street;Road blocks;Sidewalk;Sky;Solid line
20181204_191844,assets/a2d2/camera/20181204_191844/20181204191844_camera_frontcenter_000016565.png,Buildings;Car;Dashed line;Grid structure;Irrelevant signs;Nature object;Non-drivable street;Poles;RD normal street;RD restricted area;Road blocks;Sidebars;Sidewalk;Sky;Solid line;Traffic sign;Truck
20181204_191844,assets/a2d2/camera/20181204_191844/20181204191844_camera_frontcenter_000016747.png,Buildings;Car;Dashed line;Grid structure;Irrelevant signs;Nature object;Non-drivable street;Obstacles / trash;Painted driv. instr.;Poles;RD normal street;Sidewalk;Signal corpus;Sky;Slow drive area;Solid line;Traffic guide obj.;Traffic sign;Truck
20181204_191844,assets/a2d2/camera/20181204_191844/20181204191844_camera_frontcenter_000016977.png,Buildings;Car;Dashed line;Grid structure;Irrelevant signs;Nature object;Non-drivable street;Obstacles / trash;Painted driv. instr.;Poles;RD normal street;Sidewalk;Signal corpus;Sky;Solid line;Traffic sign;Traffic signal;Truck
20181204_191844,assets/a2d2/camera/20181204_191844/20181204191844_camera_frontcenter_000017160.png,Buildings;Car;Grid structure;Irrelevant signs;Nature object;Non-drivable street;Poles;RD normal street;RD restricted area;Sidewalk;Signal corpus;Sky;Solid line;Traffic sign;Truck
20181204_191844,assets/a2d2/camera/20181204_191844/20181204191844_camera_frontcenter_000017322.png,Buildings;Car;Dashed line;Nature object;Non-drivable street;Poles;RD normal street;Sidebars;Sidewalk;Sky;Solid line;Traffic sign;Truck
20181204_191844,assets/a2d2/camera/20181204_191844/20181204191844_camera_frontcenter_000017505.png,Buildings;Car;Curbstone;Dashed line;Irrelevant signs;Nature object;Non-drivable street;Poles;RD normal street;Road blocks;Sidewalk;Sky;Solid line;Traffic sign
20181204_191844,assets/a2d2/camera/20181204_191844/20181204191844_camera_frontcenter_000017698.png,Buildings;Car;Dashed line;Irrelevant signs;Nature object;Poles;RD normal street;Road blocks;Sidewalk;Sky;Solid line;Traffic sign;Truck
20181204_191844,assets/a2d2/camera/20181204_191844/20181204191844_camera_frontcenter_000017887.png,Car;Dashed line;Irrelevant signs;Nature object;Poles;RD normal street;Road blocks;Sidebars;Sidewalk;Sky;Solid line;Traffic sign;Truck
20181204_191844,assets/a2d2/camera/20181204_191844/20181204191844_camera_frontcenter_000018066.png,Car;Dashed line;Irrelevant signs;Nature object;Poles;RD normal street;Road blocks;Sidewalk;Signal corpus;Sky;Solid line;Traffic sign;Truck
20181204_191844,assets/a2d2/camera/20181204_191844/20181204191844_camera_frontcenter_000018240.png,Buildings;Car;Dashed line;Nature object;Poles;RD normal street;Road blocks;Sidewalk;Sky;Solid line;Traffic sign;Truck
20181204_191844,assets/a2d2/camera/20181204_191844/20181204191844_camera_frontcenter_000018426.png,Buildings;Car;Dashed line;Grid structure;Nature object;Poles;RD normal street;Road blocks;Sidewalk;Signal corpus;Sky;Solid line;Traffic sign;Truck
20181204_191844,assets/a2d2/camera/20181204_191844/20181204191844_camera_frontcenter_000018564.png,Buildings;Car;Curbstone;Grid structure;Nature object;Non-drivable street;Poles;RD normal street;Road blocks;Sidewalk;Sky;Solid line;Traffic sign
20181204_191844,assets/a2d2/camera/20181204_191844/20181204191844_camera_frontcenter_000018712.png,Buildings;Car;Curbstone;Grid structure;Nature object;Non-drivable street;Poles;RD normal street;Road blocks;Sidewalk;Sky;Solid line;Truck
20181204_191844,assets/a2d2/camera/20181204_191844/20181204191844_camera_frontcenter_000018910.png,Buildings;Car;Curbstone;Grid structure;Nature object;Non-drivable street;Poles;RD normal street;Road blocks;Sidewalk;Sky;Solid line;Traffic sign
20181204_191844,assets/a2d2/camera/20181204_191844/20181204191844_camera_frontcenter_000019169.png,Buildings;Car;Curbstone;Drivable cobblestone;Grid structure;Irrelevant signs;Nature object;Non-drivable street;Poles;RD normal street;Road blocks;Sidewalk;Signal corpus;Sky;Solid line;Traffic sign
20181204_191844,assets/a2d2/camera/20181204_191844/20181204191844_camera_frontcenter_000019299.png,Buildings;Car;Curbstone;Dashed line;Drivable cobblestone;Grid structure;Irrelevant signs;Nature object;Non-drivable street;Poles;RD normal street;Road blocks;Sidewalk;Sky;Solid line;Traffic sign
20181204_191844,assets/a2d2/camera/20181204_191844/20181204191844_camera_frontcenter_000019490.png,Buildings;Car;Grid structure;Nature object;Poles;RD normal street;Road blocks;Sky;Solid line
20181204_191844,assets/a2d2/camera/20181204_191844/20181204191844_camera_frontcenter_000019669.png,Buildings;Car;Grid structure;Irrelevant signs;Nature object;Poles;RD normal street;Road blocks;Sidebars;Sidewalk;Sky;Solid line;Traffic sign
20181204_191844,assets/a2d2/camera/20181204_191844/20181204191844_camera_frontcenter_000019768.png,Buildings;Car;Dashed line;Grid structure;Irrelevant signs;Nature object;Obstacles / trash;Painted driv. instr.;Poles;RD normal street;RD restricted area;Road blocks;Sidewalk;Sky;Solid line;Traffic sign
20181204_191844,assets/a2d2/camera/20181204_191844/20181204191844_camera_frontcenter_000019915.png,Buildings;Car;Dashed line;Drivable cobblestone;Grid structure;Irrelevant signs;Nature object;Poles;RD normal street;Sidebars;Sidewalk;Sky;Solid line
20181204_191844,assets/a2d2/camera/20181204_191844/20181204191844_camera_frontcenter_000020071.png,Buildings;Car;Grid structure;Irrelevant signs;Nature object;Poles;RD normal street;RD restricted area;Sidebars;Sidewalk;Sky;Solid line;Traffic sign
20181204_191844,assets/a2d2/camera/20181204_191844/20181204191844_camera_frontcenter_000020256.png,Buildings;Car;Curbstone;Dashed line;Grid structure;Irrelevant signs;Nature object;Poles;RD normal street;Sidebars;Sidewalk;Sky;Solid line;Traffic sign
20181204_191844,assets/a2d2/camera/20181204_191844/20181204191844_camera_frontcenter_000020439.png,Buildings;Car;Curbstone;Grid structure;Irrelevant signs;Nature object;Poles;RD normal street;Sidewalk;Sky;Solid line
20181204_191844,assets/a2d2/camera/20181204_191844/20181204191844_camera_frontcenter_000020585.png,Buildings;Car;Curbstone;Grid structure;Nature object;RD normal street;Sidewalk;Sky;Solid line;Truck
20181204_191844,assets/a2d2/camera/20181204_191844/20181204191844_camera_frontcenter_000020729.png,Buildings;Car;Curbstone;Grid structure;Irrelevant signs;Nature object;Poles;RD normal street;Sidebars;Sidewalk;Sky;Slow drive area;Solid line;Truck
20181204_191844,assets/a2d2/camera/20181204_191844/20181204191844_camera_frontcenter_000020917.png,Buildings;Car;Curbstone;Grid structure;Irrelevant signs;Nature object;Obstacles / trash;Poles;RD normal street;Sidebars;Sidewalk;Sky;Slow drive area;Solid line;Traffic sign;Truck
20181204_191844,assets/a2d2/camera/20181204_191844/20181204191844_camera_frontcenter_000021104.png,Buildings;Car;Curbstone;Grid structure;Nature object;RD normal street;Sidewalk;Sky;Slow drive area;Solid line;Truck
20181204_191844,assets/a2d2/camera/20181204_191844/20181204191844_camera_frontcenter_000021235.png,Buildings;Car;Curbstone;Grid structure;Nature object;Poles;RD normal street;RD restricted area;Sidewalk;Sky;Solid line
20181204_191844,assets/a2d2/camera/20181204_191844/20181204191844_camera_frontcenter_000021435.png,Buildings;Car;Curbstone;Dashed line;Grid structure;Nature object;Non-drivable street;Poles;RD normal street;RD restricted area;Sidewalk;Sky;Solid line;Traffic sign;Truck
20181204_191844,assets/a2d2/camera/20181204_191844/20181204191844_camera_frontcenter_000021657.png,Buildings;Car;Curbstone;Dashed line;Grid structure;Irrelevant signs;Nature object;Non-drivable street;Poles;RD normal street;RD restricted area;Sidewalk;Sky;Solid line;Traffic sign;Truck
20181204_191844,assets/a2d2/camera/20181204_191844/20181204191844_camera_frontcenter_000021777.png,Buildings;Car;Curbstone;Dashed line;Grid structure;Irrelevant signs;Nature object;Non-drivable street;Poles;RD normal street;RD restricted area;Sidewalk;Sky;Solid line;Traffic sign;Truck
20181204_191844,assets/a2d2/camera/20181204_191844/20181204191844_camera_frontcenter_000022001.png,Buildings;Car;Curbstone;Dashed line;Drivable cobblestone;Grid structure;Irrelevant signs;Nature object;Non-drivable street;Poles;RD normal street;RD restricted area;Sidewalk;Sky;Solid line;Traffic sign
20181204_191844,assets/a2d2/camera/20181204_191844/20181204191844_camera_frontcenter_000022186.png,Buildings;Car;Curbstone;Dashed line;Drivable cobblestone;Grid structure;Irrelevant signs;Nature object;Non-drivable street;Obstacles / trash;Parking area;Poles;RD normal street;RD restricted area;Sidewalk;Sky;Slow drive area;Solid line;Truck
20181204_191844,assets/a2d2/camera/20181204_191844/20181204191844_camera_frontcenter_000022377.png,Buildings;Car;Curbstone;Dashed line;Drivable cobblestone;Grid structure;Nature object;Non-drivable street;Obstacles / trash;Poles;RD normal street;Sidewalk;Sky;Solid line;Traffic guide obj.;Traffic sign;Truck
20181204_191844,assets/a2d2/camera/20181204_191844/20181204191844_camera_frontcenter_000022524.png,Buildings;Car;Curbstone;Drivable cobblestone;Grid structure;Irrelevant signs;Nature object;Non-drivable street;Obstacles / trash;Parking area;Pedestrian;Poles;RD normal street;Sidewalk;Signal corpus;Sky;Solid line;Traffic guide obj.;Traffic sign;Truck
20181204_191844,assets/a2d2/camera/20181204_191844/20181204191844_camera_frontcenter_000022772.png,Buildings;Car;Drivable cobblestone;Grid structure;Irrelevant signs;Nature object;Obstacles / trash;Parking area;Pedestrian;Poles;RD normal street;Sidewalk;Sky;Truck
20181204_191844,assets/a2d2/camera/20181204_191844/20181204191844_camera_frontcenter_000022961.png,Bicycle;Buildings;Car;Curbstone;Drivable cobblestone;Grid structure;Nature object;Obstacles / trash;Parking area;Poles;RD normal street;Sidewalk;Sky;Truck
20181204_191844,assets/a2d2/camera/20181204_191844/20181204191844_camera_frontcenter_000023137.png,Bicycle;Buildings;Car;Drivable cobblestone;Grid structure;Irrelevant signs;Nature object;Obstacles / trash;Parking area;Pedestrian;Poles;RD normal street;Sidewalk;Sky
20181204_191844,assets/a2d2/camera/20181204_191844/20181204191844_camera_frontcenter_000023263.png,Buildings;Car;Drivable cobblestone;Grid structure;Irrelevant signs;Nature object;Non-drivable street;Obstacles / trash;Parking area;Poles;RD normal street;Road blocks;Sidewalk;Sky
